Workbook

Sheet README
A1: Lecture 26: Droughts I, definitions and drought indices. Companion workbook (CE524 Applied Hydroclimatology)
A3: Purpose: the hand-solved example of the lecture with live formulas. Twelve January-to-March rainfall totals (k = 3 months, SPI-3 for March) at an invented dry-season rain gauge.
A4: ALL NUMBERS ARE INVENTED for teaching. To use your own data, type over the blue cells on the sheet Data (keep 12 values, or extend the formulas).
A6: Colour code: BLUE font = input. BLACK font = formula. Green row = the year asked about in the lecture (x = 4 mm). Hover over a cell with a red corner to read a note.
A8: Sheets
A9: Data: the 12 totals x (mm).
A10: Indicators: percent of normal 100 x / x_bar_N, departure (%), IMD class, rank, cumulative probability rank/(n+1) and decile.
A11: SPI: q = (n - m)/n, x_bar, A = ln(x_bar) - mean(ln x), alpha = (1 + sqrt(1 + 4A/3))/(4A), beta = x_bar/alpha (Thom), G(x) = GAMMA.DIST(x, alpha, beta, TRUE), H = q + (1 - q) G, SPI = NORM.S.INV(H), SPI class (McKee et al. 1993).
A13: Functions used: AVERAGE, AVERAGEIF, COUNT, COUNTIF, LN, SQRT, IF, RANK, ROUNDUP, GAMMA.DIST, NORM.S.INV. Excel computes the results on opening (press F9 if cells look empty). The same numbers are printed in lecture-26-droughts-definitions-and-indices.ipynb.

Sheet Data
A1: Data: January-to-March rainfall totals x (mm), invented
A4: year i | B4: x (mm)
A5: 1 | B5: 0
A6: 2 | B6: 14
A7: 3 | B7: 38
A8: 4 | B8: 9
A9: 5 | B9: 57
A10: 6 | B10: 23
A11: 7 | B11: 4
A12: 8 | B12: 45
A13: 9 | B13: 18
A14: 10 | B14: 71
A15: 11 | B15: 29
A16: 12 | B16: 11

Sheet Indicators
A1: Simple indicators: percent of normal, departure, IMD class, decile
A2: normal x_bar_N (mean of all n totals, mm) | E2: =AVERAGE(B5:B16)
A4: year i | B4: x (mm) | C4: % of normal | D4: departure (%) | E4: IMD class | F4: rank (1 = driest) | G4: F = rank/(n+1) | H4: decile | I4: decile class
A5: =Data!A5 | B5: =Data!B5 | C5: =100*B5/$E$2 | D5: =C5-100 | E5: =IF(D5<=-99.5,"no rain",IF(D5<=-59.5,"large deficient",IF(D5<=-19.5,"deficient",IF(D5<19.5,"normal",IF(D5<59.5,"excess","large excess"))))) | F5: =RANK(B5,$B$5:$B$16,1) | G5: =F5/(COUNT($B$5:$B$16)+1) | H5: =ROUNDUP(10*G5,0) | I5: =IF(H5<=2,"much below normal",IF(H5<=4,"below normal",IF(H5<=6,"near normal",IF(H5<=8,"above normal","much above normal"))))
A6: =Data!A6 | B6: =Data!B6 | C6: =100*B6/$E$2 | D6: =C6-100 | E6: =IF(D6<=-99.5,"no rain",IF(D6<=-59.5,"large deficient",IF(D6<=-19.5,"deficient",IF(D6<19.5,"normal",IF(D6<59.5,"excess","large excess"))))) | F6: =RANK(B6,$B$5:$B$16,1) | G6: =F6/(COUNT($B$5:$B$16)+1) | H6: =ROUNDUP(10*G6,0) | I6: =IF(H6<=2,"much below normal",IF(H6<=4,"below normal",IF(H6<=6,"near normal",IF(H6<=8,"above normal","much above normal"))))
A7: =Data!A7 | B7: =Data!B7 | C7: =100*B7/$E$2 | D7: =C7-100 | E7: =IF(D7<=-99.5,"no rain",IF(D7<=-59.5,"large deficient",IF(D7<=-19.5,"deficient",IF(D7<19.5,"normal",IF(D7<59.5,"excess","large excess"))))) | F7: =RANK(B7,$B$5:$B$16,1) | G7: =F7/(COUNT($B$5:$B$16)+1) | H7: =ROUNDUP(10*G7,0) | I7: =IF(H7<=2,"much below normal",IF(H7<=4,"below normal",IF(H7<=6,"near normal",IF(H7<=8,"above normal","much above normal"))))
A8: =Data!A8 | B8: =Data!B8 | C8: =100*B8/$E$2 | D8: =C8-100 | E8: =IF(D8<=-99.5,"no rain",IF(D8<=-59.5,"large deficient",IF(D8<=-19.5,"deficient",IF(D8<19.5,"normal",IF(D8<59.5,"excess","large excess"))))) | F8: =RANK(B8,$B$5:$B$16,1) | G8: =F8/(COUNT($B$5:$B$16)+1) | H8: =ROUNDUP(10*G8,0) | I8: =IF(H8<=2,"much below normal",IF(H8<=4,"below normal",IF(H8<=6,"near normal",IF(H8<=8,"above normal","much above normal"))))
A9: =Data!A9 | B9: =Data!B9 | C9: =100*B9/$E$2 | D9: =C9-100 | E9: =IF(D9<=-99.5,"no rain",IF(D9<=-59.5,"large deficient",IF(D9<=-19.5,"deficient",IF(D9<19.5,"normal",IF(D9<59.5,"excess","large excess"))))) | F9: =RANK(B9,$B$5:$B$16,1) | G9: =F9/(COUNT($B$5:$B$16)+1) | H9: =ROUNDUP(10*G9,0) | I9: =IF(H9<=2,"much below normal",IF(H9<=4,"below normal",IF(H9<=6,"near normal",IF(H9<=8,"above normal","much above normal"))))
A10: =Data!A10 | B10: =Data!B10 | C10: =100*B10/$E$2 | D10: =C10-100 | E10: =IF(D10<=-99.5,"no rain",IF(D10<=-59.5,"large deficient",IF(D10<=-19.5,"deficient",IF(D10<19.5,"normal",IF(D10<59.5,"excess","large excess"))))) | F10: =RANK(B10,$B$5:$B$16,1) | G10: =F10/(COUNT($B$5:$B$16)+1) | H10: =ROUNDUP(10*G10,0) | I10: =IF(H10<=2,"much below normal",IF(H10<=4,"below normal",IF(H10<=6,"near normal",IF(H10<=8,"above normal","much above normal"))))
A11: =Data!A11 | B11: =Data!B11 | C11: =100*B11/$E$2 | D11: =C11-100 | E11: =IF(D11<=-99.5,"no rain",IF(D11<=-59.5,"large deficient",IF(D11<=-19.5,"deficient",IF(D11<19.5,"normal",IF(D11<59.5,"excess","large excess"))))) | F11: =RANK(B11,$B$5:$B$16,1) | G11: =F11/(COUNT($B$5:$B$16)+1) | H11: =ROUNDUP(10*G11,0) | I11: =IF(H11<=2,"much below normal",IF(H11<=4,"below normal",IF(H11<=6,"near normal",IF(H11<=8,"above normal","much above normal"))))
A12: =Data!A12 | B12: =Data!B12 | C12: =100*B12/$E$2 | D12: =C12-100 | E12: =IF(D12<=-99.5,"no rain",IF(D12<=-59.5,"large deficient",IF(D12<=-19.5,"deficient",IF(D12<19.5,"normal",IF(D12<59.5,"excess","large excess"))))) | F12: =RANK(B12,$B$5:$B$16,1) | G12: =F12/(COUNT($B$5:$B$16)+1) | H12: =ROUNDUP(10*G12,0) | I12: =IF(H12<=2,"much below normal",IF(H12<=4,"below normal",IF(H12<=6,"near normal",IF(H12<=8,"above normal","much above normal"))))
A13: =Data!A13 | B13: =Data!B13 | C13: =100*B13/$E$2 | D13: =C13-100 | E13: =IF(D13<=-99.5,"no rain",IF(D13<=-59.5,"large deficient",IF(D13<=-19.5,"deficient",IF(D13<19.5,"normal",IF(D13<59.5,"excess","large excess"))))) | F13: =RANK(B13,$B$5:$B$16,1) | G13: =F13/(COUNT($B$5:$B$16)+1) | H13: =ROUNDUP(10*G13,0) | I13: =IF(H13<=2,"much below normal",IF(H13<=4,"below normal",IF(H13<=6,"near normal",IF(H13<=8,"above normal","much above normal"))))
A14: =Data!A14 | B14: =Data!B14 | C14: =100*B14/$E$2 | D14: =C14-100 | E14: =IF(D14<=-99.5,"no rain",IF(D14<=-59.5,"large deficient",IF(D14<=-19.5,"deficient",IF(D14<19.5,"normal",IF(D14<59.5,"excess","large excess"))))) | F14: =RANK(B14,$B$5:$B$16,1) | G14: =F14/(COUNT($B$5:$B$16)+1) | H14: =ROUNDUP(10*G14,0) | I14: =IF(H14<=2,"much below normal",IF(H14<=4,"below normal",IF(H14<=6,"near normal",IF(H14<=8,"above normal","much above normal"))))
A15: =Data!A15 | B15: =Data!B15 | C15: =100*B15/$E$2 | D15: =C15-100 | E15: =IF(D15<=-99.5,"no rain",IF(D15<=-59.5,"large deficient",IF(D15<=-19.5,"deficient",IF(D15<19.5,"normal",IF(D15<59.5,"excess","large excess"))))) | F15: =RANK(B15,$B$5:$B$16,1) | G15: =F15/(COUNT($B$5:$B$16)+1) | H15: =ROUNDUP(10*G15,0) | I15: =IF(H15<=2,"much below normal",IF(H15<=4,"below normal",IF(H15<=6,"near normal",IF(H15<=8,"above normal","much above normal"))))
A16: =Data!A16 | B16: =Data!B16 | C16: =100*B16/$E$2 | D16: =C16-100 | E16: =IF(D16<=-99.5,"no rain",IF(D16<=-59.5,"large deficient",IF(D16<=-19.5,"deficient",IF(D16<19.5,"normal",IF(D16<59.5,"excess","large excess"))))) | F16: =RANK(B16,$B$5:$B$16,1) | G16: =F16/(COUNT($B$5:$B$16)+1) | H16: =ROUNDUP(10*G16,0) | I16: =IF(H16<=2,"much below normal",IF(H16<=4,"below normal",IF(H16<=6,"near normal",IF(H16<=8,"above normal","much above normal"))))

Sheet SPI
A1: SPI by hand: Thom's gamma fit, zero handling, transform to the standard normal
A4: year i | B4: x (mm) | C4: ln x (non-zero only) | D4: G(x) | E4: H(x) | F4: SPI | G4: SPI class | J4: Thom's fit | K4: value
A5: =Data!A5 | B5: =Data!B5 | C5: =IF(B5>0,LN(B5),"") | D5: =IF(B5>0,_xlfn.GAMMA.DIST(B5,$K$12,$K$13,TRUE),0) | E5: =$K$7+(1-$K$7)*D5 | F5: =_xlfn.NORM.S.INV(E5) | G5: =IF(F5<=-2,"extremely dry",IF(F5<=-1.5,"severely dry",IF(F5<=-1,"moderately dry",IF(F5<1,"near normal",IF(F5<1.5,"moderately wet",IF(F5<2,"very wet","extremely wet")))))) | J5: n (number of totals) | K5: =COUNT(B5:B16)
A6: =Data!A6 | B6: =Data!B6 | C6: =IF(B6>0,LN(B6),"") | D6: =IF(B6>0,_xlfn.GAMMA.DIST(B6,$K$12,$K$13,TRUE),0) | E6: =$K$7+(1-$K$7)*D6 | F6: =_xlfn.NORM.S.INV(E6) | G6: =IF(F6<=-2,"extremely dry",IF(F6<=-1.5,"severely dry",IF(F6<=-1,"moderately dry",IF(F6<1,"near normal",IF(F6<1.5,"moderately wet",IF(F6<2,"very wet","extremely wet")))))) | J6: m (non-zero totals) | K6: =COUNTIF(B5:B16,">0")
A7: =Data!A7 | B7: =Data!B7 | C7: =IF(B7>0,LN(B7),"") | D7: =IF(B7>0,_xlfn.GAMMA.DIST(B7,$K$12,$K$13,TRUE),0) | E7: =$K$7+(1-$K$7)*D7 | F7: =_xlfn.NORM.S.INV(E7) | G7: =IF(F7<=-2,"extremely dry",IF(F7<=-1.5,"severely dry",IF(F7<=-1,"moderately dry",IF(F7<1,"near normal",IF(F7<1.5,"moderately wet",IF(F7<2,"very wet","extremely wet")))))) | J7: q = (n - m)/n | K7: =(K5-K6)/K5
A8: =Data!A8 | B8: =Data!B8 | C8: =IF(B8>0,LN(B8),"") | D8: =IF(B8>0,_xlfn.GAMMA.DIST(B8,$K$12,$K$13,TRUE),0) | E8: =$K$7+(1-$K$7)*D8 | F8: =_xlfn.NORM.S.INV(E8) | G8: =IF(F8<=-2,"extremely dry",IF(F8<=-1.5,"severely dry",IF(F8<=-1,"moderately dry",IF(F8<1,"near normal",IF(F8<1.5,"moderately wet",IF(F8<2,"very wet","extremely wet")))))) | J8: x_bar (mean of non-zero, mm) | K8: =AVERAGEIF(B5:B16,">0")
A9: =Data!A9 | B9: =Data!B9 | C9: =IF(B9>0,LN(B9),"") | D9: =IF(B9>0,_xlfn.GAMMA.DIST(B9,$K$12,$K$13,TRUE),0) | E9: =$K$7+(1-$K$7)*D9 | F9: =_xlfn.NORM.S.INV(E9) | G9: =IF(F9<=-2,"extremely dry",IF(F9<=-1.5,"severely dry",IF(F9<=-1,"moderately dry",IF(F9<1,"near normal",IF(F9<1.5,"moderately wet",IF(F9<2,"very wet","extremely wet")))))) | J9: ln(x_bar) | K9: =LN(K8)
A10: =Data!A10 | B10: =Data!B10 | C10: =IF(B10>0,LN(B10),"") | D10: =IF(B10>0,_xlfn.GAMMA.DIST(B10,$K$12,$K$13,TRUE),0) | E10: =$K$7+(1-$K$7)*D10 | F10: =_xlfn.NORM.S.INV(E10) | G10: =IF(F10<=-2,"extremely dry",IF(F10<=-1.5,"severely dry",IF(F10<=-1,"moderately dry",IF(F10<1,"near normal",IF(F10<1.5,"moderately wet",IF(F10<2,"very wet","extremely wet")))))) | J10: mean of ln x | K10: =AVERAGE(C5:C16)
A11: =Data!A11 | B11: =Data!B11 | C11: =IF(B11>0,LN(B11),"") | D11: =IF(B11>0,_xlfn.GAMMA.DIST(B11,$K$12,$K$13,TRUE),0) | E11: =$K$7+(1-$K$7)*D11 | F11: =_xlfn.NORM.S.INV(E11) | G11: =IF(F11<=-2,"extremely dry",IF(F11<=-1.5,"severely dry",IF(F11<=-1,"moderately dry",IF(F11<1,"near normal",IF(F11<1.5,"moderately wet",IF(F11<2,"very wet","extremely wet")))))) | J11: A = ln(x_bar) - mean(ln x) | K11: =K9-K10
A12: =Data!A12 | B12: =Data!B12 | C12: =IF(B12>0,LN(B12),"") | D12: =IF(B12>0,_xlfn.GAMMA.DIST(B12,$K$12,$K$13,TRUE),0) | E12: =$K$7+(1-$K$7)*D12 | F12: =_xlfn.NORM.S.INV(E12) | G12: =IF(F12<=-2,"extremely dry",IF(F12<=-1.5,"severely dry",IF(F12<=-1,"moderately dry",IF(F12<1,"near normal",IF(F12<1.5,"moderately wet",IF(F12<2,"very wet","extremely wet")))))) | J12: alpha = (1+SQRT(1+4A/3))/(4A) | K12: =(1+SQRT(1+4*K11/3))/(4*K11)
A13: =Data!A13 | B13: =Data!B13 | C13: =IF(B13>0,LN(B13),"") | D13: =IF(B13>0,_xlfn.GAMMA.DIST(B13,$K$12,$K$13,TRUE),0) | E13: =$K$7+(1-$K$7)*D13 | F13: =_xlfn.NORM.S.INV(E13) | G13: =IF(F13<=-2,"extremely dry",IF(F13<=-1.5,"severely dry",IF(F13<=-1,"moderately dry",IF(F13<1,"near normal",IF(F13<1.5,"moderately wet",IF(F13<2,"very wet","extremely wet")))))) | J13: beta = x_bar/alpha (mm) | K13: =K8/K12
A14: =Data!A14 | B14: =Data!B14 | C14: =IF(B14>0,LN(B14),"") | D14: =IF(B14>0,_xlfn.GAMMA.DIST(B14,$K$12,$K$13,TRUE),0) | E14: =$K$7+(1-$K$7)*D14 | F14: =_xlfn.NORM.S.INV(E14) | G14: =IF(F14<=-2,"extremely dry",IF(F14<=-1.5,"severely dry",IF(F14<=-1,"moderately dry",IF(F14<1,"near normal",IF(F14<1.5,"moderately wet",IF(F14<2,"very wet","extremely wet"))))))
A15: =Data!A15 | B15: =Data!B15 | C15: =IF(B15>0,LN(B15),"") | D15: =IF(B15>0,_xlfn.GAMMA.DIST(B15,$K$12,$K$13,TRUE),0) | E15: =$K$7+(1-$K$7)*D15 | F15: =_xlfn.NORM.S.INV(E15) | G15: =IF(F15<=-2,"extremely dry",IF(F15<=-1.5,"severely dry",IF(F15<=-1,"moderately dry",IF(F15<1,"near normal",IF(F15<1.5,"moderately wet",IF(F15<2,"very wet","extremely wet"))))))
A16: =Data!A16 | B16: =Data!B16 | C16: =IF(B16>0,LN(B16),"") | D16: =IF(B16>0,_xlfn.GAMMA.DIST(B16,$K$12,$K$13,TRUE),0) | E16: =$K$7+(1-$K$7)*D16 | F16: =_xlfn.NORM.S.INV(E16) | G16: =IF(F16<=-2,"extremely dry",IF(F16<=-1.5,"severely dry",IF(F16<=-1,"moderately dry",IF(F16<1,"near normal",IF(F16<1.5,"moderately wet",IF(F16<2,"very wet","extremely wet"))))))
