Workbook

Sheet README
A1: CE524 Applied Hydroclimatology, Lecture 25 (Floods II): worked examples
A2: Follows Chow, Maidment & Mays (1988), Applied Hydrology, Chapter 12 (frequency factor method). Hand-example numbers are made up for this course.
A3: Blue = input you can change. Black = live formula. Hover over a formula cell for a note.
A5: Sheets
A6: Data : the 10-year hand-example AMS (same as Lecture 24) and the 25-year Chattooga AMS of daily mean discharge (m3/s).
A7: Gumbel : method of moments. x_bar, s, alpha = (sqrt(6)/pi) s, u = x_bar - 0.5772 alpha, K_T, x_T = x_bar + K_T s, for the hand example (Section 3) and the Chattooga (Section 5).
A8: LP3 : log-Pearson III for the Chattooga: y = log10(x), y_bar, s_y, Cs, K_T from the skew, x_T = 10^(y_bar + K_T s_y).
A9: K_T is computed exactly with GAMMA.INV (valid for Cs > 0) and with the Kite approximation quoted by Chow.
A11: Symbols: x annual maximum, n record length, T return period, K_T frequency factor, x_T T-year flood, y = log10 x, Cs skew of y.
A12: The notebook lecture-25 reproduces every number here.

Sheet Data
A1: year (hand) | B1: x (m3/s) | D1: year (Chattooga) | E1: x (m3/s)
A2: 2011 | B2: 420 | D2: 1991 | E2: 75.588
A3: 2012 | B3: 285 | D3: 1992 | E3: 129.377
A4: 2013 | B4: 540 | D4: 1993 | E4: 77.57
A5: 2014 | B5: 350 | D5: 1994 | E5: 272.06
A6: 2015 | B6: 710 | D6: 1995 | E6: 167.03
A7: 2016 | B7: 300 | D7: 1996 | E7: 178.637
A8: 2017 | B8: 465 | D8: 1997 | E8: 111.825
A9: 2018 | B9: 385 | D9: 1998 | E9: 195.906
A10: 2019 | B10: 615 | D10: 1999 | E10: 71.058
A11: 2020 | B11: 330 | D11: 2000 | E11: 57.469
D12: 2001 | E12: 35.954
D13: 2002 | E13: 96.254
D14: 2003 | E14: 126.263
D15: 2004 | E15: 523.737
D16: 2005 | E16: 163.349
D17: 2006 | E17: 63.698
D18: 2007 | E18: 95.405
D19: 2008 | E19: 62.566
D20: 2009 | E20: 200.153
D21: 2010 | E21: 105.031
D22: 2011 | E22: 125.131
D23: 2012 | E23: 74.738
... D26: 2015 | E26: 208.928

Sheet Gumbel
A1: Quantity | B1: Hand example | C1: Chattooga | D1: Formula / note
A2: n | B2: =COUNT(Data!B2:B11) | C2: =COUNT(Data!E2:E26) | D2: record length
A3: x_bar (m3/s) | B3: =AVERAGE(Data!B2:B11) | C3: =AVERAGE(Data!E2:E26) | D3: sample mean
A4: s (m3/s) | B4: =STDEV.S(Data!B2:B11) | C4: =STDEV.S(Data!E2:E26) | D4: sample standard deviation, divisor n - 1
A5: sqrt(6)/pi | B5: =SQRT(6)/PI() | C5: =SQRT(6)/PI() | D5: 0.77970
A6: alpha (m3/s) | B6: =B5*B4 | C6: =C5*C4 | D6: Gumbel scale, alpha = (sqrt(6)/pi) s
A7: u (m3/s) | B7: =B3-0.5772*B6 | C7: =C3-0.5772*C6 | D7: Gumbel location, u = x_bar - 0.5772 alpha
A9: T (years) | B9: ln[T/(T-1)] | C9: ln{ln[T/(T-1)]} | D9: K_T | E9: x_T hand (m3/s) | F9: check u + alpha y_T | G9: x_T Chattooga (m3/s)
A10: 10 | B10: =LN(A10/(A10-1)) | C10: =LN(B10) | D10: =-$B$5*(0.5772+C10) | E10: =$B$3+D10*$B$4 | F10: =$B$7-$B$6*C10 | G10: =$C$3+D10*$C$4
A11: 50 | B11: =LN(A11/(A11-1)) | C11: =LN(B11) | D11: =-$B$5*(0.5772+C11) | E11: =$B$3+D11*$B$4 | F11: =$B$7-$B$6*C11 | G11: =$C$3+D11*$C$4
A12: 100 | B12: =LN(A12/(A12-1)) | C12: =LN(B12) | D12: =-$B$5*(0.5772+C12) | E12: =$B$3+D12*$B$4 | F12: =$B$7-$B$6*C12 | G12: =$C$3+D12*$C$4

Sheet LP3
A1: year | B1: x (m3/s) | C1: y = log10 x | D1: (y - y_bar)^3 | F1: Quantity | G1: Value | H1: Formula / note
A2: =Data!D2 | B2: =Data!E2 | C2: =LOG10(B2) | D2: =(C2-$G$3)^3 | F2: n | G2: =COUNT(C2:C26) | H2: record length
A3: =Data!D3 | B3: =Data!E3 | C3: =LOG10(B3) | D3: =(C3-$G$3)^3 | F3: y_bar | G3: =AVERAGE(C2:C26) | H3: mean of the logs
A4: =Data!D4 | B4: =Data!E4 | C4: =LOG10(B4) | D4: =(C4-$G$3)^3 | F4: s_y | G4: =STDEV.S(C2:C26) | H4: standard deviation of the logs
A5: =Data!D5 | B5: =Data!E5 | C5: =LOG10(B5) | D5: =(C5-$G$3)^3 | F5: Cs | G5: =G2*SUM(D2:D26)/((G2-1)*(G2-2)*G4^3) | H5: skew coefficient of the logs, n sum(y-y_bar)^3 / [(n-1)(n-2) s_y^3]
A6: =Data!D6 | B6: =Data!E6 | C6: =LOG10(B6) | D6: =(C6-$G$3)^3 | F6: k = Cs/6 | G6: =G5/6 | H6: for the Kite approximation
A7: =Data!D7 | B7: =Data!E7 | C7: =LOG10(B7) | D7: =(C7-$G$3)^3 | F7: a = 4/Cs^2 | G7: =4/G5^2 | H7: gamma shape whose skew is Cs (exact K_T, Cs > 0)
A8: =Data!D8 | B8: =Data!E8 | C8: =LOG10(B8) | D8: =(C8-$G$3)^3
A9: =Data!D9 | B9: =Data!E9 | C9: =LOG10(B9) | D9: =(C9-$G$3)^3
A10: =Data!D10 | B10: =Data!E10 | C10: =LOG10(B10) | D10: =(C10-$G$3)^3 | F10: T (years) | G10: z = NORM.S.INV(1-1/T) | H10: K_T exact (GAMMA.INV) | I10: K_T Kite | J10: y_T = y_bar + K_T s_y | K10: x_T = 10^y_T (m3/s)
A11: =Data!D11 | B11: =Data!E11 | C11: =LOG10(B11) | D11: =(C11-$G$3)^3 | F11: 10 | G11: =NORM.S.INV(1-1/F11) | H11: =(GAMMA.INV(1-1/F11,$G$7,1)-$G$7)*$G$5/2 | I11: =G11+(G11^2-1)*$G$6+(G11^3-6*G11)*$G$6^2/3-(G11^2-1)*$G$6^3+G11*$G$6^4+$G$6^5/3 | J11: =$G$3+H11*$G$4 | K11: =10^J11
A12: =Data!D12 | B12: =Data!E12 | C12: =LOG10(B12) | D12: =(C12-$G$3)^3 | F12: 50 | G12: =NORM.S.INV(1-1/F12) | H12: =(GAMMA.INV(1-1/F12,$G$7,1)-$G$7)*$G$5/2 | I12: =G12+(G12^2-1)*$G$6+(G12^3-6*G12)*$G$6^2/3-(G12^2-1)*$G$6^3+G12*$G$6^4+$G$6^5/3 | J12: =$G$3+H12*$G$4 | K12: =10^J12
A13: =Data!D13 | B13: =Data!E13 | C13: =LOG10(B13) | D13: =(C13-$G$3)^3 | F13: 100 | G13: =NORM.S.INV(1-1/F13) | H13: =(GAMMA.INV(1-1/F13,$G$7,1)-$G$7)*$G$5/2 | I13: =G13+(G13^2-1)*$G$6+(G13^3-6*G13)*$G$6^2/3-(G13^2-1)*$G$6^3+G13*$G$6^4+$G$6^5/3 | J13: =$G$3+H13*$G$4 | K13: =10^J13
A14: =Data!D14 | B14: =Data!E14 | C14: =LOG10(B14) | D14: =(C14-$G$3)^3
A15: =Data!D15 | B15: =Data!E15 | C15: =LOG10(B15) | D15: =(C15-$G$3)^3
A16: =Data!D16 | B16: =Data!E16 | C16: =LOG10(B16) | D16: =(C16-$G$3)^3
A17: =Data!D17 | B17: =Data!E17 | C17: =LOG10(B17) | D17: =(C17-$G$3)^3
A18: =Data!D18 | B18: =Data!E18 | C18: =LOG10(B18) | D18: =(C18-$G$3)^3
A19: =Data!D19 | B19: =Data!E19 | C19: =LOG10(B19) | D19: =(C19-$G$3)^3
A20: =Data!D20 | B20: =Data!E20 | C20: =LOG10(B20) | D20: =(C20-$G$3)^3
A21: =Data!D21 | B21: =Data!E21 | C21: =LOG10(B21) | D21: =(C21-$G$3)^3
A22: =Data!D22 | B22: =Data!E22 | C22: =LOG10(B22) | D22: =(C22-$G$3)^3
A23: =Data!D23 | B23: =Data!E23 | C23: =LOG10(B23) | D23: =(C23-$G$3)^3
A24: =Data!D24 | B24: =Data!E24 | C24: =LOG10(B24) | D24: =(C24-$G$3)^3
A25: =Data!D25 | B25: =Data!E25 | C25: =LOG10(B25) | D25: =(C25-$G$3)^3
A26: =Data!D26 | B26: =Data!E26 | C26: =LOG10(B26) | D26: =(C26-$G$3)^3
