Workbook

Sheet README
A1: Lecture 17, Statistical background for downscaling: worked examples (all numbers synthetic)
A2: Symbols follow Lee and Singh (2019), Chapter 2: x_bar, s2 (Eqs. 2.36-2.37), exponential alpha (2.21), gamma alpha, beta (2.25), gamma_12 and rho (2.56-2.59), u and x (2.62, 2.66).
A3: Blue font = input you may change. Black font = formula. Hover over a bold header or label for a note on its formula.
A4: Data: January precipitation x_i for 26 years (the first 8 values are the by-hand example) and 40 seasonal temperature pairs (x_1 station, x_2 model).
A5: Exp_hand: the by-hand problem of the lecture: x_bar, s2, exponential alpha_hat and log-likelihood, gamma by moments, and four inverse-transform draws from a small linear congruential generator.
A6: Fit_26yr: histogram (n_c, delta_x, n(i), p_hat(i), f_hat(i), F_hat(i)), plotting positions i/(n+1), exponential and gamma fits for all 26 years.
A7: Bivariate: gamma_hat_12, rho_hat and the conditional normal of X_1 given X_2 = x_2.
A8: The gamma maximum-likelihood shape has no closed form (Eq. 2.43). The sheet uses the Greenwood-Durand closed-form approximation; the notebook solves Eq. 2.43 exactly and the two agree to about 1 percent.
A9: To use your own data, paste it into the blue cells of Data (the Fit_26yr ranges cover 26 values; adjust the ranges for a different length).

Sheet Data
A1: year | B1: x_i [mm] | D1: season | E1: x_2 model T [degC] | F1: x_1 station T [degC]
A2: 1991 | B2: 24 | D2: 1981 | E2: 26.68 | F2: 28.12
A3: 1992 | B3: 41 | D3: 1982 | E3: 27.76 | F3: 28.39
A4: 1993 | B4: 18 | D4: 1983 | E4: 27.47 | F4: 28.53
A5: 1994 | B5: 66 | D5: 1984 | E5: 27.16 | F5: 28.76
A6: 1995 | B6: 35 | D6: 1985 | E6: 27.25 | F6: 28.09
A7: 1996 | B7: 52 | D7: 1986 | E7: 27.27 | F7: 29.46
A8: 1997 | B8: 29 | D8: 1987 | E8: 28.34 | F8: 30.19
A9: 1998 | B9: 47 | D9: 1988 | E9: 25.93 | F9: 28.14
A10: 1999 | B10: 30.5 | D10: 1989 | E10: 26.57 | F10: 27.67
A11: 2000 | B11: 72.8 | D11: 1990 | E11: 25.81 | F11: 28.89
A12: 2001 | B12: 38 | D12: 1991 | E12: 26.91 | F12: 29.77
A13: 2002 | B13: 53.2 | D13: 1992 | E13: 26.94 | F13: 28.4
... A27: 2016 | B27: 42.4 | D27: 2006 | E27: 28.49 | F27: 29.84
D28: 2007 | E28: 27.04 | F28: 28.71
D29: 2008 | E29: 27.78 | F29: 29.28
D30: 2009 | E30: 27.04 | F30: 28.21
D31: 2010 | E31: 27.6 | F31: 29.89
D32: 2011 | E32: 27.68 | F32: 30.54
D33: 2012 | E33: 26.96 | F33: 28.49
D34: 2013 | E34: 26.93 | F34: 28.19
D35: 2014 | E35: 27.57 | F35: 28.81
D36: 2015 | E36: 27.12 | F36: 26.69
D37: 2016 | E37: 28.09 | F37: 28.77
D38: 2017 | E38: 26.03 | F38: 27.43
D39: 2018 | E39: 28.64 | F39: 29.8
... D41: 2020 | E41: 27.54 | F41: 29.89

Sheet Exp_hand
A1: By-hand example: 8 January totals, exponential and gamma fit, inverse-transform draws
A3: i | B3: x_i [mm] | C3: x_i - x_bar | D3: (x_i - x_bar)^2 | G3: n | H3: =COUNT(B4:B11)
A4: 1 | B4: =Data!B2 | C4: =B4-$H$4 | D4: =C4^2 | G4: x_bar [mm] | H4: =SUM(B4:B11)/H3
A5: 2 | B5: =Data!B3 | C5: =B5-$H$4 | D5: =C5^2 | G5: s2 [mm^2] | H5: =SUM(D4:D11)/(H3-1)
A6: 3 | B6: =Data!B4 | C6: =B6-$H$4 | D6: =C6^2 | G6: alpha_hat (exponential) | H6: =H4
A7: 4 | B7: =Data!B5 | C7: =B7-$H$4 | D7: =C7^2 | G7: LL (exponential) | H7: =-H3*LN(H6)-SUM(B4:B11)/H6
A8: 5 | B8: =Data!B6 | C8: =B8-$H$4 | D8: =C8^2 | G8: beta_hat (gamma, MOM) | H8: =H5/H4
A9: 6 | B9: =Data!B7 | C9: =B9-$H$4 | D9: =C9^2 | G9: alpha_hat (gamma, MOM) | H9: =H4/H8
A10: 7 | B10: =Data!B8 | C10: =B10-$H$4 | D10: =C10^2
A11: 8 | B11: =Data!B9 | C11: =B11-$H$4 | D11: =C11^2
G12: Linear congruential generator, Eq. 2.60
G13: a (increment) | H13: 3
G14: b (multiplier) | H14: 5
G15: M | H15: 16
G16: x_0 (seed) | H16: 7
A18: j | B18: x_j (integer) | C18: u_j | D18: x draw [mm]
A19: 0 | B19: =H16
A20: 1 | B20: =MOD($H$13+$H$14*B19,$H$15) | C20: =B20/$H$15 | D20: =-$H$6*LN(1-C20)
A21: 2 | B21: =MOD($H$13+$H$14*B20,$H$15) | C21: =B21/$H$15 | D21: =-$H$6*LN(1-C21)
A22: 3 | B22: =MOD($H$13+$H$14*B21,$H$15) | C22: =B22/$H$15 | D22: =-$H$6*LN(1-C22)
A23: 4 | B23: =MOD($H$13+$H$14*B22,$H$15) | C23: =B23/$H$15 | D23: =-$H$6*LN(1-C23)

Sheet Fit_26yr
A1: 26 January totals: exponential and gamma fits, plotting positions and histogram
A3: i | B3: x_(i) [mm] | C3: i/(n+1) | D3: F_E(x_(i)) | E3: F_G(x_(i)) | F3: ln x_i
A4: 1 | B4: =SMALL(Data!$B$2:$B$27,A4) | C4: =A4/($J$4+1) | D4: =1-EXP(-B4/$J$7) | E4: =GAMMA.DIST(B4,$J$13,$J$14,TRUE) | F4: =LN(Data!B2) | I4: n | J4: =COUNT(Data!$B$2:$B$27)
A5: 2 | B5: =SMALL(Data!$B$2:$B$27,A5) | C5: =A5/($J$4+1) | D5: =1-EXP(-B5/$J$7) | E5: =GAMMA.DIST(B5,$J$13,$J$14,TRUE) | F5: =LN(Data!B3) | I5: x_bar [mm] | J5: =SUM(Data!$B$2:$B$27)/J4
A6: 3 | B6: =SMALL(Data!$B$2:$B$27,A6) | C6: =A6/($J$4+1) | D6: =1-EXP(-B6/$J$7) | E6: =GAMMA.DIST(B6,$J$13,$J$14,TRUE) | F6: =LN(Data!B4) | I6: s2 [mm^2] | J6: =SUMPRODUCT((Data!$B$2:$B$27-J5)^2)/(J4-1)
A7: 4 | B7: =SMALL(Data!$B$2:$B$27,A7) | C7: =A7/($J$4+1) | D7: =1-EXP(-B7/$J$7) | E7: =GAMMA.DIST(B7,$J$13,$J$14,TRUE) | F7: =LN(Data!B5) | I7: alpha_hat (exponential) | J7: =J5
A8: 5 | B8: =SMALL(Data!$B$2:$B$27,A8) | C8: =A8/($J$4+1) | D8: =1-EXP(-B8/$J$7) | E8: =GAMMA.DIST(B8,$J$13,$J$14,TRUE) | F8: =LN(Data!B6) | I8: LL (exponential) | J8: =-J4*LN(J7)-SUM(Data!$B$2:$B$27)/J7
A9: 6 | B9: =SMALL(Data!$B$2:$B$27,A9) | C9: =A9/($J$4+1) | D9: =1-EXP(-B9/$J$7) | E9: =GAMMA.DIST(B9,$J$13,$J$14,TRUE) | F9: =LN(Data!B7) | I9: beta_hat (gamma, MOM) | J9: =J6/J5
A10: 7 | B10: =SMALL(Data!$B$2:$B$27,A10) | C10: =A10/($J$4+1) | D10: =1-EXP(-B10/$J$7) | E10: =GAMMA.DIST(B10,$J$13,$J$14,TRUE) | F10: =LN(Data!B8) | I10: alpha_hat (gamma, MOM) | J10: =J5/J9
A11: 8 | B11: =SMALL(Data!$B$2:$B$27,A11) | C11: =A11/($J$4+1) | D11: =1-EXP(-B11/$J$7) | E11: =GAMMA.DIST(B11,$J$13,$J$14,TRUE) | F11: =LN(Data!B9) | I11: s = ln(x_bar) - mean(ln x_i) | J11: =LN(J5)-AVERAGE(F4:F29)
A12: 9 | B12: =SMALL(Data!$B$2:$B$27,A12) | C12: =A12/($J$4+1) | D12: =1-EXP(-B12/$J$7) | E12: =GAMMA.DIST(B12,$J$13,$J$14,TRUE) | F12: =LN(Data!B10)
A13: 10 | B13: =SMALL(Data!$B$2:$B$27,A13) | C13: =A13/($J$4+1) | D13: =1-EXP(-B13/$J$7) | E13: =GAMMA.DIST(B13,$J$13,$J$14,TRUE) | F13: =LN(Data!B11) | I13: alpha_hat (gamma, MLE approx.) | J13: =(1+SQRT(1+4*J11/3))/(4*J11)
A14: 11 | B14: =SMALL(Data!$B$2:$B$27,A14) | C14: =A14/($J$4+1) | D14: =1-EXP(-B14/$J$7) | E14: =GAMMA.DIST(B14,$J$13,$J$14,TRUE) | F14: =LN(Data!B12) | I14: beta_hat (gamma, MLE) | J14: =J5/J13
A15: 12 | B15: =SMALL(Data!$B$2:$B$27,A15) | C15: =A15/($J$4+1) | D15: =1-EXP(-B15/$J$7) | E15: =GAMMA.DIST(B15,$J$13,$J$14,TRUE) | F15: =LN(Data!B13) | I15: LL (gamma, MLE approx.) | J15: =-J4*GAMMALN(J13)-J4*J13*LN(J14)+(J13-1)*SUM(F4:F29)-SUM(Data!$B$2:$B$27)/J14
A16: 13 | B16: =SMALL(Data!$B$2:$B$27,A16) | C16: =A16/($J$4+1) | D16: =1-EXP(-B16/$J$7) | E16: =GAMMA.DIST(B16,$J$13,$J$14,TRUE) | F16: =LN(Data!B14)
A17: 14 | B17: =SMALL(Data!$B$2:$B$27,A17) | C17: =A17/($J$4+1) | D17: =1-EXP(-B17/$J$7) | E17: =GAMMA.DIST(B17,$J$13,$J$14,TRUE) | F17: =LN(Data!B15)
A18: 15 | B18: =SMALL(Data!$B$2:$B$27,A18) | C18: =A18/($J$4+1) | D18: =1-EXP(-B18/$J$7) | E18: =GAMMA.DIST(B18,$J$13,$J$14,TRUE) | F18: =LN(Data!B16) | I18: Histogram (Eqs. 2.44-2.48)
A19: 16 | B19: =SMALL(Data!$B$2:$B$27,A19) | C19: =A19/($J$4+1) | D19: =1-EXP(-B19/$J$7) | E19: =GAMMA.DIST(B19,$J$13,$J$14,TRUE) | F19: =LN(Data!B17) | I19: n_c = 1 + 3.3 log10 n | J19: =ROUND(1+3.3*LOG10(J4),0)
A20: 17 | B20: =SMALL(Data!$B$2:$B$27,A20) | C20: =A20/($J$4+1) | D20: =1-EXP(-B20/$J$7) | E20: =GAMMA.DIST(B20,$J$13,$J$14,TRUE) | F20: =LN(Data!B18) | I20: x_Low [mm] | J20: 10
A21: 18 | B21: =SMALL(Data!$B$2:$B$27,A21) | C21: =A21/($J$4+1) | D21: =1-EXP(-B21/$J$7) | E21: =GAMMA.DIST(B21,$J$13,$J$14,TRUE) | F21: =LN(Data!B19) | I21: x_Up [mm] | J21: 136
A22: 19 | B22: =SMALL(Data!$B$2:$B$27,A22) | C22: =A22/($J$4+1) | D22: =1-EXP(-B22/$J$7) | E22: =GAMMA.DIST(B22,$J$13,$J$14,TRUE) | F22: =LN(Data!B20) | I22: delta_x [mm] | J22: =(J21-J20)/J19
A23: 20 | B23: =SMALL(Data!$B$2:$B$27,A23) | C23: =A23/($J$4+1) | D23: =1-EXP(-B23/$J$7) | E23: =GAMMA.DIST(B23,$J$13,$J$14,TRUE) | F23: =LN(Data!B21)
A24: 21 | B24: =SMALL(Data!$B$2:$B$27,A24) | C24: =A24/($J$4+1) | D24: =1-EXP(-B24/$J$7) | E24: =GAMMA.DIST(B24,$J$13,$J$14,TRUE) | F24: =LN(Data!B22) | I24: bin lower edge | J24: bin upper edge | K24: n(i) | L24: p_hat(i) | M24: f_hat(i) [1/mm] | N24: F_hat(i)
A25: 22 | B25: =SMALL(Data!$B$2:$B$27,A25) | C25: =A25/($J$4+1) | D25: =1-EXP(-B25/$J$7) | E25: =GAMMA.DIST(B25,$J$13,$J$14,TRUE) | F25: =LN(Data!B23) | I25: =$J$20 | J25: =I25+$J$22 | K25: =COUNTIFS(Data!$B$2:$B$27,">="&I25,Data!$B$2:$B$27,"<"&J25) | L25: =K25/$J$4 | M25: =L25/$J$22 | N25: =L25
A26: 23 | B26: =SMALL(Data!$B$2:$B$27,A26) | C26: =A26/($J$4+1) | D26: =1-EXP(-B26/$J$7) | E26: =GAMMA.DIST(B26,$J$13,$J$14,TRUE) | F26: =LN(Data!B24) | I26: =J25 | J26: =I26+$J$22 | K26: =COUNTIFS(Data!$B$2:$B$27,">="&I26,Data!$B$2:$B$27,"<"&J26) | L26: =K26/$J$4 | M26: =L26/$J$22 | N26: =N25+L26
A27: 24 | B27: =SMALL(Data!$B$2:$B$27,A27) | C27: =A27/($J$4+1) | D27: =1-EXP(-B27/$J$7) | E27: =GAMMA.DIST(B27,$J$13,$J$14,TRUE) | F27: =LN(Data!B25) | I27: =J26 | J27: =I27+$J$22 | K27: =COUNTIFS(Data!$B$2:$B$27,">="&I27,Data!$B$2:$B$27,"<"&J27) | L27: =K27/$J$4 | M27: =L27/$J$22 | N27: =N26+L27
A28: 25 | B28: =SMALL(Data!$B$2:$B$27,A28) | C28: =A28/($J$4+1) | D28: =1-EXP(-B28/$J$7) | E28: =GAMMA.DIST(B28,$J$13,$J$14,TRUE) | F28: =LN(Data!B26) | I28: =J27 | J28: =I28+$J$22 | K28: =COUNTIFS(Data!$B$2:$B$27,">="&I28,Data!$B$2:$B$27,"<"&J28) | L28: =K28/$J$4 | M28: =L28/$J$22 | N28: =N27+L28
A29: 26 | B29: =SMALL(Data!$B$2:$B$27,A29) | C29: =A29/($J$4+1) | D29: =1-EXP(-B29/$J$7) | E29: =GAMMA.DIST(B29,$J$13,$J$14,TRUE) | F29: =LN(Data!B27) | I29: =J28 | J29: =I29+$J$22 | K29: =COUNTIFS(Data!$B$2:$B$27,">="&I29,Data!$B$2:$B$27,"<"&J29) | L29: =K29/$J$4 | M29: =L29/$J$22 | N29: =N28+L29
I30: =J29 | J30: =I30+$J$22 | K30: =COUNTIFS(Data!$B$2:$B$27,">="&I30,Data!$B$2:$B$27,"<"&J30) | L30: =K30/$J$4 | M30: =L30/$J$22 | N30: =N29+L30

Sheet Bivariate
A1: Bivariate normal: X_1 (station T) given X_2 (model T), Eqs. 2.55-2.59
A3: i | B3: x_1,i | C3: x_2,i | D3: x_1,i - x_bar_1 | E3: x_2,i - x_bar_2 | F3: (x_1,i - x_bar_1)(x_2,i - x_bar_2) | G3: (x_1,i - x_bar_1)^2 | H3: (x_2,i - x_bar_2)^2 | J3: n | K3: =COUNT(B4:B43)
A4: 1 | B4: =Data!F2 | C4: =Data!E2 | D4: =B4-$K$4 | E4: =C4-$K$5 | F4: =D4*E4 | G4: =D4^2 | H4: =E4^2 | J4: x_bar_1 [degC] | K4: =SUM(B4:B43)/K3
A5: 2 | B5: =Data!F3 | C5: =Data!E3 | D5: =B5-$K$4 | E5: =C5-$K$5 | F5: =D5*E5 | G5: =D5^2 | H5: =E5^2 | J5: x_bar_2 [degC] | K5: =SUM(C4:C43)/K3
A6: 3 | B6: =Data!F4 | C6: =Data!E4 | D6: =B6-$K$4 | E6: =C6-$K$5 | F6: =D6*E6 | G6: =D6^2 | H6: =E6^2 | J6: s_1 [degC] | K6: =SQRT(SUM(G4:G43)/(K3-1))
A7: 4 | B7: =Data!F5 | C7: =Data!E5 | D7: =B7-$K$4 | E7: =C7-$K$5 | F7: =D7*E7 | G7: =D7^2 | H7: =E7^2 | J7: s_2 [degC] | K7: =SQRT(SUM(H4:H43)/(K3-1))
A8: 5 | B8: =Data!F6 | C8: =Data!E6 | D8: =B8-$K$4 | E8: =C8-$K$5 | F8: =D8*E8 | G8: =D8^2 | H8: =E8^2 | J8: gamma_hat_12 [degC^2] | K8: =SUM(F4:F43)/K3
A9: 6 | B9: =Data!F7 | C9: =Data!E7 | D9: =B9-$K$4 | E9: =C9-$K$5 | F9: =D9*E9 | G9: =D9^2 | H9: =E9^2 | J9: rho_hat_12 | K9: =SUM(F4:F43)/SQRT(SUM(G4:G43)*SUM(H4:H43))
A10: 7 | B10: =Data!F8 | C10: =Data!E8 | D10: =B10-$K$4 | E10: =C10-$K$5 | F10: =D10*E10 | G10: =D10^2 | H10: =E10^2 | J10: x_2 (given) [degC] | K10: 28.5
A11: 8 | B11: =Data!F9 | C11: =Data!E9 | D11: =B11-$K$4 | E11: =C11-$K$5 | F11: =D11*E11 | G11: =D11^2 | H11: =E11^2 | J11: E[X_1|x_2] [degC] | K11: =K4+K9*(K6/K7)*(K10-K5)
A12: 9 | B12: =Data!F10 | C12: =Data!E10 | D12: =B12-$K$4 | E12: =C12-$K$5 | F12: =D12*E12 | G12: =D12^2 | H12: =E12^2 | J12: sd[X_1|x_2] [degC] | K12: =K6*SQRT(1-K9^2)
A13: 10 | B13: =Data!F11 | C13: =Data!E11 | D13: =B13-$K$4 | E13: =C13-$K$5 | F13: =D13*E13 | G13: =D13^2 | H13: =E13^2 | J13: slope check, SLOPE() | K13: =SLOPE(B4:B43,C4:C43)
A14: 11 | B14: =Data!F12 | C14: =Data!E12 | D14: =B14-$K$4 | E14: =C14-$K$5 | F14: =D14*E14 | G14: =D14^2 | H14: =E14^2
A15: 12 | B15: =Data!F13 | C15: =Data!E13 | D15: =B15-$K$4 | E15: =C15-$K$5 | F15: =D15*E15 | G15: =D15^2 | H15: =E15^2
A16: 13 | B16: =Data!F14 | C16: =Data!E14 | D16: =B16-$K$4 | E16: =C16-$K$5 | F16: =D16*E16 | G16: =D16^2 | H16: =E16^2
A17: 14 | B17: =Data!F15 | C17: =Data!E15 | D17: =B17-$K$4 | E17: =C17-$K$5 | F17: =D17*E17 | G17: =D17^2 | H17: =E17^2
A18: 15 | B18: =Data!F16 | C18: =Data!E16 | D18: =B18-$K$4 | E18: =C18-$K$5 | F18: =D18*E18 | G18: =D18^2 | H18: =E18^2
A19: 16 | B19: =Data!F17 | C19: =Data!E17 | D19: =B19-$K$4 | E19: =C19-$K$5 | F19: =D19*E19 | G19: =D19^2 | H19: =E19^2
A20: 17 | B20: =Data!F18 | C20: =Data!E18 | D20: =B20-$K$4 | E20: =C20-$K$5 | F20: =D20*E20 | G20: =D20^2 | H20: =E20^2
A21: 18 | B21: =Data!F19 | C21: =Data!E19 | D21: =B21-$K$4 | E21: =C21-$K$5 | F21: =D21*E21 | G21: =D21^2 | H21: =E21^2
A22: 19 | B22: =Data!F20 | C22: =Data!E20 | D22: =B22-$K$4 | E22: =C22-$K$5 | F22: =D22*E22 | G22: =D22^2 | H22: =E22^2
A23: 20 | B23: =Data!F21 | C23: =Data!E21 | D23: =B23-$K$4 | E23: =C23-$K$5 | F23: =D23*E23 | G23: =D23^2 | H23: =E23^2
A24: 21 | B24: =Data!F22 | C24: =Data!E22 | D24: =B24-$K$4 | E24: =C24-$K$5 | F24: =D24*E24 | G24: =D24^2 | H24: =E24^2
A25: 22 | B25: =Data!F23 | C25: =Data!E23 | D25: =B25-$K$4 | E25: =C25-$K$5 | F25: =D25*E25 | G25: =D25^2 | H25: =E25^2
... A43: 40 | B43: =Data!F41 | C43: =Data!E41 | D43: =B43-$K$4 | E43: =C43-$K$5 | F43: =D43*E43 | G43: =D43^2 | H43: =E43^2
