Workbook

Sheet README
A1: Lecture 27: Droughts II, theory of runs and drought frequency. Companion workbook (CE524 Applied Hydroclimatology)
A3: Purpose: (1) the hand-solved theory-of-runs example of the lecture with live formulas; (2) the frequency analysis of the 20 Chattooga streamflow droughts below Q80.
A4: The 18 monthly runoff values of the hand example are INVENTED for teaching. The Chattooga event durations and severities are computed in the lecture from data/chattooga_daily.csv (monthly runoff, threshold Q80 = 43.65 mm/month) and typed here as inputs.
A6: Colour code: BLUE font = input. BLACK font = formula. Green = the largest event. Hover over a cell with a red corner to read a note.
A8: Sheets
A9: Data: threshold x0 and the hand-example series x_t (mm/month).
A10: Runs: below the threshold (1/0), deficit x0 - x_t, event number j; event table with D, S = sum of deficits, I = S/D, inter-arrival time L, m = number of events with S >= s, empirical T = N_y/m.
A11: Frequency: Chattooga events; lambda = n_e/N_y, S_bar = mean severity, empirical T = N_y/m, exponential T(s) = 1/(lambda exp(-s/S_bar)) and s_T = S_bar ln(lambda T).
A13: Functions used: IF, MAX, MATCH, COUNT, COUNTIF, SUMIF, AVERAGE, RANK, EXP, LN, INDEX. Excel computes the results on opening (press F9 if cells look empty). The same numbers are printed in lecture-27-drought-characteristics-frequency-and-management.ipynb.

Sheet Data
A1: Data: hand example (invented monthly runoff)
A2: threshold x0 (mm/month) | C2: 30
A4: month t | B4: x_t (mm)
A5: 1 | B5: 52
A6: 2 | B6: 41
A7: 3 | B7: 27
A8: 4 | B8: 22
A9: 5 | B9: 35
A10: 6 | B10: 48
A11: 7 | B11: 60
A12: 8 | B12: 33
A13: 9 | B13: 26
A14: 10 | B14: 18
A15: 11 | B15: 12
A16: 12 | B16: 21
... A22: 18 | B22: 55

Sheet Runs
A1: Theory of runs (Yevjevich 1967): events below x0
A2: x0 (mm/month) | C2: =Data!C2 | G2: N_y = record length (years) | K2: =COUNT(B5:B22)/12
A4: month t | B4: x_t (mm) | C4: below x0 (1 = yes) | D4: deficit x0 - x_t | E4: event j | G4: event j | H4: start month | I4: D (months) | J4: S (mm) | K4: I = S/D | L4: L (months) | M4: m (S >= s) | N4: T = N_y/m (yr)
A5: =Data!A5 | B5: =Data!B5 | C5: =IF(B5<$C$2,1,0) | D5: =IF(C5=1,$C$2-B5,0) | E5: =IF(C5=1,1,"") | G5: 1 | H5: =INDEX($A$5:$A$22,MATCH(G5,$E$5:$E$22,0)) | I5: =COUNTIF($E$5:$E$22,G5) | J5: =SUMIF($E$5:$E$22,G5,$D$5:$D$22) | K5: =J5/I5 | L5: =H6-H5 | M5: =COUNTIF($J$5:$J$7,">="&J5) | N5: =$K$2/M5
A6: =Data!A6 | B6: =Data!B6 | C6: =IF(B6<$C$2,1,0) | D6: =IF(C6=1,$C$2-B6,0) | E6: =IF(C6=1,IF(C5=1,E5,MAX(E$5:E5)+1),"") | G6: 2 | H6: =INDEX($A$5:$A$22,MATCH(G6,$E$5:$E$22,0)) | I6: =COUNTIF($E$5:$E$22,G6) | J6: =SUMIF($E$5:$E$22,G6,$D$5:$D$22) | K6: =J6/I6 | L6: =H7-H6 | M6: =COUNTIF($J$5:$J$7,">="&J6) | N6: =$K$2/M6
A7: =Data!A7 | B7: =Data!B7 | C7: =IF(B7<$C$2,1,0) | D7: =IF(C7=1,$C$2-B7,0) | E7: =IF(C7=1,IF(C6=1,E6,MAX(E$5:E6)+1),"") | G7: 3 | H7: =INDEX($A$5:$A$22,MATCH(G7,$E$5:$E$22,0)) | I7: =COUNTIF($E$5:$E$22,G7) | J7: =SUMIF($E$5:$E$22,G7,$D$5:$D$22) | K7: =J7/I7 | L7: (last) | M7: =COUNTIF($J$5:$J$7,">="&J7) | N7: =$K$2/M7
A8: =Data!A8 | B8: =Data!B8 | C8: =IF(B8<$C$2,1,0) | D8: =IF(C8=1,$C$2-B8,0) | E8: =IF(C8=1,IF(C7=1,E7,MAX(E$5:E7)+1),"")
A9: =Data!A9 | B9: =Data!B9 | C9: =IF(B9<$C$2,1,0) | D9: =IF(C9=1,$C$2-B9,0) | E9: =IF(C9=1,IF(C8=1,E8,MAX(E$5:E8)+1),"")
A10: =Data!A10 | B10: =Data!B10 | C10: =IF(B10<$C$2,1,0) | D10: =IF(C10=1,$C$2-B10,0) | E10: =IF(C10=1,IF(C9=1,E9,MAX(E$5:E9)+1),"") | G10: largest severity S_max | K10: =MAX(J5:J7)
A11: =Data!A11 | B11: =Data!B11 | C11: =IF(B11<$C$2,1,0) | D11: =IF(C11=1,$C$2-B11,0) | E11: =IF(C11=1,IF(C10=1,E10,MAX(E$5:E10)+1),"") | G11: event with S_max | K11: =MATCH(K10,J5:J7,0)
A12: =Data!A12 | B12: =Data!B12 | C12: =IF(B12<$C$2,1,0) | D12: =IF(C12=1,$C$2-B12,0) | E12: =IF(C12=1,IF(C11=1,E11,MAX(E$5:E11)+1),"") | G12: its D, I, T | K12: =INDEX(I5:I7,K11) | L12: =INDEX(K5:K7,K11) | M12: =INDEX(N5:N7,K11)
A13: =Data!A13 | B13: =Data!B13 | C13: =IF(B13<$C$2,1,0) | D13: =IF(C13=1,$C$2-B13,0) | E13: =IF(C13=1,IF(C12=1,E12,MAX(E$5:E12)+1),"")
A14: =Data!A14 | B14: =Data!B14 | C14: =IF(B14<$C$2,1,0) | D14: =IF(C14=1,$C$2-B14,0) | E14: =IF(C14=1,IF(C13=1,E13,MAX(E$5:E13)+1),"")
A15: =Data!A15 | B15: =Data!B15 | C15: =IF(B15<$C$2,1,0) | D15: =IF(C15=1,$C$2-B15,0) | E15: =IF(C15=1,IF(C14=1,E14,MAX(E$5:E14)+1),"")
A16: =Data!A16 | B16: =Data!B16 | C16: =IF(B16<$C$2,1,0) | D16: =IF(C16=1,$C$2-B16,0) | E16: =IF(C16=1,IF(C15=1,E15,MAX(E$5:E15)+1),"")
A17: =Data!A17 | B17: =Data!B17 | C17: =IF(B17<$C$2,1,0) | D17: =IF(C17=1,$C$2-B17,0) | E17: =IF(C17=1,IF(C16=1,E16,MAX(E$5:E16)+1),"")
A18: =Data!A18 | B18: =Data!B18 | C18: =IF(B18<$C$2,1,0) | D18: =IF(C18=1,$C$2-B18,0) | E18: =IF(C18=1,IF(C17=1,E17,MAX(E$5:E17)+1),"")
A19: =Data!A19 | B19: =Data!B19 | C19: =IF(B19<$C$2,1,0) | D19: =IF(C19=1,$C$2-B19,0) | E19: =IF(C19=1,IF(C18=1,E18,MAX(E$5:E18)+1),"")
A20: =Data!A20 | B20: =Data!B20 | C20: =IF(B20<$C$2,1,0) | D20: =IF(C20=1,$C$2-B20,0) | E20: =IF(C20=1,IF(C19=1,E19,MAX(E$5:E19)+1),"")
A21: =Data!A21 | B21: =Data!B21 | C21: =IF(B21<$C$2,1,0) | D21: =IF(C21=1,$C$2-B21,0) | E21: =IF(C21=1,IF(C20=1,E20,MAX(E$5:E20)+1),"")
A22: =Data!A22 | B22: =Data!B22 | C22: =IF(B22<$C$2,1,0) | D22: =IF(C22=1,$C$2-B22,0) | E22: =IF(C22=1,IF(C21=1,E21,MAX(E$5:E21)+1),"")

Sheet Frequency
A1: Drought frequency: Chattooga streamflow events below Q80 (1991-2015)
A2: N_y (years) | C2: 25 | E2: lambda = n_e/N_y (1/yr) | H2: =C3/C2
A3: n_e (events) | C3: =COUNT(D7:D26) | E3: S_bar = mean S (mm) | H3: =AVERAGE(D7:D26)
A6: start | B6: end | C6: D (months) | D6: S (mm) | E6: m (rank, 1 = largest) | F6: empirical T = N_y/m | G6: exponential T(s) | J6: T (years) | K6: s_T = S_bar ln(lambda T) (mm)
A7: 1993-07 | B7: 1993-11 | C7: 5 | D7: 61.902 | E7: =RANK(D7,$D$7:$D$26,0) | F7: =$C$2/E7 | G7: =1/($H$2*EXP(-D7/$H$3)) | J7: 2 | K7: =$H$3*LN($H$2*J7)
A8: 1996-07 | B8: 1996-07 | C8: 1 | D8: 0.1312 | E8: =RANK(D8,$D$7:$D$26,0) | F8: =$C$2/E8 | G8: =1/($H$2*EXP(-D8/$H$3)) | J8: 5 | K8: =$H$3*LN($H$2*J8)
A9: 1997-09 | B9: 1997-09 | C9: 1 | D9: 1.2631 | E9: =RANK(D9,$D$7:$D$26,0) | F9: =$C$2/E9 | G9: =1/($H$2*EXP(-D9/$H$3)) | J9: 10 | K9: =$H$3*LN($H$2*J9)
A10: 1998-08 | B10: 1998-11 | C10: 4 | D10: 32.1362 | E10: =RANK(D10,$D$7:$D$26,0) | F10: =$C$2/E10 | G10: =1/($H$2*EXP(-D10/$H$3)) | J10: 25 | K10: =$H$3*LN($H$2*J10)
A11: 1999-08 | B11: 1999-09 | C11: 2 | D11: 32.4029 | E11: =RANK(D11,$D$7:$D$26,0) | F11: =$C$2/E11 | G11: =1/($H$2*EXP(-D11/$H$3)) | J11: 50 | K11: =$H$3*LN($H$2*J11)
A12: 2000-06 | B12: 2000-12 | C12: 7 | D12: 105.6542 | E12: =RANK(D12,$D$7:$D$26,0) | F12: =$C$2/E12 | G12: =1/($H$2*EXP(-D12/$H$3))
A13: 2001-05 | B13: 2001-08 | C13: 4 | D13: 29.0778 | E13: =RANK(D13,$D$7:$D$26,0) | F13: =$C$2/E13 | G13: =1/($H$2*EXP(-D13/$H$3)) | J13: events with D >= 6 | K13: =COUNTIF(C7:C26,">=6")
A14: 2001-10 | B14: 2001-11 | C14: 2 | D14: 13.8436 | E14: =RANK(D14,$D$7:$D$26,0) | F14: =$C$2/E14 | G14: =1/($H$2*EXP(-D14/$H$3)) | J14: empirical T for D >= 6 (yr) | K14: =C2/K13
A15: 2002-06 | B15: 2002-08 | C15: 3 | D15: 34.5194 | E15: =RANK(D15,$D$7:$D$26,0) | F15: =$C$2/E15 | G15: =1/($H$2*EXP(-D15/$H$3))
A16: 2006-05 | B16: 2006-08 | C16: 4 | D16: 39.4425 | E16: =RANK(D16,$D$7:$D$26,0) | F16: =$C$2/E16 | G16: =1/($H$2*EXP(-D16/$H$3))
A17: 2007-05 | B17: 2007-12 | C17: 8 | D17: 128.7779 | E17: =RANK(D17,$D$7:$D$26,0) | F17: =$C$2/E17 | G17: =1/($H$2*EXP(-D17/$H$3))
A18: 2008-06 | B18: 2008-11 | C18: 6 | D18: 103.8684 | E18: =RANK(D18,$D$7:$D$26,0) | F18: =$C$2/E18 | G18: =1/($H$2*EXP(-D18/$H$3))
A19: 2009-08 | B19: 2009-08 | C19: 1 | D19: 6.2783 | E19: =RANK(D19,$D$7:$D$26,0) | F19: =$C$2/E19 | G19: =1/($H$2*EXP(-D19/$H$3))
A20: 2010-09 | B20: 2010-10 | C20: 2 | D20: 10.1335 | E20: =RANK(D20,$D$7:$D$26,0) | F20: =$C$2/E20 | G20: =1/($H$2*EXP(-D20/$H$3))
A21: 2011-08 | B21: 2011-10 | C21: 3 | D21: 52.7312 | E21: =RANK(D21,$D$7:$D$26,0) | F21: =$C$2/E21 | G21: =1/($H$2*EXP(-D21/$H$3))
A22: 2012-06 | B22: 2012-06 | C22: 1 | D22: 7.4054 | E22: =RANK(D22,$D$7:$D$26,0) | F22: =$C$2/E22 | G22: =1/($H$2*EXP(-D22/$H$3))
A23: 2012-08 | B23: 2012-08 | C23: 1 | D23: 1.8562 | E23: =RANK(D23,$D$7:$D$26,0) | F23: =$C$2/E23 | G23: =1/($H$2*EXP(-D23/$H$3))
A24: 2012-11 | B24: 2012-11 | C24: 1 | D24: 7.3142 | E24: =RANK(D24,$D$7:$D$26,0) | F24: =$C$2/E24 | G24: =1/($H$2*EXP(-D24/$H$3))
A25: 2014-09 | B25: 2014-09 | C25: 1 | D25: 5.2196 | E25: =RANK(D25,$D$7:$D$26,0) | F25: =$C$2/E25 | G25: =1/($H$2*EXP(-D25/$H$3))
A26: 2015-07 | B26: 2015-09 | C26: 3 | D26: 33.9489 | E26: =RANK(D26,$D$7:$D$26,0) | F26: =$C$2/E26 | G26: =1/($H$2*EXP(-D26/$H$3))
