Workbook

Sheet README
A1: CE524 Applied Hydroclimatology, Lecture 24 (Floods I): worked examples
A2: Follows Chow, Maidment & Mays (1988), Applied Hydrology, Chapter 12. Hand-example numbers are made up for this course.
A3: Blue = input you can change. Black = live formula. Hover over a formula cell for a note.
A5: Sheets
A6: Data : the 10-year hand-example AMS x (m3/s) and the 25-year Chattooga AMS of daily mean discharge (m3/s, 1991-2015).
A7: PlotPos : rank m (largest = 1), Weibull plotting position p = m/(n+1) and return period T = 1/p, for both series (Section 5 and 6).
A8: Risk : R = 1 - (1 - 1/T)^N for the hand example (b), (c), and the T that gives a target risk, T = 1/[1 - (1 - R)^(1/N)] (d).
A10: Symbols: x annual maximum, n record length, m rank, p exceedance probability, T return period, N design life, R risk.
A11: Chattooga discharge: Q = q_mm * 536 / 86.4 (USGS 02177000). The notebook lecture-24 reproduces every number here.

Sheet Data
A1: year (hand) | B1: x (m3/s) | D1: year (Chattooga) | E1: x (m3/s)
A2: 2011 | B2: 420 | D2: 1991 | E2: 75.588
A3: 2012 | B3: 285 | D3: 1992 | E3: 129.377
A4: 2013 | B4: 540 | D4: 1993 | E4: 77.57
A5: 2014 | B5: 350 | D5: 1994 | E5: 272.06
A6: 2015 | B6: 710 | D6: 1995 | E6: 167.03
A7: 2016 | B7: 300 | D7: 1996 | E7: 178.637
A8: 2017 | B8: 465 | D8: 1997 | E8: 111.825
A9: 2018 | B9: 385 | D9: 1998 | E9: 195.906
A10: 2019 | B10: 615 | D10: 1999 | E10: 71.058
A11: 2020 | B11: 330 | D11: 2000 | E11: 57.469
D12: 2001 | E12: 35.954
D13: 2002 | E13: 96.254
D14: 2003 | E14: 126.263
D15: 2004 | E15: 523.737
D16: 2005 | E16: 163.349
D17: 2006 | E17: 63.698
D18: 2007 | E18: 95.405
D19: 2008 | E19: 62.566
D20: 2009 | E20: 200.153
D21: 2010 | E21: 105.031
D22: 2011 | E22: 125.131
D23: 2012 | E23: 74.738
... D26: 2015 | E26: 208.928

Sheet PlotPos
A1: Hand example (Lecture 24, Section 5) | I1: Chattooga AMS (Section 6)
A2: n | B2: =COUNT(Data!$B$2:$B$11) | I2: n | J2: =COUNT(Data!$E$2:$E$26)
A4: m | B4: year | C4: x (m3/s) | D4: p = m/(n+1) | E4: T = 1/p (years) | F4: RANK check | I4: m | J4: year | K4: x (m3/s) | L4: p = m/(n+1) | M4: T = 1/p (years) | N4: RANK check
A5: 1 | B5: =INDEX(Data!$A$2:$A$11,MATCH(C5,Data!$B$2:$B$11,0)) | C5: =LARGE(Data!$B$2:$B$11,A5) | D5: =A5/($B$2+1) | E5: =1/D5 | F5: =RANK(C5,Data!$B$2:$B$11,0) | I5: 1 | J5: =INDEX(Data!$D$2:$D$26,MATCH(K5,Data!$E$2:$E$26,0)) | K5: =LARGE(Data!$E$2:$E$26,I5) | L5: =I5/($J$2+1) | M5: =1/L5 | N5: =RANK(K5,Data!$E$2:$E$26,0)
A6: 2 | B6: =INDEX(Data!$A$2:$A$11,MATCH(C6,Data!$B$2:$B$11,0)) | C6: =LARGE(Data!$B$2:$B$11,A6) | D6: =A6/($B$2+1) | E6: =1/D6 | F6: =RANK(C6,Data!$B$2:$B$11,0) | I6: 2 | J6: =INDEX(Data!$D$2:$D$26,MATCH(K6,Data!$E$2:$E$26,0)) | K6: =LARGE(Data!$E$2:$E$26,I6) | L6: =I6/($J$2+1) | M6: =1/L6 | N6: =RANK(K6,Data!$E$2:$E$26,0)
A7: 3 | B7: =INDEX(Data!$A$2:$A$11,MATCH(C7,Data!$B$2:$B$11,0)) | C7: =LARGE(Data!$B$2:$B$11,A7) | D7: =A7/($B$2+1) | E7: =1/D7 | F7: =RANK(C7,Data!$B$2:$B$11,0) | I7: 3 | J7: =INDEX(Data!$D$2:$D$26,MATCH(K7,Data!$E$2:$E$26,0)) | K7: =LARGE(Data!$E$2:$E$26,I7) | L7: =I7/($J$2+1) | M7: =1/L7 | N7: =RANK(K7,Data!$E$2:$E$26,0)
A8: 4 | B8: =INDEX(Data!$A$2:$A$11,MATCH(C8,Data!$B$2:$B$11,0)) | C8: =LARGE(Data!$B$2:$B$11,A8) | D8: =A8/($B$2+1) | E8: =1/D8 | F8: =RANK(C8,Data!$B$2:$B$11,0) | I8: 4 | J8: =INDEX(Data!$D$2:$D$26,MATCH(K8,Data!$E$2:$E$26,0)) | K8: =LARGE(Data!$E$2:$E$26,I8) | L8: =I8/($J$2+1) | M8: =1/L8 | N8: =RANK(K8,Data!$E$2:$E$26,0)
A9: 5 | B9: =INDEX(Data!$A$2:$A$11,MATCH(C9,Data!$B$2:$B$11,0)) | C9: =LARGE(Data!$B$2:$B$11,A9) | D9: =A9/($B$2+1) | E9: =1/D9 | F9: =RANK(C9,Data!$B$2:$B$11,0) | I9: 5 | J9: =INDEX(Data!$D$2:$D$26,MATCH(K9,Data!$E$2:$E$26,0)) | K9: =LARGE(Data!$E$2:$E$26,I9) | L9: =I9/($J$2+1) | M9: =1/L9 | N9: =RANK(K9,Data!$E$2:$E$26,0)
A10: 6 | B10: =INDEX(Data!$A$2:$A$11,MATCH(C10,Data!$B$2:$B$11,0)) | C10: =LARGE(Data!$B$2:$B$11,A10) | D10: =A10/($B$2+1) | E10: =1/D10 | F10: =RANK(C10,Data!$B$2:$B$11,0) | I10: 6 | J10: =INDEX(Data!$D$2:$D$26,MATCH(K10,Data!$E$2:$E$26,0)) | K10: =LARGE(Data!$E$2:$E$26,I10) | L10: =I10/($J$2+1) | M10: =1/L10 | N10: =RANK(K10,Data!$E$2:$E$26,0)
A11: 7 | B11: =INDEX(Data!$A$2:$A$11,MATCH(C11,Data!$B$2:$B$11,0)) | C11: =LARGE(Data!$B$2:$B$11,A11) | D11: =A11/($B$2+1) | E11: =1/D11 | F11: =RANK(C11,Data!$B$2:$B$11,0) | I11: 7 | J11: =INDEX(Data!$D$2:$D$26,MATCH(K11,Data!$E$2:$E$26,0)) | K11: =LARGE(Data!$E$2:$E$26,I11) | L11: =I11/($J$2+1) | M11: =1/L11 | N11: =RANK(K11,Data!$E$2:$E$26,0)
A12: 8 | B12: =INDEX(Data!$A$2:$A$11,MATCH(C12,Data!$B$2:$B$11,0)) | C12: =LARGE(Data!$B$2:$B$11,A12) | D12: =A12/($B$2+1) | E12: =1/D12 | F12: =RANK(C12,Data!$B$2:$B$11,0) | I12: 8 | J12: =INDEX(Data!$D$2:$D$26,MATCH(K12,Data!$E$2:$E$26,0)) | K12: =LARGE(Data!$E$2:$E$26,I12) | L12: =I12/($J$2+1) | M12: =1/L12 | N12: =RANK(K12,Data!$E$2:$E$26,0)
A13: 9 | B13: =INDEX(Data!$A$2:$A$11,MATCH(C13,Data!$B$2:$B$11,0)) | C13: =LARGE(Data!$B$2:$B$11,A13) | D13: =A13/($B$2+1) | E13: =1/D13 | F13: =RANK(C13,Data!$B$2:$B$11,0) | I13: 9 | J13: =INDEX(Data!$D$2:$D$26,MATCH(K13,Data!$E$2:$E$26,0)) | K13: =LARGE(Data!$E$2:$E$26,I13) | L13: =I13/($J$2+1) | M13: =1/L13 | N13: =RANK(K13,Data!$E$2:$E$26,0)
A14: 10 | B14: =INDEX(Data!$A$2:$A$11,MATCH(C14,Data!$B$2:$B$11,0)) | C14: =LARGE(Data!$B$2:$B$11,A14) | D14: =A14/($B$2+1) | E14: =1/D14 | F14: =RANK(C14,Data!$B$2:$B$11,0) | I14: 10 | J14: =INDEX(Data!$D$2:$D$26,MATCH(K14,Data!$E$2:$E$26,0)) | K14: =LARGE(Data!$E$2:$E$26,I14) | L14: =I14/($J$2+1) | M14: =1/L14 | N14: =RANK(K14,Data!$E$2:$E$26,0)
I15: 11 | J15: =INDEX(Data!$D$2:$D$26,MATCH(K15,Data!$E$2:$E$26,0)) | K15: =LARGE(Data!$E$2:$E$26,I15) | L15: =I15/($J$2+1) | M15: =1/L15 | N15: =RANK(K15,Data!$E$2:$E$26,0)
I16: 12 | J16: =INDEX(Data!$D$2:$D$26,MATCH(K16,Data!$E$2:$E$26,0)) | K16: =LARGE(Data!$E$2:$E$26,I16) | L16: =I16/($J$2+1) | M16: =1/L16 | N16: =RANK(K16,Data!$E$2:$E$26,0)
I17: 13 | J17: =INDEX(Data!$D$2:$D$26,MATCH(K17,Data!$E$2:$E$26,0)) | K17: =LARGE(Data!$E$2:$E$26,I17) | L17: =I17/($J$2+1) | M17: =1/L17 | N17: =RANK(K17,Data!$E$2:$E$26,0)
I18: 14 | J18: =INDEX(Data!$D$2:$D$26,MATCH(K18,Data!$E$2:$E$26,0)) | K18: =LARGE(Data!$E$2:$E$26,I18) | L18: =I18/($J$2+1) | M18: =1/L18 | N18: =RANK(K18,Data!$E$2:$E$26,0)
I19: 15 | J19: =INDEX(Data!$D$2:$D$26,MATCH(K19,Data!$E$2:$E$26,0)) | K19: =LARGE(Data!$E$2:$E$26,I19) | L19: =I19/($J$2+1) | M19: =1/L19 | N19: =RANK(K19,Data!$E$2:$E$26,0)
I20: 16 | J20: =INDEX(Data!$D$2:$D$26,MATCH(K20,Data!$E$2:$E$26,0)) | K20: =LARGE(Data!$E$2:$E$26,I20) | L20: =I20/($J$2+1) | M20: =1/L20 | N20: =RANK(K20,Data!$E$2:$E$26,0)
I21: 17 | J21: =INDEX(Data!$D$2:$D$26,MATCH(K21,Data!$E$2:$E$26,0)) | K21: =LARGE(Data!$E$2:$E$26,I21) | L21: =I21/($J$2+1) | M21: =1/L21 | N21: =RANK(K21,Data!$E$2:$E$26,0)
I22: 18 | J22: =INDEX(Data!$D$2:$D$26,MATCH(K22,Data!$E$2:$E$26,0)) | K22: =LARGE(Data!$E$2:$E$26,I22) | L22: =I22/($J$2+1) | M22: =1/L22 | N22: =RANK(K22,Data!$E$2:$E$26,0)
I23: 19 | J23: =INDEX(Data!$D$2:$D$26,MATCH(K23,Data!$E$2:$E$26,0)) | K23: =LARGE(Data!$E$2:$E$26,I23) | L23: =I23/($J$2+1) | M23: =1/L23 | N23: =RANK(K23,Data!$E$2:$E$26,0)
I24: 20 | J24: =INDEX(Data!$D$2:$D$26,MATCH(K24,Data!$E$2:$E$26,0)) | K24: =LARGE(Data!$E$2:$E$26,I24) | L24: =I24/($J$2+1) | M24: =1/L24 | N24: =RANK(K24,Data!$E$2:$E$26,0)
I25: 21 | J25: =INDEX(Data!$D$2:$D$26,MATCH(K25,Data!$E$2:$E$26,0)) | K25: =LARGE(Data!$E$2:$E$26,I25) | L25: =I25/($J$2+1) | M25: =1/L25 | N25: =RANK(K25,Data!$E$2:$E$26,0)
I26: 22 | J26: =INDEX(Data!$D$2:$D$26,MATCH(K26,Data!$E$2:$E$26,0)) | K26: =LARGE(Data!$E$2:$E$26,I26) | L26: =I26/($J$2+1) | M26: =1/L26 | N26: =RANK(K26,Data!$E$2:$E$26,0)
... I29: 25 | J29: =INDEX(Data!$D$2:$D$26,MATCH(K29,Data!$E$2:$E$26,0)) | K29: =LARGE(Data!$E$2:$E$26,I29) | L29: =I29/($J$2+1) | M29: =1/L29 | N29: =RANK(K29,Data!$E$2:$E$26,0)

Sheet Risk
A1: Case | B1: T (years) | C1: N (years) | D1: R = 1-(1-1/T)^N
A2: (b) 2015 flood, next 5 years | B2: =PlotPos!E5 | C2: 5 | D2: =1-(1-1/B2)^C2
A3: (c) 100-year flood, 50-year life | B3: 100 | C3: 50 | D3: =1-(1-1/B3)^C3
A5: Case | B5: target R | C5: N (years) | D5: T = 1/[1-(1-R)^(1/N)]
A6: (d) 10 % risk in 50 years | B6: 0.1 | C6: 50 | D6: =1/(1-(1-B6)^(1/C6))
A8: Risk table of Figure 4 (Section 6)
A9: T (years) | B9: N = 10 | C9: N = 25 | D9: N = 50 | E9: N = 100
A10: 10 | B10: =1-(1-1/$A10)^10 | C10: =1-(1-1/$A10)^25 | D10: =1-(1-1/$A10)^50 | E10: =1-(1-1/$A10)^100
A11: 25 | B11: =1-(1-1/$A11)^10 | C11: =1-(1-1/$A11)^25 | D11: =1-(1-1/$A11)^50 | E11: =1-(1-1/$A11)^100
A12: 50 | B12: =1-(1-1/$A12)^10 | C12: =1-(1-1/$A12)^25 | D12: =1-(1-1/$A12)^50 | E12: =1-(1-1/$A12)^100
A13: 100 | B13: =1-(1-1/$A13)^10 | C13: =1-(1-1/$A13)^25 | D13: =1-(1-1/$A13)^50 | E13: =1-(1-1/$A13)^100
A14: 500 | B14: =1-(1-1/$A14)^10 | C14: =1-(1-1/$A14)^25 | D14: =1-(1-1/$A14)^50 | E14: =1-(1-1/$A14)^100
