Workbook

Sheet README
A1: CE524 Applied Hydroclimatology, Lecture 21 (Weather generators): worked examples
A2: Follows Lee & Singh (2019), Chapter 6. All numbers are NEW synthetic numbers made for this lecture.
A3: Blue = input you can change. Black = live formula. Hover over a formula cell for a note.
A5: Sheets
A6: Data : the 20-day wet/dry record X_t and a 15-value standardised series y_t (inputs).
A7: Markov : Section 1.3 / hand example. N11, N10, N01, N00, P_T (Eq. 6.18-6.19), limiting probability P1 (Eq. 6.20), spell lengths.
A8: AR1 : the scalar case of Eqs. 6.9-6.11 with S = 1: M0, M1, phi1 = A1, B, and three simulated steps (Eq. 6.2).
A9: Simulate : 30 days of occurrence (P_T, P1) and amount (gamma alpha, beta) with fixed uniform numbers (Section 6.2.2.1).
A11: Wet day: X_t = 1. u < probability means 'wet'. The notebook reproduces every number on the Markov, AR1 and Simulate sheets.
A12: Divisor: the probability from a state is the count of transitions out of it divided by the number of days IN that state that have a following day (see the note at the end of the lecture).

Sheet Data
A1: t (day) | B1: X_t (1 = wet) | D1: t | E1: y_t
A2: 1 | B2: 1 | D2: 1 | E2: 0.36
A3: 2 | B3: 1 | D3: 2 | E3: 1.42
A4: 3 | B4: 1 | D4: 3 | E4: -0.57
A5: 4 | B5: 0 | D5: 4 | E5: 1
A6: 5 | B6: 0 | D6: 5 | E6: 0.56
A7: 6 | B7: 0 | D7: 6 | E7: -0.3
A8: 7 | B8: 1 | D8: 7 | E8: -0.82
A9: 8 | B9: 1 | D9: 8 | E9: -1.36
A10: 9 | B10: 0 | D10: 9 | E10: -0.99
A11: 10 | B11: 0 | D11: 10 | E11: 0.07
A12: 11 | B12: 0 | D12: 11 | E12: 0.51
A13: 12 | B13: 0 | D13: 12 | E13: 0.82
... A16: 15 | B16: 0 | D16: 15 | E16: 0.18
A17: 16 | B17: 1
A18: 17 | B18: 0
A19: 18 | B19: 0
A20: 19 | B20: 0
A21: 20 | B21: 0

Sheet Markov
A1: t | B1: X_t | C1: X_t-1 | D1: wet->wet | E1: wet->dry | F1: dry->wet | G1: dry->dry | I1: Quantity | J1: Value | K1: Formula / note
A2: 1 | B2: =Data!B2 | I2: N1 (wet days) | J2: =SUM(B2:B21) | K2: number of wet days
A3: 2 | B3: =Data!B3 | C3: =B2 | D3: =IF(AND(C3=1,B3=1),1,0) | E3: =IF(AND(C3=1,B3=0),1,0) | F3: =IF(AND(C3=0,B3=1),1,0) | G3: =IF(AND(C3=0,B3=0),1,0) | I3: N0 (dry days) | J3: =COUNT(B2:B21)-J2 | K3: number of dry days
A4: 3 | B4: =Data!B4 | C4: =B3 | D4: =IF(AND(C4=1,B4=1),1,0) | E4: =IF(AND(C4=1,B4=0),1,0) | F4: =IF(AND(C4=0,B4=1),1,0) | G4: =IF(AND(C4=0,B4=0),1,0) | I4: N11 | J4: =SUM(D3:D21) | K4: wet followed by wet
A5: 4 | B5: =Data!B5 | C5: =B4 | D5: =IF(AND(C5=1,B5=1),1,0) | E5: =IF(AND(C5=1,B5=0),1,0) | F5: =IF(AND(C5=0,B5=1),1,0) | G5: =IF(AND(C5=0,B5=0),1,0) | I5: N10 | J5: =SUM(E3:E21) | K5: wet followed by dry
A6: 5 | B6: =Data!B6 | C6: =B5 | D6: =IF(AND(C6=1,B6=1),1,0) | E6: =IF(AND(C6=1,B6=0),1,0) | F6: =IF(AND(C6=0,B6=1),1,0) | G6: =IF(AND(C6=0,B6=0),1,0) | I6: N01 | J6: =SUM(F3:F21) | K6: dry followed by wet
A7: 6 | B7: =Data!B7 | C7: =B6 | D7: =IF(AND(C7=1,B7=1),1,0) | E7: =IF(AND(C7=1,B7=0),1,0) | F7: =IF(AND(C7=0,B7=1),1,0) | G7: =IF(AND(C7=0,B7=0),1,0) | I7: N00 | J7: =SUM(G3:G21) | K7: dry followed by dry
A8: 7 | B8: =Data!B8 | C8: =B7 | D8: =IF(AND(C8=1,B8=1),1,0) | E8: =IF(AND(C8=1,B8=0),1,0) | F8: =IF(AND(C8=0,B8=1),1,0) | G8: =IF(AND(C8=0,B8=0),1,0) | I8: Wet days with a next day | J8: =J4+J5 | K8: N11 + N10 (equals N1 here because day 20 is dry)
A9: 8 | B9: =Data!B9 | C9: =B8 | D9: =IF(AND(C9=1,B9=1),1,0) | E9: =IF(AND(C9=1,B9=0),1,0) | F9: =IF(AND(C9=0,B9=1),1,0) | G9: =IF(AND(C9=0,B9=0),1,0) | I9: Dry days with a next day | J9: =J6+J7 | K9: N01 + N00 (equals N0 - 1 because day 20 is dry)
A10: 9 | B10: =Data!B10 | C10: =B9 | D10: =IF(AND(C10=1,B10=1),1,0) | E10: =IF(AND(C10=1,B10=0),1,0) | F10: =IF(AND(C10=0,B10=1),1,0) | G10: =IF(AND(C10=0,B10=0),1,0) | I10: P11 | J10: =J4/J8 | K10: N11 / (wet days with a next day), Eq. 6.19
A11: 10 | B11: =Data!B11 | C11: =B10 | D11: =IF(AND(C11=1,B11=1),1,0) | E11: =IF(AND(C11=1,B11=0),1,0) | F11: =IF(AND(C11=0,B11=1),1,0) | G11: =IF(AND(C11=0,B11=0),1,0) | I11: P10 | J11: =1-J10 | K11: 1 - P11
A12: 11 | B12: =Data!B12 | C12: =B11 | D12: =IF(AND(C12=1,B12=1),1,0) | E12: =IF(AND(C12=1,B12=0),1,0) | F12: =IF(AND(C12=0,B12=1),1,0) | G12: =IF(AND(C12=0,B12=0),1,0) | I12: P01 | J12: =J6/J9 | K12: N01 / (dry days with a next day), Eq. 6.19
A13: 12 | B13: =Data!B13 | C13: =B12 | D13: =IF(AND(C13=1,B13=1),1,0) | E13: =IF(AND(C13=1,B13=0),1,0) | F13: =IF(AND(C13=0,B13=1),1,0) | G13: =IF(AND(C13=0,B13=0),1,0) | I13: P00 | J13: =1-J12 | K13: 1 - P01
A14: 13 | B14: =Data!B14 | C14: =B13 | D14: =IF(AND(C14=1,B14=1),1,0) | E14: =IF(AND(C14=1,B14=0),1,0) | F14: =IF(AND(C14=0,B14=1),1,0) | G14: =IF(AND(C14=0,B14=0),1,0) | I14: P1 (limiting) | J14: =J12/(1-J10+J12) | K14: Eq. 6.20: P01/(P10+P01)
A15: 14 | B15: =Data!B15 | C15: =B14 | D15: =IF(AND(C15=1,B15=1),1,0) | E15: =IF(AND(C15=1,B15=0),1,0) | F15: =IF(AND(C15=0,B15=1),1,0) | G15: =IF(AND(C15=0,B15=0),1,0) | I15: P0 | J15: =1-J14 | K15: 1 - P1
A16: 15 | B16: =Data!B16 | C16: =B15 | D16: =IF(AND(C16=1,B16=1),1,0) | E16: =IF(AND(C16=1,B16=0),1,0) | F16: =IF(AND(C16=0,B16=1),1,0) | G16: =IF(AND(C16=0,B16=0),1,0) | I16: check: P11*P1 + P01*P0 - P1 | J16: =J10*J14+J12*J15-J14 | K16: should be 0 (P_L = P_T P_L)
A17: 16 | B17: =Data!B17 | C17: =B16 | D17: =IF(AND(C17=1,B17=1),1,0) | E17: =IF(AND(C17=1,B17=0),1,0) | F17: =IF(AND(C17=0,B17=1),1,0) | G17: =IF(AND(C17=0,B17=0),1,0) | I17: mean wet spell (days) | J17: =1/(1-J10) | K17: 1/P10 (geometric spell length)
A18: 17 | B18: =Data!B18 | C18: =B17 | D18: =IF(AND(C18=1,B18=1),1,0) | E18: =IF(AND(C18=1,B18=0),1,0) | F18: =IF(AND(C18=0,B18=1),1,0) | G18: =IF(AND(C18=0,B18=0),1,0) | I18: mean dry spell (days) | J18: =1/J12 | K18: 1/P01
A19: 18 | B19: =Data!B19 | C19: =B18 | D19: =IF(AND(C19=1,B19=1),1,0) | E19: =IF(AND(C19=1,B19=0),1,0) | F19: =IF(AND(C19=0,B19=1),1,0) | G19: =IF(AND(C19=0,B19=0),1,0) | I19: N1/n (empirical wet fraction) | J19: =J2/COUNT(B2:B21) | K19: compare with P1
A20: 19 | B20: =Data!B20 | C20: =B19 | D20: =IF(AND(C20=1,B20=1),1,0) | E20: =IF(AND(C20=1,B20=0),1,0) | F20: =IF(AND(C20=0,B20=1),1,0) | G20: =IF(AND(C20=0,B20=0),1,0) | I20: gamma = P11 - P01 | J20: =J10-J12 | K20: Eq. 6.25 lag-one autocorrelation
A21: 20 | B21: =Data!B21 | C21: =B20 | D21: =IF(AND(C21=1,B21=1),1,0) | E21: =IF(AND(C21=1,B21=0),1,0) | F21: =IF(AND(C21=0,B21=1),1,0) | G21: =IF(AND(C21=0,B21=0),1,0)

Sheet AR1
A1: t | B1: y_t | C1: y_t-1 | D1: y_t * y_t-1 | E1: y_t^2 | G1: Quantity | H1: Value | I1: Formula / note
G2: n - 1 | H2: =COUNT(B3:B16) | I2: number of lag-one pairs
A3: 2 | B3: =Data!E3 | C3: =Data!E2 | D3: =B3*C3 | E3: =B3^2 | G3: M0 | H3: =SUM(E3:E16)/H2 | I3: Eq. 6.11 with S = 1
A4: 3 | B4: =Data!E4 | C4: =Data!E3 | D4: =B4*C4 | E4: =B4^2 | G4: M1 | H4: =SUM(D3:D16)/H2 | I4: Eq. 6.11 with S = 1
A5: 4 | B5: =Data!E5 | C5: =Data!E4 | D5: =B5*C5 | E5: =B5^2 | G5: phi1 = A1 | H5: =H4/H3 | I5: Eq. 6.9 with S = 1 (A1 = M1 M0^-1)
A6: 5 | B6: =Data!E6 | C6: =Data!E5 | D6: =B6*C6 | E6: =B6^2 | G6: B^2 = D | H6: =H3-H5*H4 | I6: Eq. 6.10 with S = 1 (B B^T = M0 - A1 M1^T)
A7: 6 | B7: =Data!E7 | C7: =Data!E6 | D7: =B7*C7 | E7: =B7^2 | G7: B | H7: =SQRT(H6) | I7: Eq. 6.13 with S = 1 (b11 = sqrt(d11))
A8: 7 | B8: =Data!E8 | C8: =Data!E7 | D8: =B8*C8 | E8: =B8^2
A9: 8 | B9: =Data!E9 | C9: =Data!E8 | D9: =B9*C9 | E9: =B9^2
A10: 9 | B10: =Data!E10 | C10: =Data!E9 | D10: =B10*C10 | E10: =B10^2 | G10: Simulation (Eq. 6.2 form Y_t = A1 Y_t-1 + B E_t) | H10: E_t (input) | I10: Y_t
A11: 10 | B11: =Data!E11 | C11: =Data!E10 | D11: =B11*C11 | E11: =B11^2 | G11: t = 1 (Y_0 = 0) | H11: -1.3 | I11: =$H$7*H11
A12: 11 | B12: =Data!E12 | C12: =Data!E11 | D12: =B12*C12 | E12: =B12^2 | G12: t = 2 | H12: 0.8 | I12: =$H$5*I11+$H$7*H12
A13: 12 | B13: =Data!E13 | C13: =Data!E12 | D13: =B13*C13 | E13: =B13^2 | G13: t = 3 | H13: 0.02 | I13: =$H$5*I12+$H$7*H13
A14: 13 | B14: =Data!E14 | C14: =Data!E13 | D14: =B14*C14 | E14: =B14^2
A15: 14 | B15: =Data!E15 | C15: =Data!E14 | D15: =B15*C15 | E15: =B15^2
A16: 15 | B16: =Data!E16 | C16: =Data!E15 | D16: =B16*C16 | E16: =B16^2

Sheet Simulate
A1: Parameter | B1: Value | C1: Note
A2: P01 | B2: =Markov!J12 | C2: from the Markov sheet
A3: P11 | B3: =Markov!J10
A4: P1 | B4: =Markov!J14
A5: wet-day mean amount (mm) | B5: 12
A6: wet-day variance (mm^2) | B6: 180
A7: beta (scale) = var/mean | B7: =B6/B5
A8: alpha (shape) = mean/beta | B8: =B5/B7
A11: t | B11: u (occurrence) | C11: X_t | D11: u (amount) | E11: amount (mm) | G11: Summary
A12: 1 | B12: 0.62 | C12: =IF(B12<$B$4,1,0) | D12: 0.921 | E12: =IF(C12=1,GAMMAINV(D12,$B$8,$B$7),0) | G12: wet days in 30 | H12: =SUM(C12:C41)
A13: 2 | B13: 0.18 | C13: =IF(B13<IF(C12=1,$B$3,$B$2),1,0) | D13: 0.712 | E13: =IF(C13=1,GAMMAINV(D13,$B$8,$B$7),0) | G13: wet fraction | H13: =H12/30
A14: 3 | B14: 0.71 | C14: =IF(B14<IF(C13=1,$B$3,$B$2),1,0) | D14: 0.58 | E14: =IF(C14=1,GAMMAINV(D14,$B$8,$B$7),0) | G14: total rain (mm) | H14: =SUM(E12:E41)
A15: 4 | B15: 0.699 | C15: =IF(B15<IF(C14=1,$B$3,$B$2),1,0) | D15: 0.402 | E15: =IF(C15=1,GAMMAINV(D15,$B$8,$B$7),0)
A16: 5 | B16: 0.222 | C16: =IF(B16<IF(C15=1,$B$3,$B$2),1,0) | D16: 0.818 | E16: =IF(C16=1,GAMMAINV(D16,$B$8,$B$7),0)
A17: 6 | B17: 0.185 | C17: =IF(B17<IF(C16=1,$B$3,$B$2),1,0) | D17: 0.263 | E17: =IF(C17=1,GAMMAINV(D17,$B$8,$B$7),0)
A18: 7 | B18: 0.954 | C18: =IF(B18<IF(C17=1,$B$3,$B$2),1,0) | D18: 0.633 | E18: =IF(C18=1,GAMMAINV(D18,$B$8,$B$7),0)
A19: 8 | B19: 0.34 | C19: =IF(B19<IF(C18=1,$B$3,$B$2),1,0) | D19: 0.012 | E19: =IF(C19=1,GAMMAINV(D19,$B$8,$B$7),0)
A20: 9 | B20: 0.441 | C20: =IF(B20<IF(C19=1,$B$3,$B$2),1,0) | D20: 0.646 | E20: =IF(C20=1,GAMMAINV(D20,$B$8,$B$7),0)
A21: 10 | B21: 0.656 | C21: =IF(B21<IF(C20=1,$B$3,$B$2),1,0) | D21: 0.973 | E21: =IF(C21=1,GAMMAINV(D21,$B$8,$B$7),0)
A22: 11 | B22: 0.44 | C22: =IF(B22<IF(C21=1,$B$3,$B$2),1,0) | D22: 0.708 | E22: =IF(C22=1,GAMMAINV(D22,$B$8,$B$7),0)
A23: 12 | B23: 0 | C23: =IF(B23<IF(C22=1,$B$3,$B$2),1,0) | D23: 0.077 | E23: =IF(C23=1,GAMMAINV(D23,$B$8,$B$7),0)
A24: 13 | B24: 0.26 | C24: =IF(B24<IF(C23=1,$B$3,$B$2),1,0) | D24: 0.592 | E24: =IF(C24=1,GAMMAINV(D24,$B$8,$B$7),0)
A25: 14 | B25: 0.472 | C25: =IF(B25<IF(C24=1,$B$3,$B$2),1,0) | D25: 0.317 | E25: =IF(C25=1,GAMMAINV(D25,$B$8,$B$7),0)
A26: 15 | B26: 0.761 | C26: =IF(B26<IF(C25=1,$B$3,$B$2),1,0) | D26: 0.92 | E26: =IF(C26=1,GAMMAINV(D26,$B$8,$B$7),0)
... A41: 30 | B41: 0.193 | C41: =IF(B41<IF(C40=1,$B$3,$B$2),1,0) | D41: 0.179 | E41: =IF(C41=1,GAMMAINV(D41,$B$8,$B$7),0)
