Workbook

Sheet README
A1: Lecture 22 worked examples (CE524 Applied Hydroclimatology)
A2: All numbers are synthetic and were made for teaching; they are not data from the book.
A3: Sheets: Data (inputs), WeatherType_Rain (hand example a: daily rainfall from a weather-type chain), kNN_Resample (hand example b: kNN resampling and daily-to-hourly scaling).
A4: Colour code: blue = input you may change, black = formula. Cells marked Note explain the formulas.
A5: Symbols follow Lee and Singh (2019): P_LWT, PCTM, P_wet, mu_LWT, u, R (Chapter 7); D_i, w_j, k, y_i, Y_t, x_{i,h}, X_{t,h} (Chapter 8).
A6: The notebook prints the same numbers in the cells after the hand-worked examples.

Sheet Data
A1: Assumed weather-type statistics (synthetic)
G2: Transition matrix (row = type today, column = type tomorrow)
A3: Type | B3: P_LWT | C3: P_wet | D3: mu_LWT [mm] | G3: From / To | H3: A | I3: C | J3: W | K3: O | L3: Row sum
A4: A | B4: 0.3 | C4: 0.15 | D4: 2 | G4: A | H4: 0.5 | I4: 0.05 | J4: 0.1 | K4: 0.35 | L4: =SUM(H4:K4)
A5: C | B5: 0.1 | C5: 0.8 | D5: 7 | G5: C | H5: 0.1 | I5: 0.4 | J5: 0.1 | K5: 0.4 | L5: =SUM(H5:K5)
A6: W | B6: 0.2 | C6: 0.5 | D6: 4 | G6: W | H6: 0.15 | I6: 0.1 | J6: 0.45 | K6: 0.3 | L6: =SUM(H6:K6)
A7: O | B7: 0.4 | C7: 0.4 | D7: 3 | G7: O | H7: 0.2 | I7: 0.15 | J7: 0.15 | K7: 0.5 | L7: =SUM(H7:K7)
A8: Sum P_LWT | B8: =SUM(B4:B7)
A11: Library of observed days: hourly depths x_{i,h} [mm]; daily total y_i = sum over h
A12: i | B12: y_i [mm] | C12: 1 | D12: 2 | E12: 3 | F12: 4 | G12: 5 | H12: 6 | I12: 7 | J12: 8 | K12: 9 | L12: 10 | M12: 11 | N12: 12 | O12: 13 | P12: 14 | Q12: 15 | R12: 16 | S12: 17 | T12: 18 | U12: 19 | V12: 20 | W12: 21 | X12: 22 | Y12: 23 | Z12: 24
A13: 1 | B13: =SUM(C13:Z13) | C13: 0 | D13: 0 | E13: 0 | F13: 0 | G13: 0 | H13: 0 | I13: 0 | J13: 0 | K13: 0 | L13: 0 | M13: 0 | N13: 0 | O13: 0 | P13: 2 | Q13: 5 | R13: 3 | S13: 2 | T13: 0 | U13: 0 | V13: 0 | W13: 0 | X13: 0 | Y13: 0 | Z13: 0
A14: 2 | B14: =SUM(C14:Z14) | C14: 0 | D14: 0 | E14: 0 | F14: 0 | G14: 0 | H14: 0 | I14: 0 | J14: 0 | K14: 0 | L14: 0 | M14: 0 | N14: 0 | O14: 0 | P14: 0 | Q14: 0 | R14: 4 | S14: 9 | T14: 10 | U14: 5 | V14: 3 | W14: 0 | X14: 0 | Y14: 0 | Z14: 0
A15: 3 | B15: =SUM(C15:Z15) | C15: 0 | D15: 0 | E15: 0 | F15: 0 | G15: 0 | H15: 0 | I15: 1.5 | J15: 4.5 | K15: 7.5 | L15: 5 | M15: 3 | N15: 1.5 | O15: 0 | P15: 0 | Q15: 0 | R15: 0 | S15: 0 | T15: 0 | U15: 0.6 | V15: 0.4 | W15: 0 | X15: 0 | Y15: 0 | Z15: 0
A16: 4 | B16: =SUM(C16:Z16) | C16: 0 | D16: 0 | E16: 1 | F16: 2 | G16: 3 | H16: 2 | I16: 0 | J16: 0 | K16: 0 | L16: 0 | M16: 0 | N16: 0 | O16: 0 | P16: 0 | Q16: 0 | R16: 0 | S16: 0 | T16: 0 | U16: 0 | V16: 0 | W16: 0 | X16: 0 | Y16: 0 | Z16: 0
A17: 5 | B17: =SUM(C17:Z17) | C17: 0 | D17: 0 | E17: 0 | F17: 0 | G17: 0 | H17: 0 | I17: 0 | J17: 0 | K17: 0 | L17: 0 | M17: 0 | N17: 0 | O17: 3 | P17: 8 | Q17: 12 | R17: 9 | S17: 5 | T17: 3 | U17: 0 | V17: 0 | W17: 0 | X17: 0 | Y17: 0 | Z17: 0
A18: 6 | B18: =SUM(C18:Z18) | C18: 0 | D18: 0 | E18: 0 | F18: 0 | G18: 2 | H18: 5 | I18: 6 | J18: 4 | K18: 2 | L18: 0 | M18: 0 | N18: 0 | O18: 0 | P18: 0 | Q18: 0 | R18: 0 | S18: 0 | T18: 0 | U18: 0 | V18: 0 | W18: 0 | X18: 0 | Y18: 0 | Z18: 0
A20: Row 12 (columns C to Z) holds the hour h = 1..24.

Sheet WeatherType_Rain
A1: Hand example (a): one simulated day, Chapter 7 steps 1 to 4
A3: Inputs (uniform random numbers)
A4: u1 (type of day 1, from P_LWT) | B4: 0.34
A5: u2 (type of day 2, from the row of day 1) | B5: 0.58
A6: u3 (rainfall occurrence) | B6: 0.27
A7: u4 (rainfall amount) | B7: 0.7
A9: Step 1: day 1 from the cumulative P_LWT
A10: Type | B10: =Data!A4 | C10: =Data!A5 | D10: =Data!A6 | E10: =Data!A7
A11: PCTM (cumulative P_LWT) | B11: =SUM(Data!$B$4:$B4) | C11: =SUM(Data!$B$4:$B5) | D11: =SUM(Data!$B$4:$B6) | E11: =SUM(Data!$B$4:$B7) | G11: Note: running sum of P_LWT in the order A, C, W, O.
A12: Type index of day 1 | B12: =COUNTIF(B11:E11,"<="&B4)+1 | G12: Note: day 1 is the type whose interval [PCTM(j-1), PCTM(j)) contains u1, i.e. 1 + the number of PCTM values <= u1.
A13: Type of day 1 | B13: =INDEX(B10:E10,B12)
A15: Step 2: day 2 from the row of day 1 of the transition matrix
A16: Cumulative transition matrix | B16: =Data!H3 | C16: =Data!I3 | D16: =Data!J3 | E16: =Data!K3
A17: =Data!G4 | B17: =SUM(Data!$H4:H4) | C17: =SUM(Data!$H4:I4) | D17: =SUM(Data!$H4:J4) | E17: =SUM(Data!$H4:K4) | G17: Note: each row is the running sum of that row of the transition matrix; the row of the previous day's type is used.
A18: =Data!G5 | B18: =SUM(Data!$H5:H5) | C18: =SUM(Data!$H5:I5) | D18: =SUM(Data!$H5:J5) | E18: =SUM(Data!$H5:K5)
A19: =Data!G6 | B19: =SUM(Data!$H6:H6) | C19: =SUM(Data!$H6:I6) | D19: =SUM(Data!$H6:J6) | E19: =SUM(Data!$H6:K6)
A20: =Data!G7 | B20: =SUM(Data!$H7:H7) | C20: =SUM(Data!$H7:I7) | D20: =SUM(Data!$H7:J7) | E20: =SUM(Data!$H7:K7)
A22: PCTM row of the day-1 type | B22: =INDEX(B17:B20,$B$12) | C22: =INDEX(C17:C20,$B$12) | D22: =INDEX(D17:D20,$B$12) | E22: =INDEX(E17:E20,$B$12)
A23: Type index of day 2 | B23: =COUNTIF(B22:E22,"<="&B5)+1
A24: Type of day 2 | B24: =INDEX(B10:E10,B23)
A26: Step 3: occurrence for the type of day 2
A27: P_wet | B27: =INDEX(Data!C4:C7,B23)
A28: wet if u3 < P_wet | B28: =IF(B6<B27,"wet","dry") | G28: Note: the day is wet when u < P_wet.
A30: Step 4: rainfall amount (exponential)
A31: mu_LWT [mm] | B31: =INDEX(Data!D4:D7,B23)
A32: R [mm] = -mu_LWT ln(1-u4) | B32: =IF(B28="wet",-B31*LN(1-B7),0) | G32: Note: R is zero if the day is dry.

Sheet kNN_Resample
A1: Hand example (b): kNN resampling of an hourly pattern for a target daily total
A3: y_t = Y_t target daily total [mm] | B3: 28
A4: u random number | B4: 0.7
A5: n library days | B5: =COUNT(Data!B13:B18)
A6: k = ceil(sqrt(n)) | B6: =ROUNDUP(SQRT(B5),0) | D6: Note: heuristic number of neighbours.
A8: i | B8: y_i [mm] | C8: D_i = (y_t - y_i)^2 | D8: rank of D_i | F8: Note: squared distance on the daily total (Eq. 8.3); rank 1 is the nearest day.
A9: 1 | B9: =Data!B13 | C9: =($B$3-B9)^2 | D9: =RANK(C9,$C$9:$C$14,1)
A10: 2 | B10: =Data!B14 | C10: =($B$3-B10)^2 | D10: =RANK(C10,$C$9:$C$14,1)
A11: 3 | B11: =Data!B15 | C11: =($B$3-B11)^2 | D11: =RANK(C11,$C$9:$C$14,1)
A12: 4 | B12: =Data!B16 | C12: =($B$3-B12)^2 | D12: =RANK(C12,$C$9:$C$14,1)
A13: 5 | B13: =Data!B17 | C13: =($B$3-B13)^2 | D13: =RANK(C13,$C$9:$C$14,1)
A14: 6 | B14: =Data!B18 | C14: =($B$3-B14)^2 | D14: =RANK(C14,$C$9:$C$14,1)
A17: j | B17: index p(j) | C17: D_(j) | D17: y_p(j) [mm] | E17: 1/j (if j<=k) | F17: w_j | G17: cumulative c_j
A18: 1 | B18: =MATCH(A18,$D$9:$D$14,0) | C18: =INDEX($C$9:$C$14,B18) | D18: =INDEX($B$9:$B$14,B18) | E18: =IF(A18<=$B$6,1/A18,0) | F18: =E18/SUM($E$18:$E$23) | G18: =SUM($F$18:F18) | I18: Note: w_j = (1/j) / sum over m = 1..k of (1/m) (Eq. 8.4); rows with j > k get weight 0.
A19: 2 | B19: =MATCH(A19,$D$9:$D$14,0) | C19: =INDEX($C$9:$C$14,B19) | D19: =INDEX($B$9:$B$14,B19) | E19: =IF(A19<=$B$6,1/A19,0) | F19: =E19/SUM($E$18:$E$23) | G19: =SUM($F$18:F19)
A20: 3 | B20: =MATCH(A20,$D$9:$D$14,0) | C20: =INDEX($C$9:$C$14,B20) | D20: =INDEX($B$9:$B$14,B20) | E20: =IF(A20<=$B$6,1/A20,0) | F20: =E20/SUM($E$18:$E$23) | G20: =SUM($F$18:F20)
A21: 4 | B21: =MATCH(A21,$D$9:$D$14,0) | C21: =INDEX($C$9:$C$14,B21) | D21: =INDEX($B$9:$B$14,B21) | E21: =IF(A21<=$B$6,1/A21,0) | F21: =E21/SUM($E$18:$E$23) | G21: =SUM($F$18:F21)
A22: 5 | B22: =MATCH(A22,$D$9:$D$14,0) | C22: =INDEX($C$9:$C$14,B22) | D22: =INDEX($B$9:$B$14,B22) | E22: =IF(A22<=$B$6,1/A22,0) | F22: =E22/SUM($E$18:$E$23) | G22: =SUM($F$18:F22)
A23: 6 | B23: =MATCH(A23,$D$9:$D$14,0) | C23: =INDEX($C$9:$C$14,B23) | D23: =INDEX($B$9:$B$14,B23) | E23: =IF(A23<=$B$6,1/A23,0) | F23: =E23/SUM($E$18:$E$23) | G23: =SUM($F$18:F23)
A25: j* (first j with c_j >= u) | B25: =COUNTIF(G18:G23,"<"&B4)+1
A26: selected day p | B26: =INDEX(B18:B23,B25)
A27: y_p [mm] | B27: =INDEX(B9:B14,B26)
A28: scale factor Y_t / y_p | B28: =B3/B27 | D28: Note: proportional adjustment (Eq. 8.7) without GA mixing, i.e. Pc = Pm = 0.
A30: hour h | B30: 1 | C30: 2 | D30: 3 | E30: 4 | F30: 5 | G30: 6 | H30: 7 | I30: 8 | J30: 9 | K30: 10 | L30: 11 | M30: 12 | N30: 13 | O30: 14 | P30: 15 | Q30: 16 | R30: 17 | S30: 18 | T30: 19 | U30: 20 | V30: 21 | W30: 22 | X30: 23 | Y30: 24
A31: x_{p,h} [mm] | B31: =INDEX(Data!C$13:C$18,$B$26) | C31: =INDEX(Data!D$13:D$18,$B$26) | D31: =INDEX(Data!E$13:E$18,$B$26) | E31: =INDEX(Data!F$13:F$18,$B$26) | F31: =INDEX(Data!G$13:G$18,$B$26) | G31: =INDEX(Data!H$13:H$18,$B$26) | H31: =INDEX(Data!I$13:I$18,$B$26) | I31: =INDEX(Data!J$13:J$18,$B$26) | ... Y31: =INDEX(Data!Z$13:Z$18,$B$26)
A32: X_{t,h} [mm] | B32: =B31*$B$28 | C32: =C31*$B$28 | D32: =D31*$B$28 | E32: =E31*$B$28 | F32: =F31*$B$28 | G32: =G31*$B$28 | H32: =H31*$B$28 | I32: =I31*$B$28 | ... Y32: =Y31*$B$28
A33: sum of X_{t,h} [mm] | B33: =SUM(B32:Y32)
A34: largest hour [mm] | B34: =MAX(B32:Y32)
