Workbook

Sheet README
A1: Lecture 18 - Bias correction: worked examples (CE524 Applied Hydroclimatology)
A3: Purpose | B3: Companion to Lecture 18. Every correction method of the lecture is computed here with live formulas on the same synthetic data that the notebook uses, so each step can be inspected cell by cell.
A4: Data are synthetic | B4: All series were generated for teaching. 'Observed' and 'model' are made-up monsoon-season (JJAS, 122 days per year) daily rainfall (mm/day) and temperature (degC). The model is given a KNOWN bias and a KNOWN climate-change signal, and a synthetic 'truth' future is available, so you can see which method recovers it. Nothing here is IMD or CMIP data. To use real data, paste an observed gridded or station series (e.g. IMD) into the 'obs' columns and a model series (e.g. NEX-GDDP-CMIP6) into the 'mod' columns of the Data sheet in place of the generated values (and delete or ignore the u columns).
A5: Colour code | B5: Blue font = input typed in (parameters, fixed uniform random numbers, tiny-example values). Black = formula. Green = link to another sheet. Yellow fill = a key result.
A6: How to use | B6: Start with Params and Data, then follow the sheets in order: Occurrence, Delta, QM_tiny (12 values you can check by hand), QM_gamma, QM_empirical, QDM, Evaluation (and Eval_calc, its support tables). Change a blue value in Params (for example the model temperature bias) and everything recalculates. Calibration = 20 seasons used to fit each correction; Validation = 20 other seasons of the same climate (held out); Future = 20 seasons of changed climate, compared with the synthetic truth.
A7: Periods | B7: cal: calibration (obs and model historical). val: held-out validation (obs and model, same climate as cal). fut: future; 'mod_fut' is the model future, 'tru_fut' is the synthetic truth that the correction should reproduce.
A8: Random numbers | B8: The Data sheet holds FIXED uniform random numbers u (columns C to N, with day-to-day persistence). The synthetic series are computed from them by inverse CDFs (GAMMA.INV, NORM.INV) with the parameters on the Params sheet, so the workbook gives the same numbers every time.
A9: Functions used | B9: AVERAGE, STDEV.S, PERCENTILE.INC, COUNTIF(S), AVERAGEIFS, SUMPRODUCT, INDEX/MATCH, SMALL, GAMMA.DIST, GAMMA.INV, NORM.DIST, NORM.INV, IF, MAX, ROUND. No LET, LAMBDA or dynamic arrays.
A10: Wet-day percentile trick | B10: To get a percentile of the WET days only, from a column that also holds zeros, the sheets use PERCENTILE.INC on the whole column at probability (zeros + p*(wet - 1)) / (N - 1). This equals the percentile of the wet-day values alone, because the zeros occupy the lowest ranks.
A11: Checks | B11: Results were checked against an independent Python implementation (see the notebook). Excel itself was not used to recalculate the file when it was built; if a cell shows an error after you change inputs, check that denominators are not zero.
A12: Sheets | B12: Params | Data | Occurrence | Delta | QM_tiny | QM_gamma | QM_empirical | QDM | Evaluation | Eval_calc
A14: Source of the methods | B14: Lee, T. and Singh, V. P. (2019) Statistical Downscaling for Hydrological and Environmental Applications, CRC Press, Chapter 4. Spreadsheets and numbers here are our own.

Sheet Params
A1: Parameters of the synthetic world (inputs, blue)
A2: Change a value and the Data sheet (and every sheet after it) recalculates.
A3: Parameter | B3: Value | C3: Unit | D3: Meaning
A4: Observed rain: wet-day fraction | B4: 0.55 | C4: - | D4: Share of days with rain >= 0.1 mm
A5: Observed rain: gamma shape k | B5: 0.55 | C5: - | D5: Wet-day intensity ~ gamma(k, theta)
A6: Observed rain: gamma scale theta | B6: 20 | C6: mm | D6: Mean wet-day rain = k*theta
A7: Model rain: wet-day fraction | B7: 0.93 | C7: - | D7: Too many wet days: the drizzle problem
A8: Model rain: gamma shape k | B8: 0.6 | C8: -
A9: Model rain: gamma scale theta | B9: 6 | C9: mm | D9: Lighter intensities than observed
A10: Climate-change factor c(tau) = a + b*tau^p: a | B10: 1.05 | C10: - | D10: Relative change of the daily-rain quantile at probability tau (tau = all-days non-exceedance probability)
A11: Climate-change factor: b | B11: 0.4 | C11: - | D11: Upper quantiles intensify more than the median
A12: Climate-change factor: p | B12: 6 | C12: -
A13: Observed temperature mean | B13: 30 | C13: degC
A14: Observed temperature standard deviation | B14: 2.2 | C14: degC
A15: Model temperature mean | B15: 27 | C15: degC | D15: Cold bias
A16: Model temperature standard deviation | B16: 3 | C16: degC | D16: Too variable
A17: Warming d(tau) = a + b*tau: a | B17: 2.4 | C17: degC | D17: Warming at probability tau
A18: Warming: b | B18: 1.6 | C18: degC | D18: Hot days warm more than cool days
A20: Derived (for reference)
A21: Observed mean wet-day rain k*theta (mm) | B21: =B5*B6
A22: Model mean wet-day rain k*theta, before threshold (mm) | B22: =B8*B9
A23: Temperature bias, model minus obs (degC) | B23: =B15-B13
A25: Series are built as quantile functions: a day with uniform number u is dry if u <= 1 - f, otherwise wet with intensity = gamma quantile at (u-(1-f))/f. The future multiplies (rain) or shifts (temperature) the quantile at probability u by c(u) or d(u): the 'known climate-change signal'.

Sheet Data
A1: day | B1: season | C1: u_rain_obs_cal | D1: u_rain_mod_cal | E1: u_rain_obs_val | F1: u_rain_mod_val | G1: u_rain_mod_fut | H1: u_rain_tru_fut | I1: u_temp_obs_cal | J1: u_temp_mod_cal | K1: u_temp_obs_val | L1: u_temp_mod_val | M1: u_temp_mod_fut | N1: u_temp_tru_fut | O1: rain_obs_cal | P1: rain_mod_cal | Q1: rain_obs_val | R1: rain_mod_val | S1: rain_mod_fut | T1: rain_tru_fut | U1: temp_obs_cal | V1: temp_mod_cal | W1: temp_obs_val | X1: temp_mod_val | Y1: temp_mod_fut | Z1: temp_tru_fut
A2: 1 | B2: =INT((A2-1)/122)+1 | C2: 0.332747 | D2: 0.806201 | E2: 0.215514 | F2: 0.370591 | G2: 0.927704 | H2: 0.647036 | I2: 0.76865 | J2: 0.544602 | K2: 0.722636 | L2: 0.017036 | M2: 0.674204 | N2: 0.519173 | O2: =IF(C2<=1-Params!$B$4,0,MAX(0.1,ROUND(_xlfn.GAMMA.INV((C2-(1-Params!$B$4))/Params!$B$4,Params!$B$5,Params!$B$6),1))) | P2: =IF(D2<=1-Params!$B$7,0,ROUND(_xlfn.GAMMA.INV((D2-(1-Params!$B$7))/Params!$B$7,Params!$B$8,Params!$B$9),3)) | Q2: =IF(E2<=1-Params!$B$4,0,MAX(0.1,ROUND(_xlfn.GAMMA.INV((E2-(1-Params!$B$4))/Params!$B$4,Params!$B$5,Params!$B$6),1))) | R2: =IF(F2<=1-Params!$B$7,0,ROUND(_xlfn.GAMMA.INV((F2-(1-Params!$B$7))/Params!$B$7,Params!$B$8,Params!$B$9),3)) | S2: =IF(G2<=1-Params!$B$7,0,ROUND((Params!$B$10+Params!$B$11*G2^Params!$B$12)*_xlfn.GAMMA.INV((G2-(1-Params!$B$7))/Params!$B$7,Params!$B$8,Params!$B$9),3)) | T2: =IF(H2<=1-Params!$B$4,0,MAX(0.1,ROUND((Params!$B$10+Params!$B$11*H2^Params!$B$12)*_xlfn.GAMMA.INV((H2-(1-Params!$B$4))/Params!$B$4,Params!$B$5,Params!$B$6),1))) | U2: =ROUND(_xlfn.NORM.INV(I2,Params!$B$13,Params!$B$14),1) | V2: =ROUND(_xlfn.NORM.INV(J2,Params!$B$15,Params!$B$16),2) | W2: =ROUND(_xlfn.NORM.INV(K2,Params!$B$13,Params!$B$14),1) | X2: =ROUND(_xlfn.NORM.INV(L2,Params!$B$15,Params!$B$16),2) | Y2: =ROUND(_xlfn.NORM.INV(M2,Params!$B$15,Params!$B$16)+Params!$B$17+Params!$B$18*M2,2) | Z2: =ROUND(_xlfn.NORM.INV(N2,Params!$B$13,Params!$B$14)+Params!$B$17+Params!$B$18*N2,1)
A3: 2 | B3: =INT((A3-1)/122)+1 | C3: 0.684352 | D3: 0.232259 | E3: 0.968326 | F3: 0.294894 | G3: 0.917329 | H3: 0.609147 | I3: 0.80972 | J3: 0.499869 | K3: 0.94903 | L3: 0.012143 | M3: 0.568948 | N3: 0.429176 | O3: =IF(C3<=1-Params!$B$4,0,MAX(0.1,ROUND(_xlfn.GAMMA.INV((C3-(1-Params!$B$4))/Params!$B$4,Params!$B$5,Params!$B$6),1))) | P3: =IF(D3<=1-Params!$B$7,0,ROUND(_xlfn.GAMMA.INV((D3-(1-Params!$B$7))/Params!$B$7,Params!$B$8,Params!$B$9),3)) | Q3: =IF(E3<=1-Params!$B$4,0,MAX(0.1,ROUND(_xlfn.GAMMA.INV((E3-(1-Params!$B$4))/Params!$B$4,Params!$B$5,Params!$B$6),1))) | R3: =IF(F3<=1-Params!$B$7,0,ROUND(_xlfn.GAMMA.INV((F3-(1-Params!$B$7))/Params!$B$7,Params!$B$8,Params!$B$9),3)) | S3: =IF(G3<=1-Params!$B$7,0,ROUND((Params!$B$10+Params!$B$11*G3^Params!$B$12)*_xlfn.GAMMA.INV((G3-(1-Params!$B$7))/Params!$B$7,Params!$B$8,Params!$B$9),3)) | T3: =IF(H3<=1-Params!$B$4,0,MAX(0.1,ROUND((Params!$B$10+Params!$B$11*H3^Params!$B$12)*_xlfn.GAMMA.INV((H3-(1-Params!$B$4))/Params!$B$4,Params!$B$5,Params!$B$6),1))) | U3: =ROUND(_xlfn.NORM.INV(I3,Params!$B$13,Params!$B$14),1) | V3: =ROUND(_xlfn.NORM.INV(J3,Params!$B$15,Params!$B$16),2) | W3: =ROUND(_xlfn.NORM.INV(K3,Params!$B$13,Params!$B$14),1) | X3: =ROUND(_xlfn.NORM.INV(L3,Params!$B$15,Params!$B$16),2) | Y3: =ROUND(_xlfn.NORM.INV(M3,Params!$B$15,Params!$B$16)+Params!$B$17+Params!$B$18*M3,2) | Z3: =ROUND(_xlfn.NORM.INV(N3,Params!$B$13,Params!$B$14)+Params!$B$17+Params!$B$18*N3,1)
A4: 3 | B4: =INT((A4-1)/122)+1 | C4: 0.192211 | D4: 0.249626 | E4: 0.747132 | F4: 0.58603 | G4: 0.974214 | H4: 0.382656 | I4: 0.474677 | J4: 0.524774 | K4: 0.446471 | L4: 0.190615 | M4: 0.740563 | N4: 0.501548 | O4: =IF(C4<=1-Params!$B$4,0,MAX(0.1,ROUND(_xlfn.GAMMA.INV((C4-(1-Params!$B$4))/Params!$B$4,Params!$B$5,Params!$B$6),1))) | P4: =IF(D4<=1-Params!$B$7,0,ROUND(_xlfn.GAMMA.INV((D4-(1-Params!$B$7))/Params!$B$7,Params!$B$8,Params!$B$9),3)) | Q4: =IF(E4<=1-Params!$B$4,0,MAX(0.1,ROUND(_xlfn.GAMMA.INV((E4-(1-Params!$B$4))/Params!$B$4,Params!$B$5,Params!$B$6),1))) | R4: =IF(F4<=1-Params!$B$7,0,ROUND(_xlfn.GAMMA.INV((F4-(1-Params!$B$7))/Params!$B$7,Params!$B$8,Params!$B$9),3)) | S4: =IF(G4<=1-Params!$B$7,0,ROUND((Params!$B$10+Params!$B$11*G4^Params!$B$12)*_xlfn.GAMMA.INV((G4-(1-Params!$B$7))/Params!$B$7,Params!$B$8,Params!$B$9),3)) | T4: =IF(H4<=1-Params!$B$4,0,MAX(0.1,ROUND((Params!$B$10+Params!$B$11*H4^Params!$B$12)*_xlfn.GAMMA.INV((H4-(1-Params!$B$4))/Params!$B$4,Params!$B$5,Params!$B$6),1))) | U4: =ROUND(_xlfn.NORM.INV(I4,Params!$B$13,Params!$B$14),1) | V4: =ROUND(_xlfn.NORM.INV(J4,Params!$B$15,Params!$B$16),2) | W4: =ROUND(_xlfn.NORM.INV(K4,Params!$B$13,Params!$B$14),1) | X4: =ROUND(_xlfn.NORM.INV(L4,Params!$B$15,Params!$B$16),2) | Y4: =ROUND(_xlfn.NORM.INV(M4,Params!$B$15,Params!$B$16)+Params!$B$17+Params!$B$18*M4,2) | Z4: =ROUND(_xlfn.NORM.INV(N4,Params!$B$13,Params!$B$14)+Params!$B$17+Params!$B$18*N4,1)
A5: 4 | B5: =INT((A5-1)/122)+1 | C5: 0.943188 | D5: 0.054721 | E5: 0.705251 | F5: 0.189104 | G5: 0.681147 | H5: 0.14048 | I5: 0.665131 | J5: 0.299257 | K5: 0.170186 | L5: 0.298246 | M5: 0.493898 | N5: 0.111534 | O5: =IF(C5<=1-Params!$B$4,0,MAX(0.1,ROUND(_xlfn.GAMMA.INV((C5-(1-Params!$B$4))/Params!$B$4,Params!$B$5,Params!$B$6),1))) | P5: =IF(D5<=1-Params!$B$7,0,ROUND(_xlfn.GAMMA.INV((D5-(1-Params!$B$7))/Params!$B$7,Params!$B$8,Params!$B$9),3)) | Q5: =IF(E5<=1-Params!$B$4,0,MAX(0.1,ROUND(_xlfn.GAMMA.INV((E5-(1-Params!$B$4))/Params!$B$4,Params!$B$5,Params!$B$6),1))) | R5: =IF(F5<=1-Params!$B$7,0,ROUND(_xlfn.GAMMA.INV((F5-(1-Params!$B$7))/Params!$B$7,Params!$B$8,Params!$B$9),3)) | S5: =IF(G5<=1-Params!$B$7,0,ROUND((Params!$B$10+Params!$B$11*G5^Params!$B$12)*_xlfn.GAMMA.INV((G5-(1-Params!$B$7))/Params!$B$7,Params!$B$8,Params!$B$9),3)) | T5: =IF(H5<=1-Params!$B$4,0,MAX(0.1,ROUND((Params!$B$10+Params!$B$11*H5^Params!$B$12)*_xlfn.GAMMA.INV((H5-(1-Params!$B$4))/Params!$B$4,Params!$B$5,Params!$B$6),1))) | U5: =ROUND(_xlfn.NORM.INV(I5,Params!$B$13,Params!$B$14),1) | V5: =ROUND(_xlfn.NORM.INV(J5,Params!$B$15,Params!$B$16),2) | W5: =ROUND(_xlfn.NORM.INV(K5,Params!$B$13,Params!$B$14),1) | X5: =ROUND(_xlfn.NORM.INV(L5,Params!$B$15,Params!$B$16),2) | Y5: =ROUND(_xlfn.NORM.INV(M5,Params!$B$15,Params!$B$16)+Params!$B$17+Params!$B$18*M5,2) | Z5: =ROUND(_xlfn.NORM.INV(N5,Params!$B$13,Params!$B$14)+Params!$B$17+Params!$B$18*N5,1)
A6: 5 | B6: =INT((A6-1)/122)+1 | C6: 0.922109 | D6: 0.015077 | E6: 0.539291 | F6: 0.843712 | G6: 0.438799 | H6: 0.589438 | I6: 0.123205 | J6: 0.571702 | K6: 0.27485 | L6: 0.349719 | M6: 0.591482 | N6: 0.209312 | O6: =IF(C6<=1-Params!$B$4,0,MAX(0.1,ROUND(_xlfn.GAMMA.INV((C6-(1-Params!$B$4))/Params!$B$4,Params!$B$5,Params!$B$6),1))) | P6: =IF(D6<=1-Params!$B$7,0,ROUND(_xlfn.GAMMA.INV((D6-(1-Params!$B$7))/Params!$B$7,Params!$B$8,Params!$B$9),3)) | Q6: =IF(E6<=1-Params!$B$4,0,MAX(0.1,ROUND(_xlfn.GAMMA.INV((E6-(1-Params!$B$4))/Params!$B$4,Params!$B$5,Params!$B$6),1))) | R6: =IF(F6<=1-Params!$B$7,0,ROUND(_xlfn.GAMMA.INV((F6-(1-Params!$B$7))/Params!$B$7,Params!$B$8,Params!$B$9),3)) | S6: =IF(G6<=1-Params!$B$7,0,ROUND((Params!$B$10+Params!$B$11*G6^Params!$B$12)*_xlfn.GAMMA.INV((G6-(1-Params!$B$7))/Params!$B$7,Params!$B$8,Params!$B$9),3)) | T6: =IF(H6<=1-Params!$B$4,0,MAX(0.1,ROUND((Params!$B$10+Params!$B$11*H6^Params!$B$12)*_xlfn.GAMMA.INV((H6-(1-Params!$B$4))/Params!$B$4,Params!$B$5,Params!$B$6),1))) | U6: =ROUND(_xlfn.NORM.INV(I6,Params!$B$13,Params!$B$14),1) | V6: =ROUND(_xlfn.NORM.INV(J6,Params!$B$15,Params!$B$16),2) | W6: =ROUND(_xlfn.NORM.INV(K6,Params!$B$13,Params!$B$14),1) | X6: =ROUND(_xlfn.NORM.INV(L6,Params!$B$15,Params!$B$16),2) | Y6: =ROUND(_xlfn.NORM.INV(M6,Params!$B$15,Params!$B$16)+Params!$B$17+Params!$B$18*M6,2) | Z6: =ROUND(_xlfn.NORM.INV(N6,Params!$B$13,Params!$B$14)+Params!$B$17+Params!$B$18*N6,1)
A7: 6 | B7: =INT((A7-1)/122)+1 | C7: 0.563658 | D7: 0.133954 | E7: 0.442071 | F7: 0.906276 | G7: 0.930934 | H7: 0.764668 | I7: 0.133172 | J7: 0.92103 | K7: 0.535918 | L7: 0.798236 | M7: 0.616624 | N7: 0.248707 | O7: =IF(C7<=1-Params!$B$4,0,MAX(0.1,ROUND(_xlfn.GAMMA.INV((C7-(1-Params!$B$4))/Params!$B$4,Params!$B$5,Params!$B$6),1))) | P7: =IF(D7<=1-Params!$B$7,0,ROUND(_xlfn.GAMMA.INV((D7-(1-Params!$B$7))/Params!$B$7,Params!$B$8,Params!$B$9),3)) | Q7: =IF(E7<=1-Params!$B$4,0,MAX(0.1,ROUND(_xlfn.GAMMA.INV((E7-(1-Params!$B$4))/Params!$B$4,Params!$B$5,Params!$B$6),1))) | R7: =IF(F7<=1-Params!$B$7,0,ROUND(_xlfn.GAMMA.INV((F7-(1-Params!$B$7))/Params!$B$7,Params!$B$8,Params!$B$9),3)) | S7: =IF(G7<=1-Params!$B$7,0,ROUND((Params!$B$10+Params!$B$11*G7^Params!$B$12)*_xlfn.GAMMA.INV((G7-(1-Params!$B$7))/Params!$B$7,Params!$B$8,Params!$B$9),3)) | T7: =IF(H7<=1-Params!$B$4,0,MAX(0.1,ROUND((Params!$B$10+Params!$B$11*H7^Params!$B$12)*_xlfn.GAMMA.INV((H7-(1-Params!$B$4))/Params!$B$4,Params!$B$5,Params!$B$6),1))) | U7: =ROUND(_xlfn.NORM.INV(I7,Params!$B$13,Params!$B$14),1) | V7: =ROUND(_xlfn.NORM.INV(J7,Params!$B$15,Params!$B$16),2) | W7: =ROUND(_xlfn.NORM.INV(K7,Params!$B$13,Params!$B$14),1) | X7: =ROUND(_xlfn.NORM.INV(L7,Params!$B$15,Params!$B$16),2) | Y7: =ROUND(_xlfn.NORM.INV(M7,Params!$B$15,Params!$B$16)+Params!$B$17+Params!$B$18*M7,2) | Z7: =ROUND(_xlfn.NORM.INV(N7,Params!$B$13,Params!$B$14)+Params!$B$17+Params!$B$18*N7,1)
A8: 7 | B8: =INT((A8-1)/122)+1 | C8: 0.722578 | D8: 0.727102 | E8: 0.271734 | F8: 0.84546 | G8: 0.853359 | H8: 0.122659 | I8: 0.227008 | J8: 0.93784 | K8: 0.627071 | L8: 0.6405 | M8: 0.654141 | N8: 0.0958 | O8: =IF(C8<=1-Params!$B$4,0,MAX(0.1,ROUND(_xlfn.GAMMA.INV((C8-(1-Params!$B$4))/Params!$B$4,Params!$B$5,Params!$B$6),1))) | P8: =IF(D8<=1-Params!$B$7,0,ROUND(_xlfn.GAMMA.INV((D8-(1-Params!$B$7))/Params!$B$7,Params!$B$8,Params!$B$9),3)) | Q8: =IF(E8<=1-Params!$B$4,0,MAX(0.1,ROUND(_xlfn.GAMMA.INV((E8-(1-Params!$B$4))/Params!$B$4,Params!$B$5,Params!$B$6),1))) | R8: =IF(F8<=1-Params!$B$7,0,ROUND(_xlfn.GAMMA.INV((F8-(1-Params!$B$7))/Params!$B$7,Params!$B$8,Params!$B$9),3)) | S8: =IF(G8<=1-Params!$B$7,0,ROUND((Params!$B$10+Params!$B$11*G8^Params!$B$12)*_xlfn.GAMMA.INV((G8-(1-Params!$B$7))/Params!$B$7,Params!$B$8,Params!$B$9),3)) | T8: =IF(H8<=1-Params!$B$4,0,MAX(0.1,ROUND((Params!$B$10+Params!$B$11*H8^Params!$B$12)*_xlfn.GAMMA.INV((H8-(1-Params!$B$4))/Params!$B$4,Params!$B$5,Params!$B$6),1))) | U8: =ROUND(_xlfn.NORM.INV(I8,Params!$B$13,Params!$B$14),1) | V8: =ROUND(_xlfn.NORM.INV(J8,Params!$B$15,Params!$B$16),2) | W8: =ROUND(_xlfn.NORM.INV(K8,Params!$B$13,Params!$B$14),1) | X8: =ROUND(_xlfn.NORM.INV(L8,Params!$B$15,Params!$B$16),2) | Y8: =ROUND(_xlfn.NORM.INV(M8,Params!$B$15,Params!$B$16)+Params!$B$17+Params!$B$18*M8,2) | Z8: =ROUND(_xlfn.NORM.INV(N8,Params!$B$13,Params!$B$14)+Params!$B$17+Params!$B$18*N8,1)
A9: 8 | B9: =INT((A9-1)/122)+1 | C9: 0.95695 | D9: 0.869601 | E9: 0.546139 | F9: 0.10918 | G9: 0.325263 | H9: 0.058049 | I9: 0.375186 | J9: 0.455822 | K9: 0.797763 | L9: 0.140729 | M9: 0.785541 | N9: 0.122948 | O9: =IF(C9<=1-Params!$B$4,0,MAX(0.1,ROUND(_xlfn.GAMMA.INV((C9-(1-Params!$B$4))/Params!$B$4,Params!$B$5,Params!$B$6),1))) | P9: =IF(D9<=1-Params!$B$7,0,ROUND(_xlfn.GAMMA.INV((D9-(1-Params!$B$7))/Params!$B$7,Params!$B$8,Params!$B$9),3)) | Q9: =IF(E9<=1-Params!$B$4,0,MAX(0.1,ROUND(_xlfn.GAMMA.INV((E9-(1-Params!$B$4))/Params!$B$4,Params!$B$5,Params!$B$6),1))) | R9: =IF(F9<=1-Params!$B$7,0,ROUND(_xlfn.GAMMA.INV((F9-(1-Params!$B$7))/Params!$B$7,Params!$B$8,Params!$B$9),3)) | S9: =IF(G9<=1-Params!$B$7,0,ROUND((Params!$B$10+Params!$B$11*G9^Params!$B$12)*_xlfn.GAMMA.INV((G9-(1-Params!$B$7))/Params!$B$7,Params!$B$8,Params!$B$9),3)) | T9: =IF(H9<=1-Params!$B$4,0,MAX(0.1,ROUND((Params!$B$10+Params!$B$11*H9^Params!$B$12)*_xlfn.GAMMA.INV((H9-(1-Params!$B$4))/Params!$B$4,Params!$B$5,Params!$B$6),1))) | U9: =ROUND(_xlfn.NORM.INV(I9,Params!$B$13,Params!$B$14),1) | V9: =ROUND(_xlfn.NORM.INV(J9,Params!$B$15,Params!$B$16),2) | W9: =ROUND(_xlfn.NORM.INV(K9,Params!$B$13,Params!$B$14),1) | X9: =ROUND(_xlfn.NORM.INV(L9,Params!$B$15,Params!$B$16),2) | Y9: =ROUND(_xlfn.NORM.INV(M9,Params!$B$15,Params!$B$16)+Params!$B$17+Params!$B$18*M9,2) | Z9: =ROUND(_xlfn.NORM.INV(N9,Params!$B$13,Params!$B$14)+Params!$B$17+Params!$B$18*N9,1)
A10: 9 | B10: =INT((A10-1)/122)+1 | C10: 0.999434 | D10: 0.621561 | E10: 0.434385 | F10: 0.929831 | G10: 0.086048 | H10: 0.060428 | I10: 0.735413 | J10: 0.593182 | K10: 0.548973 | L10: 0.05845 | M10: 0.864875 | N10: 0.116399 | O10: =IF(C10<=1-Params!$B$4,0,MAX(0.1,ROUND(_xlfn.GAMMA.INV((C10-(1-Params!$B$4))/Params!$B$4,Params!$B$5,Params!$B$6),1))) | P10: =IF(D10<=1-Params!$B$7,0,ROUND(_xlfn.GAMMA.INV((D10-(1-Params!$B$7))/Params!$B$7,Params!$B$8,Params!$B$9),3)) | Q10: =IF(E10<=1-Params!$B$4,0,MAX(0.1,ROUND(_xlfn.GAMMA.INV((E10-(1-Params!$B$4))/Params!$B$4,Params!$B$5,Params!$B$6),1))) | R10: =IF(F10<=1-Params!$B$7,0,ROUND(_xlfn.GAMMA.INV((F10-(1-Params!$B$7))/Params!$B$7,Params!$B$8,Params!$B$9),3)) | S10: =IF(G10<=1-Params!$B$7,0,ROUND((Params!$B$10+Params!$B$11*G10^Params!$B$12)*_xlfn.GAMMA.INV((G10-(1-Params!$B$7))/Params!$B$7,Params!$B$8,Params!$B$9),3)) | T10: =IF(H10<=1-Params!$B$4,0,MAX(0.1,ROUND((Params!$B$10+Params!$B$11*H10^Params!$B$12)*_xlfn.GAMMA.INV((H10-(1-Params!$B$4))/Params!$B$4,Params!$B$5,Params!$B$6),1))) | U10: =ROUND(_xlfn.NORM.INV(I10,Params!$B$13,Params!$B$14),1) | V10: =ROUND(_xlfn.NORM.INV(J10,Params!$B$15,Params!$B$16),2) | W10: =ROUND(_xlfn.NORM.INV(K10,Params!$B$13,Params!$B$14),1) | X10: =ROUND(_xlfn.NORM.INV(L10,Params!$B$15,Params!$B$16),2) | Y10: =ROUND(_xlfn.NORM.INV(M10,Params!$B$15,Params!$B$16)+Params!$B$17+Params!$B$18*M10,2) | Z10: =ROUND(_xlfn.NORM.INV(N10,Params!$B$13,Params!$B$14)+Params!$B$17+Params!$B$18*N10,1)
A11: 10 | B11: =INT((A11-1)/122)+1 | C11: 0.608163 | D11: 0.858835 | E11: 0.908147 | F11: 0.999491 | G11: 0.472054 | H11: 0.380971 | I11: 0.234828 | J11: 0.549658 | K11: 0.843891 | L11: 0.228727 | M11: 0.502943 | N11: 0.230589 | O11: =IF(C11<=1-Params!$B$4,0,MAX(0.1,ROUND(_xlfn.GAMMA.INV((C11-(1-Params!$B$4))/Params!$B$4,Params!$B$5,Params!$B$6),1))) | P11: =IF(D11<=1-Params!$B$7,0,ROUND(_xlfn.GAMMA.INV((D11-(1-Params!$B$7))/Params!$B$7,Params!$B$8,Params!$B$9),3)) | Q11: =IF(E11<=1-Params!$B$4,0,MAX(0.1,ROUND(_xlfn.GAMMA.INV((E11-(1-Params!$B$4))/Params!$B$4,Params!$B$5,Params!$B$6),1))) | R11: =IF(F11<=1-Params!$B$7,0,ROUND(_xlfn.GAMMA.INV((F11-(1-Params!$B$7))/Params!$B$7,Params!$B$8,Params!$B$9),3)) | S11: =IF(G11<=1-Params!$B$7,0,ROUND((Params!$B$10+Params!$B$11*G11^Params!$B$12)*_xlfn.GAMMA.INV((G11-(1-Params!$B$7))/Params!$B$7,Params!$B$8,Params!$B$9),3)) | T11: =IF(H11<=1-Params!$B$4,0,MAX(0.1,ROUND((Params!$B$10+Params!$B$11*H11^Params!$B$12)*_xlfn.GAMMA.INV((H11-(1-Params!$B$4))/Params!$B$4,Params!$B$5,Params!$B$6),1))) | U11: =ROUND(_xlfn.NORM.INV(I11,Params!$B$13,Params!$B$14),1) | V11: =ROUND(_xlfn.NORM.INV(J11,Params!$B$15,Params!$B$16),2) | W11: =ROUND(_xlfn.NORM.INV(K11,Params!$B$13,Params!$B$14),1) | X11: =ROUND(_xlfn.NORM.INV(L11,Params!$B$15,Params!$B$16),2) | Y11: =ROUND(_xlfn.NORM.INV(M11,Params!$B$15,Params!$B$16)+Params!$B$17+Params!$B$18*M11,2) | Z11: =ROUND(_xlfn.NORM.INV(N11,Params!$B$13,Params!$B$14)+Params!$B$17+Params!$B$18*N11,1)
A12: 11 | B12: =INT((A12-1)/122)+1 | C12: 0.862978 | D12: 0.705869 | E12: 0.495907 | F12: 0.509594 | G12: 0.070649 | H12: 0.563828 | I12: 0.259877 | J12: 0.285753 | K12: 0.706001 | L12: 0.213928 | M12: 0.29096 | N12: 0.78141 | O12: =IF(C12<=1-Params!$B$4,0,MAX(0.1,ROUND(_xlfn.GAMMA.INV((C12-(1-Params!$B$4))/Params!$B$4,Params!$B$5,Params!$B$6),1))) | P12: =IF(D12<=1-Params!$B$7,0,ROUND(_xlfn.GAMMA.INV((D12-(1-Params!$B$7))/Params!$B$7,Params!$B$8,Params!$B$9),3)) | Q12: =IF(E12<=1-Params!$B$4,0,MAX(0.1,ROUND(_xlfn.GAMMA.INV((E12-(1-Params!$B$4))/Params!$B$4,Params!$B$5,Params!$B$6),1))) | R12: =IF(F12<=1-Params!$B$7,0,ROUND(_xlfn.GAMMA.INV((F12-(1-Params!$B$7))/Params!$B$7,Params!$B$8,Params!$B$9),3)) | S12: =IF(G12<=1-Params!$B$7,0,ROUND((Params!$B$10+Params!$B$11*G12^Params!$B$12)*_xlfn.GAMMA.INV((G12-(1-Params!$B$7))/Params!$B$7,Params!$B$8,Params!$B$9),3)) | T12: =IF(H12<=1-Params!$B$4,0,MAX(0.1,ROUND((Params!$B$10+Params!$B$11*H12^Params!$B$12)*_xlfn.GAMMA.INV((H12-(1-Params!$B$4))/Params!$B$4,Params!$B$5,Params!$B$6),1))) | U12: =ROUND(_xlfn.NORM.INV(I12,Params!$B$13,Params!$B$14),1) | V12: =ROUND(_xlfn.NORM.INV(J12,Params!$B$15,Params!$B$16),2) | W12: =ROUND(_xlfn.NORM.INV(K12,Params!$B$13,Params!$B$14),1) | X12: =ROUND(_xlfn.NORM.INV(L12,Params!$B$15,Params!$B$16),2) | Y12: =ROUND(_xlfn.NORM.INV(M12,Params!$B$15,Params!$B$16)+Params!$B$17+Params!$B$18*M12,2) | Z12: =ROUND(_xlfn.NORM.INV(N12,Params!$B$13,Params!$B$14)+Params!$B$17+Params!$B$18*N12,1)
A13: 12 | B13: =INT((A13-1)/122)+1 | C13: 0.807254 | D13: 0.994337 | E13: 0.953738 | F13: 0.090085 | G13: 0.615791 | H13: 0.543274 | I13: 0.222157 | J13: 0.36809 | K13: 0.435653 | L13: 0.157599 | M13: 0.460366 | N13: 0.640632 | O13: =IF(C13<=1-Params!$B$4,0,MAX(0.1,ROUND(_xlfn.GAMMA.INV((C13-(1-Params!$B$4))/Params!$B$4,Params!$B$5,Params!$B$6),1))) | P13: =IF(D13<=1-Params!$B$7,0,ROUND(_xlfn.GAMMA.INV((D13-(1-Params!$B$7))/Params!$B$7,Params!$B$8,Params!$B$9),3)) | Q13: =IF(E13<=1-Params!$B$4,0,MAX(0.1,ROUND(_xlfn.GAMMA.INV((E13-(1-Params!$B$4))/Params!$B$4,Params!$B$5,Params!$B$6),1))) | R13: =IF(F13<=1-Params!$B$7,0,ROUND(_xlfn.GAMMA.INV((F13-(1-Params!$B$7))/Params!$B$7,Params!$B$8,Params!$B$9),3)) | S13: =IF(G13<=1-Params!$B$7,0,ROUND((Params!$B$10+Params!$B$11*G13^Params!$B$12)*_xlfn.GAMMA.INV((G13-(1-Params!$B$7))/Params!$B$7,Params!$B$8,Params!$B$9),3)) | T13: =IF(H13<=1-Params!$B$4,0,MAX(0.1,ROUND((Params!$B$10+Params!$B$11*H13^Params!$B$12)*_xlfn.GAMMA.INV((H13-(1-Params!$B$4))/Params!$B$4,Params!$B$5,Params!$B$6),1))) | U13: =ROUND(_xlfn.NORM.INV(I13,Params!$B$13,Params!$B$14),1) | V13: =ROUND(_xlfn.NORM.INV(J13,Params!$B$15,Params!$B$16),2) | W13: =ROUND(_xlfn.NORM.INV(K13,Params!$B$13,Params!$B$14),1) | X13: =ROUND(_xlfn.NORM.INV(L13,Params!$B$15,Params!$B$16),2) | Y13: =ROUND(_xlfn.NORM.INV(M13,Params!$B$15,Params!$B$16)+Params!$B$17+Params!$B$18*M13,2) | Z13: =ROUND(_xlfn.NORM.INV(N13,Params!$B$13,Params!$B$14)+Params!$B$17+Params!$B$18*N13,1)
... A2441: 2440 | B2441: =INT((A2441-1)/122)+1 | C2441: 0.175422 | D2441: 0.604253 | E2441: 0.981725 | F2441: 0.271145 | G2441: 0.900256 | H2441: 0.880261 | I2441: 0.555406 | J2441: 0.214973 | K2441: 0.731488 | L2441: 0.309777 | M2441: 0.802824 | N2441: 0.871195 | O2441: =IF(C2441<=1-Params!$B$4,0,MAX(0.1,ROUND(_xlfn.GAMMA.INV((C2441-(1-Params!$B$4))/Params!$B$4,Params!$B$5,Params!$B$6),1))) | P2441: =IF(D2441<=1-Params!$B$7,0,ROUND(_xlfn.GAMMA.INV((D2441-(1-Params!$B$7))/Params!$B$7,Params!$B$8,Params!$B$9),3)) | Q2441: =IF(E2441<=1-Params!$B$4,0,MAX(0.1,ROUND(_xlfn.GAMMA.INV((E2441-(1-Params!$B$4))/Params!$B$4,Params!$B$5,Params!$B$6),1))) | R2441: =IF(F2441<=1-Params!$B$7,0,ROUND(_xlfn.GAMMA.INV((F2441-(1-Params!$B$7))/Params!$B$7,Params!$B$8,Params!$B$9),3)) | S2441: =IF(G2441<=1-Params!$B$7,0,ROUND((Params!$B$10+Params!$B$11*G2441^Params!$B$12)*_xlfn.GAMMA.INV((G2441-(1-Params!$B$7))/Params!$B$7,Params!$B$8,Params!$B$9),3)) | T2441: =IF(H2441<=1-Params!$B$4,0,MAX(0.1,ROUND((Params!$B$10+Params!$B$11*H2441^Params!$B$12)*_xlfn.GAMMA.INV((H2441-(1-Params!$B$4))/Params!$B$4,Params!$B$5,Params!$B$6),1))) | U2441: =ROUND(_xlfn.NORM.INV(I2441,Params!$B$13,Params!$B$14),1) | V2441: =ROUND(_xlfn.NORM.INV(J2441,Params!$B$15,Params!$B$16),2) | W2441: =ROUND(_xlfn.NORM.INV(K2441,Params!$B$13,Params!$B$14),1) | X2441: =ROUND(_xlfn.NORM.INV(L2441,Params!$B$15,Params!$B$16),2) | Y2441: =ROUND(_xlfn.NORM.INV(M2441,Params!$B$15,Params!$B$16)+Params!$B$17+Params!$B$18*M2441,2) | Z2441: =ROUND(_xlfn.NORM.INV(N2441,Params!$B$13,Params!$B$14)+Params!$B$17+Params!$B$18*N2441,1)

Sheet Occurrence
A1: Occurrence adjustment of model rainfall (wet-day threshold) | H1: day | I1: mod_cal adjusted | J1: mod_val adjusted | K1: mod_fut adjusted
A2: Idea: choose the model threshold so that the model has as many wet days as the observations. Calibration period only; the same threshold is then applied to validation and future. | H2: =Data!A2 | I2: =IF(Data!P2>$B$8,Data!P2,0) | J2: =IF(Data!R2>$B$8,Data!R2,0) | K2: =IF(Data!S2>$B$8,Data!S2,0)
H3: =Data!A3 | I3: =IF(Data!P3>$B$8,Data!P3,0) | J3: =IF(Data!R3>$B$8,Data!R3,0) | K3: =IF(Data!S3>$B$8,Data!S3,0)
A4: N, days in the calibration period | B4: =COUNT(Data!$O$2:$O$2441) | H4: =Data!A4 | I4: =IF(Data!P4>$B$8,Data!P4,0) | J4: =IF(Data!R4>$B$8,Data!R4,0) | K4: =IF(Data!S4>$B$8,Data!S4,0)
A5: Observed wet days (rain > 0) | B5: =COUNTIF(Data!$O$2:$O$2441,">0") | H5: =Data!A5 | I5: =IF(Data!P5>$B$8,Data!P5,0) | J5: =IF(Data!R5>$B$8,Data!R5,0) | K5: =IF(Data!S5>$B$8,Data!S5,0)
A6: Observed wet-day fraction | B6: =B5/B4 | H6: =Data!A6 | I6: =IF(Data!P6>$B$8,Data!P6,0) | J6: =IF(Data!R6>$B$8,Data!R6,0) | K6: =IF(Data!S6>$B$8,Data!S6,0)
A7: Model wet-day fraction, raw (rain > 0) | B7: =COUNTIF(Data!$P$2:$P$2441,">0")/B4 | H7: =Data!A7 | I7: =IF(Data!P7>$B$8,Data!P7,0) | J7: =IF(Data!R7>$B$8,Data!R7,0) | K7: =IF(Data!S7>$B$8,Data!S7,0)
A8: Wet-day threshold for the model (mm/day) | B8: =_xlfn.PERCENTILE.INC(Data!$P$2:$P$2441,1-B6) | H8: =Data!A8 | I8: =IF(Data!P8>$B$8,Data!P8,0) | J8: =IF(Data!R8>$B$8,Data!R8,0) | K8: =IF(Data!S8>$B$8,Data!S8,0)
A9: Model wet-day fraction after adjustment | B9: =COUNTIF(Occurrence!$I$2:$I$2441,">0")/B4 | H9: =Data!A9 | I9: =IF(Data!P9>$B$8,Data!P9,0) | J9: =IF(Data!R9>$B$8,Data!R9,0) | K9: =IF(Data!S9>$B$8,Data!S9,0)
H10: =Data!A10 | I10: =IF(Data!P10>$B$8,Data!P10,0) | J10: =IF(Data!R10>$B$8,Data!R10,0) | K10: =IF(Data!S10>$B$8,Data!S10,0)
H11: =Data!A11 | I11: =IF(Data!P11>$B$8,Data!P11,0) | J11: =IF(Data!R11>$B$8,Data!R11,0) | K11: =IF(Data!S11>$B$8,Data!S11,0)
A12: The drizzle problem: wet-day fraction as a function of the threshold | H12: =Data!A12 | I12: =IF(Data!P12>$B$8,Data!P12,0) | J12: =IF(Data!R12>$B$8,Data!R12,0) | K12: =IF(Data!S12>$B$8,Data!S12,0)
A13: Threshold (mm/day) | B13: Obs wet fraction | C13: Model wet fraction | D13: Obs mean wet-day rain | E13: Model mean wet-day rain | H13: =Data!A13 | I13: =IF(Data!P13>$B$8,Data!P13,0) | J13: =IF(Data!R13>$B$8,Data!R13,0) | K13: =IF(Data!S13>$B$8,Data!S13,0)
A14: 0 | B14: =COUNTIF(Data!$O$2:$O$2441,">"&A14)/$B$4 | C14: =COUNTIF(Data!$P$2:$P$2441,">"&A14)/$B$4 | D14: =IFERROR(AVERAGEIFS(Data!$O$2:$O$2441,Data!$O$2:$O$2441,">"&A14),0) | E14: =IFERROR(AVERAGEIFS(Data!$P$2:$P$2441,Data!$P$2:$P$2441,">"&A14),0) | H14: =Data!A14 | I14: =IF(Data!P14>$B$8,Data!P14,0) | J14: =IF(Data!R14>$B$8,Data!R14,0) | K14: =IF(Data!S14>$B$8,Data!S14,0)
A15: 0.1 | B15: =COUNTIF(Data!$O$2:$O$2441,">"&A15)/$B$4 | C15: =COUNTIF(Data!$P$2:$P$2441,">"&A15)/$B$4 | D15: =IFERROR(AVERAGEIFS(Data!$O$2:$O$2441,Data!$O$2:$O$2441,">"&A15),0) | E15: =IFERROR(AVERAGEIFS(Data!$P$2:$P$2441,Data!$P$2:$P$2441,">"&A15),0) | H15: =Data!A15 | I15: =IF(Data!P15>$B$8,Data!P15,0) | J15: =IF(Data!R15>$B$8,Data!R15,0) | K15: =IF(Data!S15>$B$8,Data!S15,0)
A16: 0.25 | B16: =COUNTIF(Data!$O$2:$O$2441,">"&A16)/$B$4 | C16: =COUNTIF(Data!$P$2:$P$2441,">"&A16)/$B$4 | D16: =IFERROR(AVERAGEIFS(Data!$O$2:$O$2441,Data!$O$2:$O$2441,">"&A16),0) | E16: =IFERROR(AVERAGEIFS(Data!$P$2:$P$2441,Data!$P$2:$P$2441,">"&A16),0) | H16: =Data!A16 | I16: =IF(Data!P16>$B$8,Data!P16,0) | J16: =IF(Data!R16>$B$8,Data!R16,0) | K16: =IF(Data!S16>$B$8,Data!S16,0)
A17: 0.5 | B17: =COUNTIF(Data!$O$2:$O$2441,">"&A17)/$B$4 | C17: =COUNTIF(Data!$P$2:$P$2441,">"&A17)/$B$4 | D17: =IFERROR(AVERAGEIFS(Data!$O$2:$O$2441,Data!$O$2:$O$2441,">"&A17),0) | E17: =IFERROR(AVERAGEIFS(Data!$P$2:$P$2441,Data!$P$2:$P$2441,">"&A17),0) | H17: =Data!A17 | I17: =IF(Data!P17>$B$8,Data!P17,0) | J17: =IF(Data!R17>$B$8,Data!R17,0) | K17: =IF(Data!S17>$B$8,Data!S17,0)
A18: 0.75 | B18: =COUNTIF(Data!$O$2:$O$2441,">"&A18)/$B$4 | C18: =COUNTIF(Data!$P$2:$P$2441,">"&A18)/$B$4 | D18: =IFERROR(AVERAGEIFS(Data!$O$2:$O$2441,Data!$O$2:$O$2441,">"&A18),0) | E18: =IFERROR(AVERAGEIFS(Data!$P$2:$P$2441,Data!$P$2:$P$2441,">"&A18),0) | H18: =Data!A18 | I18: =IF(Data!P18>$B$8,Data!P18,0) | J18: =IF(Data!R18>$B$8,Data!R18,0) | K18: =IF(Data!S18>$B$8,Data!S18,0)
A19: 1 | B19: =COUNTIF(Data!$O$2:$O$2441,">"&A19)/$B$4 | C19: =COUNTIF(Data!$P$2:$P$2441,">"&A19)/$B$4 | D19: =IFERROR(AVERAGEIFS(Data!$O$2:$O$2441,Data!$O$2:$O$2441,">"&A19),0) | E19: =IFERROR(AVERAGEIFS(Data!$P$2:$P$2441,Data!$P$2:$P$2441,">"&A19),0) | H19: =Data!A19 | I19: =IF(Data!P19>$B$8,Data!P19,0) | J19: =IF(Data!R19>$B$8,Data!R19,0) | K19: =IF(Data!S19>$B$8,Data!S19,0)
A20: 1.5 | B20: =COUNTIF(Data!$O$2:$O$2441,">"&A20)/$B$4 | C20: =COUNTIF(Data!$P$2:$P$2441,">"&A20)/$B$4 | D20: =IFERROR(AVERAGEIFS(Data!$O$2:$O$2441,Data!$O$2:$O$2441,">"&A20),0) | E20: =IFERROR(AVERAGEIFS(Data!$P$2:$P$2441,Data!$P$2:$P$2441,">"&A20),0) | H20: =Data!A20 | I20: =IF(Data!P20>$B$8,Data!P20,0) | J20: =IF(Data!R20>$B$8,Data!R20,0) | K20: =IF(Data!S20>$B$8,Data!S20,0)
A21: 2 | B21: =COUNTIF(Data!$O$2:$O$2441,">"&A21)/$B$4 | C21: =COUNTIF(Data!$P$2:$P$2441,">"&A21)/$B$4 | D21: =IFERROR(AVERAGEIFS(Data!$O$2:$O$2441,Data!$O$2:$O$2441,">"&A21),0) | E21: =IFERROR(AVERAGEIFS(Data!$P$2:$P$2441,Data!$P$2:$P$2441,">"&A21),0) | H21: =Data!A21 | I21: =IF(Data!P21>$B$8,Data!P21,0) | J21: =IF(Data!R21>$B$8,Data!R21,0) | K21: =IF(Data!S21>$B$8,Data!S21,0)
A22: 3 | B22: =COUNTIF(Data!$O$2:$O$2441,">"&A22)/$B$4 | C22: =COUNTIF(Data!$P$2:$P$2441,">"&A22)/$B$4 | D22: =IFERROR(AVERAGEIFS(Data!$O$2:$O$2441,Data!$O$2:$O$2441,">"&A22),0) | E22: =IFERROR(AVERAGEIFS(Data!$P$2:$P$2441,Data!$P$2:$P$2441,">"&A22),0) | H22: =Data!A22 | I22: =IF(Data!P22>$B$8,Data!P22,0) | J22: =IF(Data!R22>$B$8,Data!R22,0) | K22: =IF(Data!S22>$B$8,Data!S22,0)
A23: 5 | B23: =COUNTIF(Data!$O$2:$O$2441,">"&A23)/$B$4 | C23: =COUNTIF(Data!$P$2:$P$2441,">"&A23)/$B$4 | D23: =IFERROR(AVERAGEIFS(Data!$O$2:$O$2441,Data!$O$2:$O$2441,">"&A23),0) | E23: =IFERROR(AVERAGEIFS(Data!$P$2:$P$2441,Data!$P$2:$P$2441,">"&A23),0) | H23: =Data!A23 | I23: =IF(Data!P23>$B$8,Data!P23,0) | J23: =IF(Data!R23>$B$8,Data!R23,0) | K23: =IF(Data!S23>$B$8,Data!S23,0)
H24: =Data!A24 | I24: =IF(Data!P24>$B$8,Data!P24,0) | J24: =IF(Data!R24>$B$8,Data!R24,0) | K24: =IF(Data!S24>$B$8,Data!S24,0)
A25: The model has rain on almost every day, most of it a fraction of a millimetre. A threshold of about 1 mm brings its wet-day fraction down to the observed value. | H25: =Data!A25 | I25: =IF(Data!P25>$B$8,Data!P25,0) | J25: =IF(Data!R25>$B$8,Data!R25,0) | K25: =IF(Data!S25>$B$8,Data!S25,0)
H26: =Data!A26 | I26: =IF(Data!P26>$B$8,Data!P26,0) | J26: =IF(Data!R26>$B$8,Data!R26,0) | K26: =IF(Data!S26>$B$8,Data!S26,0)
H27: =Data!A27 | I27: =IF(Data!P27>$B$8,Data!P27,0) | J27: =IF(Data!R27>$B$8,Data!R27,0) | K27: =IF(Data!S27>$B$8,Data!S27,0)
H28: =Data!A28 | I28: =IF(Data!P28>$B$8,Data!P28,0) | J28: =IF(Data!R28>$B$8,Data!R28,0) | K28: =IF(Data!S28>$B$8,Data!S28,0)
H29: =Data!A29 | I29: =IF(Data!P29>$B$8,Data!P29,0) | J29: =IF(Data!R29>$B$8,Data!R29,0) | K29: =IF(Data!S29>$B$8,Data!S29,0)
H30: =Data!A30 | I30: =IF(Data!P30>$B$8,Data!P30,0) | J30: =IF(Data!R30>$B$8,Data!R30,0) | K30: =IF(Data!S30>$B$8,Data!S30,0)
H31: =Data!A31 | I31: =IF(Data!P31>$B$8,Data!P31,0) | J31: =IF(Data!R31>$B$8,Data!R31,0) | K31: =IF(Data!S31>$B$8,Data!S31,0)
H32: =Data!A32 | I32: =IF(Data!P32>$B$8,Data!P32,0) | J32: =IF(Data!R32>$B$8,Data!R32,0) | K32: =IF(Data!S32>$B$8,Data!S32,0)
H33: =Data!A33 | I33: =IF(Data!P33>$B$8,Data!P33,0) | J33: =IF(Data!R33>$B$8,Data!R33,0) | K33: =IF(Data!S33>$B$8,Data!S33,0)
H34: =Data!A34 | I34: =IF(Data!P34>$B$8,Data!P34,0) | J34: =IF(Data!R34>$B$8,Data!R34,0) | K34: =IF(Data!S34>$B$8,Data!S34,0)
H35: =Data!A35 | I35: =IF(Data!P35>$B$8,Data!P35,0) | J35: =IF(Data!R35>$B$8,Data!R35,0) | K35: =IF(Data!S35>$B$8,Data!S35,0)
H36: =Data!A36 | I36: =IF(Data!P36>$B$8,Data!P36,0) | J36: =IF(Data!R36>$B$8,Data!R36,0) | K36: =IF(Data!S36>$B$8,Data!S36,0)
H37: =Data!A37 | I37: =IF(Data!P37>$B$8,Data!P37,0) | J37: =IF(Data!R37>$B$8,Data!R37,0) | K37: =IF(Data!S37>$B$8,Data!S37,0)
... H2441: =Data!A2441 | I2441: =IF(Data!P2441>$B$8,Data!P2441,0) | J2441: =IF(Data!R2441>$B$8,Data!R2441,0) | K2441: =IF(Data!S2441>$B$8,Data!S2441,0)

Sheet Delta
A1: Empirical (delta) method: scale the mean (and spread) of the model | H1: day | I1: rain val: mean only | J1: rain val: mean+spread | K1: rain fut: mean only | L1: rain fut: mean+spread | M1: temp val: shift | N1: temp val: shift+spread | O1: temp fut: shift | P1: temp fut: shift+spread
A2: Rain (multiplicative, wet days only, after occurrence adjustment): y = (x - m_t)*s_obs/s_mod + m_t*m_obs/m_mod. Temperature (additive): y = (x - m_t)*s_obs/s_mod + m_t + (m_obs - m_mod). m_t = mean of the series being corrected. | H2: =Data!A2 | I2: =IF(Occurrence!J2>0,Occurrence!J2*$B$6,0) | J2: =IF(Occurrence!J2>0,MAX(0,(Occurrence!J2-$D$4)*$B$7+$D$4*$B$6),0) | K2: =IF(Occurrence!K2>0,Occurrence!K2*$B$6,0) | L2: =IF(Occurrence!K2>0,MAX(0,(Occurrence!K2-$E$4)*$B$7+$E$4*$B$6),0) | M2: =Data!X2+$B$11 | N2: =(Data!X2-$D$9)*$B$12+$D$9+$B$11 | O2: =Data!Y2+$B$11 | P2: =(Data!Y2-$E$9)*$B$12+$E$9+$B$11
A3: Statistic | B3: Obs cal | C3: Model cal | D3: Model val (target) | E3: Model fut (target) | H3: =Data!A3 | I3: =IF(Occurrence!J3>0,Occurrence!J3*$B$6,0) | J3: =IF(Occurrence!J3>0,MAX(0,(Occurrence!J3-$D$4)*$B$7+$D$4*$B$6),0) | K3: =IF(Occurrence!K3>0,Occurrence!K3*$B$6,0) | L3: =IF(Occurrence!K3>0,MAX(0,(Occurrence!K3-$E$4)*$B$7+$E$4*$B$6),0) | M3: =Data!X3+$B$11 | N3: =(Data!X3-$D$9)*$B$12+$D$9+$B$11 | O3: =Data!Y3+$B$11 | P3: =(Data!Y3-$E$9)*$B$12+$E$9+$B$11
A4: Rain: wet-day mean (mm) | B4: =AVERAGEIFS(Data!$O$2:$O$2441,Data!$O$2:$O$2441,">0") | C4: =AVERAGEIFS(Occurrence!$I$2:$I$2441,Occurrence!$I$2:$I$2441,">0") | D4: =AVERAGEIFS(Occurrence!$J$2:$J$2441,Occurrence!$J$2:$J$2441,">0") | E4: =AVERAGEIFS(Occurrence!$K$2:$K$2441,Occurrence!$K$2:$K$2441,">0") | H4: =Data!A4 | I4: =IF(Occurrence!J4>0,Occurrence!J4*$B$6,0) | J4: =IF(Occurrence!J4>0,MAX(0,(Occurrence!J4-$D$4)*$B$7+$D$4*$B$6),0) | K4: =IF(Occurrence!K4>0,Occurrence!K4*$B$6,0) | L4: =IF(Occurrence!K4>0,MAX(0,(Occurrence!K4-$E$4)*$B$7+$E$4*$B$6),0) | M4: =Data!X4+$B$11 | N4: =(Data!X4-$D$9)*$B$12+$D$9+$B$11 | O4: =Data!Y4+$B$11 | P4: =(Data!Y4-$E$9)*$B$12+$E$9+$B$11
A5: Rain: wet-day standard deviation (mm) | B5: =SQRT((SUMPRODUCT((Data!$O$2:$O$2441>0)*Data!$O$2:$O$2441^2)-COUNTIF(Data!$O$2:$O$2441,">0")*B4^2)/(COUNTIF(Data!$O$2:$O$2441,">0")-1)) | C5: =SQRT((SUMPRODUCT((Occurrence!$I$2:$I$2441>0)*Occurrence!$I$2:$I$2441^2)-COUNTIF(Occurrence!$I$2:$I$2441,">0")*C4^2)/(COUNTIF(Occurrence!$I$2:$I$2441,">0")-1)) | D5: =SQRT((SUMPRODUCT((Occurrence!$J$2:$J$2441>0)*Occurrence!$J$2:$J$2441^2)-COUNTIF(Occurrence!$J$2:$J$2441,">0")*D4^2)/(COUNTIF(Occurrence!$J$2:$J$2441,">0")-1)) | E5: =SQRT((SUMPRODUCT((Occurrence!$K$2:$K$2441>0)*Occurrence!$K$2:$K$2441^2)-COUNTIF(Occurrence!$K$2:$K$2441,">0")*E4^2)/(COUNTIF(Occurrence!$K$2:$K$2441,">0")-1)) | H5: =Data!A5 | I5: =IF(Occurrence!J5>0,Occurrence!J5*$B$6,0) | J5: =IF(Occurrence!J5>0,MAX(0,(Occurrence!J5-$D$4)*$B$7+$D$4*$B$6),0) | K5: =IF(Occurrence!K5>0,Occurrence!K5*$B$6,0) | L5: =IF(Occurrence!K5>0,MAX(0,(Occurrence!K5-$E$4)*$B$7+$E$4*$B$6),0) | M5: =Data!X5+$B$11 | N5: =(Data!X5-$D$9)*$B$12+$D$9+$B$11 | O5: =Data!Y5+$B$11 | P5: =(Data!Y5-$E$9)*$B$12+$E$9+$B$11
A6: Rain: mean ratio, obs / model (cal) | B6: =B4/C4 | H6: =Data!A6 | I6: =IF(Occurrence!J6>0,Occurrence!J6*$B$6,0) | J6: =IF(Occurrence!J6>0,MAX(0,(Occurrence!J6-$D$4)*$B$7+$D$4*$B$6),0) | K6: =IF(Occurrence!K6>0,Occurrence!K6*$B$6,0) | L6: =IF(Occurrence!K6>0,MAX(0,(Occurrence!K6-$E$4)*$B$7+$E$4*$B$6),0) | M6: =Data!X6+$B$11 | N6: =(Data!X6-$D$9)*$B$12+$D$9+$B$11 | O6: =Data!Y6+$B$11 | P6: =(Data!Y6-$E$9)*$B$12+$E$9+$B$11
A7: Rain: spread ratio, obs / model (cal) | B7: =B5/C5 | H7: =Data!A7 | I7: =IF(Occurrence!J7>0,Occurrence!J7*$B$6,0) | J7: =IF(Occurrence!J7>0,MAX(0,(Occurrence!J7-$D$4)*$B$7+$D$4*$B$6),0) | K7: =IF(Occurrence!K7>0,Occurrence!K7*$B$6,0) | L7: =IF(Occurrence!K7>0,MAX(0,(Occurrence!K7-$E$4)*$B$7+$E$4*$B$6),0) | M7: =Data!X7+$B$11 | N7: =(Data!X7-$D$9)*$B$12+$D$9+$B$11 | O7: =Data!Y7+$B$11 | P7: =(Data!Y7-$E$9)*$B$12+$E$9+$B$11
H8: =Data!A8 | I8: =IF(Occurrence!J8>0,Occurrence!J8*$B$6,0) | J8: =IF(Occurrence!J8>0,MAX(0,(Occurrence!J8-$D$4)*$B$7+$D$4*$B$6),0) | K8: =IF(Occurrence!K8>0,Occurrence!K8*$B$6,0) | L8: =IF(Occurrence!K8>0,MAX(0,(Occurrence!K8-$E$4)*$B$7+$E$4*$B$6),0) | M8: =Data!X8+$B$11 | N8: =(Data!X8-$D$9)*$B$12+$D$9+$B$11 | O8: =Data!Y8+$B$11 | P8: =(Data!Y8-$E$9)*$B$12+$E$9+$B$11
A9: Temperature: mean (degC) | B9: =AVERAGE(Data!$U$2:$U$2441) | C9: =AVERAGE(Data!$V$2:$V$2441) | D9: =AVERAGE(Data!$X$2:$X$2441) | E9: =AVERAGE(Data!$Y$2:$Y$2441) | H9: =Data!A9 | I9: =IF(Occurrence!J9>0,Occurrence!J9*$B$6,0) | J9: =IF(Occurrence!J9>0,MAX(0,(Occurrence!J9-$D$4)*$B$7+$D$4*$B$6),0) | K9: =IF(Occurrence!K9>0,Occurrence!K9*$B$6,0) | L9: =IF(Occurrence!K9>0,MAX(0,(Occurrence!K9-$E$4)*$B$7+$E$4*$B$6),0) | M9: =Data!X9+$B$11 | N9: =(Data!X9-$D$9)*$B$12+$D$9+$B$11 | O9: =Data!Y9+$B$11 | P9: =(Data!Y9-$E$9)*$B$12+$E$9+$B$11
A10: Temperature: standard deviation (degC) | B10: =_xlfn.STDEV.S(Data!$U$2:$U$2441) | C10: =_xlfn.STDEV.S(Data!$V$2:$V$2441) | D10: =_xlfn.STDEV.S(Data!$X$2:$X$2441) | E10: =_xlfn.STDEV.S(Data!$Y$2:$Y$2441) | H10: =Data!A10 | I10: =IF(Occurrence!J10>0,Occurrence!J10*$B$6,0) | J10: =IF(Occurrence!J10>0,MAX(0,(Occurrence!J10-$D$4)*$B$7+$D$4*$B$6),0) | K10: =IF(Occurrence!K10>0,Occurrence!K10*$B$6,0) | L10: =IF(Occurrence!K10>0,MAX(0,(Occurrence!K10-$E$4)*$B$7+$E$4*$B$6),0) | M10: =Data!X10+$B$11 | N10: =(Data!X10-$D$9)*$B$12+$D$9+$B$11 | O10: =Data!Y10+$B$11 | P10: =(Data!Y10-$E$9)*$B$12+$E$9+$B$11
A11: Temperature: shift, obs - model (cal) | B11: =B9-C9 | H11: =Data!A11 | I11: =IF(Occurrence!J11>0,Occurrence!J11*$B$6,0) | J11: =IF(Occurrence!J11>0,MAX(0,(Occurrence!J11-$D$4)*$B$7+$D$4*$B$6),0) | K11: =IF(Occurrence!K11>0,Occurrence!K11*$B$6,0) | L11: =IF(Occurrence!K11>0,MAX(0,(Occurrence!K11-$E$4)*$B$7+$E$4*$B$6),0) | M11: =Data!X11+$B$11 | N11: =(Data!X11-$D$9)*$B$12+$D$9+$B$11 | O11: =Data!Y11+$B$11 | P11: =(Data!Y11-$E$9)*$B$12+$E$9+$B$11
A12: Temperature: spread ratio, obs / model (cal) | B12: =B10/C10 | H12: =Data!A12 | I12: =IF(Occurrence!J12>0,Occurrence!J12*$B$6,0) | J12: =IF(Occurrence!J12>0,MAX(0,(Occurrence!J12-$D$4)*$B$7+$D$4*$B$6),0) | K12: =IF(Occurrence!K12>0,Occurrence!K12*$B$6,0) | L12: =IF(Occurrence!K12>0,MAX(0,(Occurrence!K12-$E$4)*$B$7+$E$4*$B$6),0) | M12: =Data!X12+$B$11 | N12: =(Data!X12-$D$9)*$B$12+$D$9+$B$11 | O12: =Data!Y12+$B$11 | P12: =(Data!Y12-$E$9)*$B$12+$E$9+$B$11
H13: =Data!A13 | I13: =IF(Occurrence!J13>0,Occurrence!J13*$B$6,0) | J13: =IF(Occurrence!J13>0,MAX(0,(Occurrence!J13-$D$4)*$B$7+$D$4*$B$6),0) | K13: =IF(Occurrence!K13>0,Occurrence!K13*$B$6,0) | L13: =IF(Occurrence!K13>0,MAX(0,(Occurrence!K13-$E$4)*$B$7+$E$4*$B$6),0) | M13: =Data!X13+$B$11 | N13: =(Data!X13-$D$9)*$B$12+$D$9+$B$11 | O13: =Data!Y13+$B$11 | P13: =(Data!Y13-$E$9)*$B$12+$E$9+$B$11
A14: Wet days lost to the floor at 0 mm (validation) | B14: =COUNTIF(Occurrence!$J$2:$J$2441,">0")-COUNTIF(Delta!$J$2:$J$2441,">0") | H14: =Data!A14 | I14: =IF(Occurrence!J14>0,Occurrence!J14*$B$6,0) | J14: =IF(Occurrence!J14>0,MAX(0,(Occurrence!J14-$D$4)*$B$7+$D$4*$B$6),0) | K14: =IF(Occurrence!K14>0,Occurrence!K14*$B$6,0) | L14: =IF(Occurrence!K14>0,MAX(0,(Occurrence!K14-$E$4)*$B$7+$E$4*$B$6),0) | M14: =Data!X14+$B$11 | N14: =(Data!X14-$D$9)*$B$12+$D$9+$B$11 | O14: =Data!Y14+$B$11 | P14: =(Data!Y14-$E$9)*$B$12+$E$9+$B$11
A15: Wet days lost to the floor at 0 mm (future) | B15: =COUNTIF(Occurrence!$K$2:$K$2441,">0")-COUNTIF(Delta!$L$2:$L$2441,">0") | H15: =Data!A15 | I15: =IF(Occurrence!J15>0,Occurrence!J15*$B$6,0) | J15: =IF(Occurrence!J15>0,MAX(0,(Occurrence!J15-$D$4)*$B$7+$D$4*$B$6),0) | K15: =IF(Occurrence!K15>0,Occurrence!K15*$B$6,0) | L15: =IF(Occurrence!K15>0,MAX(0,(Occurrence!K15-$E$4)*$B$7+$E$4*$B$6),0) | M15: =Data!X15+$B$11 | N15: =(Data!X15-$D$9)*$B$12+$D$9+$B$11 | O15: =Data!Y15+$B$11 | P15: =(Data!Y15-$E$9)*$B$12+$E$9+$B$11
A16: Mean-and-spread scaling can give NEGATIVE rain for the lightest wet days; the floor at 0 removes them and the wet-day fraction falls. | H16: =Data!A16 | I16: =IF(Occurrence!J16>0,Occurrence!J16*$B$6,0) | J16: =IF(Occurrence!J16>0,MAX(0,(Occurrence!J16-$D$4)*$B$7+$D$4*$B$6),0) | K16: =IF(Occurrence!K16>0,Occurrence!K16*$B$6,0) | L16: =IF(Occurrence!K16>0,MAX(0,(Occurrence!K16-$E$4)*$B$7+$E$4*$B$6),0) | M16: =Data!X16+$B$11 | N16: =(Data!X16-$D$9)*$B$12+$D$9+$B$11 | O16: =Data!Y16+$B$11 | P16: =(Data!Y16-$E$9)*$B$12+$E$9+$B$11
H17: =Data!A17 | I17: =IF(Occurrence!J17>0,Occurrence!J17*$B$6,0) | J17: =IF(Occurrence!J17>0,MAX(0,(Occurrence!J17-$D$4)*$B$7+$D$4*$B$6),0) | K17: =IF(Occurrence!K17>0,Occurrence!K17*$B$6,0) | L17: =IF(Occurrence!K17>0,MAX(0,(Occurrence!K17-$E$4)*$B$7+$E$4*$B$6),0) | M17: =Data!X17+$B$11 | N17: =(Data!X17-$D$9)*$B$12+$D$9+$B$11 | O17: =Data!Y17+$B$11 | P17: =(Data!Y17-$E$9)*$B$12+$E$9+$B$11
A18: Warning: a ratio of means near zero (illustrative inputs) | H18: =Data!A18 | I18: =IF(Occurrence!J18>0,Occurrence!J18*$B$6,0) | J18: =IF(Occurrence!J18>0,MAX(0,(Occurrence!J18-$D$4)*$B$7+$D$4*$B$6),0) | K18: =IF(Occurrence!K18>0,Occurrence!K18*$B$6,0) | L18: =IF(Occurrence!K18>0,MAX(0,(Occurrence!K18-$E$4)*$B$7+$E$4*$B$6),0) | M18: =Data!X18+$B$11 | N18: =(Data!X18-$D$9)*$B$12+$D$9+$B$11 | O18: =Data!Y18+$B$11 | P18: =(Data!Y18-$E$9)*$B$12+$E$9+$B$11
A19: Observed dry-season mean (mm/day) | B19: 2 | H19: =Data!A19 | I19: =IF(Occurrence!J19>0,Occurrence!J19*$B$6,0) | J19: =IF(Occurrence!J19>0,MAX(0,(Occurrence!J19-$D$4)*$B$7+$D$4*$B$6),0) | K19: =IF(Occurrence!K19>0,Occurrence!K19*$B$6,0) | L19: =IF(Occurrence!K19>0,MAX(0,(Occurrence!K19-$E$4)*$B$7+$E$4*$B$6),0) | M19: =Data!X19+$B$11 | N19: =(Data!X19-$D$9)*$B$12+$D$9+$B$11 | O19: =Data!Y19+$B$11 | P19: =(Data!Y19-$E$9)*$B$12+$E$9+$B$11
A20: Model dry-season mean (mm/day) | B20: 0.05 | H20: =Data!A20 | I20: =IF(Occurrence!J20>0,Occurrence!J20*$B$6,0) | J20: =IF(Occurrence!J20>0,MAX(0,(Occurrence!J20-$D$4)*$B$7+$D$4*$B$6),0) | K20: =IF(Occurrence!K20>0,Occurrence!K20*$B$6,0) | L20: =IF(Occurrence!K20>0,MAX(0,(Occurrence!K20-$E$4)*$B$7+$E$4*$B$6),0) | M20: =Data!X20+$B$11 | N20: =(Data!X20-$D$9)*$B$12+$D$9+$B$11 | O20: =Data!Y20+$B$11 | P20: =(Data!Y20-$E$9)*$B$12+$E$9+$B$11
A21: Multiplicative factor obs / model | B21: =B19/B20 | H21: =Data!A21 | I21: =IF(Occurrence!J21>0,Occurrence!J21*$B$6,0) | J21: =IF(Occurrence!J21>0,MAX(0,(Occurrence!J21-$D$4)*$B$7+$D$4*$B$6),0) | K21: =IF(Occurrence!K21>0,Occurrence!K21*$B$6,0) | L21: =IF(Occurrence!K21>0,MAX(0,(Occurrence!K21-$E$4)*$B$7+$E$4*$B$6),0) | M21: =Data!X21+$B$11 | N21: =(Data!X21-$D$9)*$B$12+$D$9+$B$11 | O21: =Data!Y21+$B$11 | P21: =(Data!Y21-$E$9)*$B$12+$E$9+$B$11
A22: A model day of (mm) | B22: 0.4 | H22: =Data!A22 | I22: =IF(Occurrence!J22>0,Occurrence!J22*$B$6,0) | J22: =IF(Occurrence!J22>0,MAX(0,(Occurrence!J22-$D$4)*$B$7+$D$4*$B$6),0) | K22: =IF(Occurrence!K22>0,Occurrence!K22*$B$6,0) | L22: =IF(Occurrence!K22>0,MAX(0,(Occurrence!K22-$E$4)*$B$7+$E$4*$B$6),0) | M22: =Data!X22+$B$11 | N22: =(Data!X22-$D$9)*$B$12+$D$9+$B$11 | O22: =Data!Y22+$B$11 | P22: =(Data!Y22-$E$9)*$B$12+$E$9+$B$11
A23: becomes (mm) | B23: =B21*B22 | H23: =Data!A23 | I23: =IF(Occurrence!J23>0,Occurrence!J23*$B$6,0) | J23: =IF(Occurrence!J23>0,MAX(0,(Occurrence!J23-$D$4)*$B$7+$D$4*$B$6),0) | K23: =IF(Occurrence!K23>0,Occurrence!K23*$B$6,0) | L23: =IF(Occurrence!K23>0,MAX(0,(Occurrence!K23-$E$4)*$B$7+$E$4*$B$6),0) | M23: =Data!X23+$B$11 | N23: =(Data!X23-$D$9)*$B$12+$D$9+$B$11 | O23: =Data!Y23+$B$11 | P23: =(Data!Y23-$E$9)*$B$12+$E$9+$B$11
A24: A factor of 40 turns a 0.4 mm model drizzle into 16 mm. Never use a ratio when the model mean is close to zero; use an additive correction or a bounded one. | H24: =Data!A24 | I24: =IF(Occurrence!J24>0,Occurrence!J24*$B$6,0) | J24: =IF(Occurrence!J24>0,MAX(0,(Occurrence!J24-$D$4)*$B$7+$D$4*$B$6),0) | K24: =IF(Occurrence!K24>0,Occurrence!K24*$B$6,0) | L24: =IF(Occurrence!K24>0,MAX(0,(Occurrence!K24-$E$4)*$B$7+$E$4*$B$6),0) | M24: =Data!X24+$B$11 | N24: =(Data!X24-$D$9)*$B$12+$D$9+$B$11 | O24: =Data!Y24+$B$11 | P24: =(Data!Y24-$E$9)*$B$12+$E$9+$B$11
H25: =Data!A25 | I25: =IF(Occurrence!J25>0,Occurrence!J25*$B$6,0) | J25: =IF(Occurrence!J25>0,MAX(0,(Occurrence!J25-$D$4)*$B$7+$D$4*$B$6),0) | K25: =IF(Occurrence!K25>0,Occurrence!K25*$B$6,0) | L25: =IF(Occurrence!K25>0,MAX(0,(Occurrence!K25-$E$4)*$B$7+$E$4*$B$6),0) | M25: =Data!X25+$B$11 | N25: =(Data!X25-$D$9)*$B$12+$D$9+$B$11 | O25: =Data!Y25+$B$11 | P25: =(Data!Y25-$E$9)*$B$12+$E$9+$B$11
H26: =Data!A26 | I26: =IF(Occurrence!J26>0,Occurrence!J26*$B$6,0) | J26: =IF(Occurrence!J26>0,MAX(0,(Occurrence!J26-$D$4)*$B$7+$D$4*$B$6),0) | K26: =IF(Occurrence!K26>0,Occurrence!K26*$B$6,0) | L26: =IF(Occurrence!K26>0,MAX(0,(Occurrence!K26-$E$4)*$B$7+$E$4*$B$6),0) | M26: =Data!X26+$B$11 | N26: =(Data!X26-$D$9)*$B$12+$D$9+$B$11 | O26: =Data!Y26+$B$11 | P26: =(Data!Y26-$E$9)*$B$12+$E$9+$B$11
H27: =Data!A27 | I27: =IF(Occurrence!J27>0,Occurrence!J27*$B$6,0) | J27: =IF(Occurrence!J27>0,MAX(0,(Occurrence!J27-$D$4)*$B$7+$D$4*$B$6),0) | K27: =IF(Occurrence!K27>0,Occurrence!K27*$B$6,0) | L27: =IF(Occurrence!K27>0,MAX(0,(Occurrence!K27-$E$4)*$B$7+$E$4*$B$6),0) | M27: =Data!X27+$B$11 | N27: =(Data!X27-$D$9)*$B$12+$D$9+$B$11 | O27: =Data!Y27+$B$11 | P27: =(Data!Y27-$E$9)*$B$12+$E$9+$B$11
H28: =Data!A28 | I28: =IF(Occurrence!J28>0,Occurrence!J28*$B$6,0) | J28: =IF(Occurrence!J28>0,MAX(0,(Occurrence!J28-$D$4)*$B$7+$D$4*$B$6),0) | K28: =IF(Occurrence!K28>0,Occurrence!K28*$B$6,0) | L28: =IF(Occurrence!K28>0,MAX(0,(Occurrence!K28-$E$4)*$B$7+$E$4*$B$6),0) | M28: =Data!X28+$B$11 | N28: =(Data!X28-$D$9)*$B$12+$D$9+$B$11 | O28: =Data!Y28+$B$11 | P28: =(Data!Y28-$E$9)*$B$12+$E$9+$B$11
H29: =Data!A29 | I29: =IF(Occurrence!J29>0,Occurrence!J29*$B$6,0) | J29: =IF(Occurrence!J29>0,MAX(0,(Occurrence!J29-$D$4)*$B$7+$D$4*$B$6),0) | K29: =IF(Occurrence!K29>0,Occurrence!K29*$B$6,0) | L29: =IF(Occurrence!K29>0,MAX(0,(Occurrence!K29-$E$4)*$B$7+$E$4*$B$6),0) | M29: =Data!X29+$B$11 | N29: =(Data!X29-$D$9)*$B$12+$D$9+$B$11 | O29: =Data!Y29+$B$11 | P29: =(Data!Y29-$E$9)*$B$12+$E$9+$B$11
H30: =Data!A30 | I30: =IF(Occurrence!J30>0,Occurrence!J30*$B$6,0) | J30: =IF(Occurrence!J30>0,MAX(0,(Occurrence!J30-$D$4)*$B$7+$D$4*$B$6),0) | K30: =IF(Occurrence!K30>0,Occurrence!K30*$B$6,0) | L30: =IF(Occurrence!K30>0,MAX(0,(Occurrence!K30-$E$4)*$B$7+$E$4*$B$6),0) | M30: =Data!X30+$B$11 | N30: =(Data!X30-$D$9)*$B$12+$D$9+$B$11 | O30: =Data!Y30+$B$11 | P30: =(Data!Y30-$E$9)*$B$12+$E$9+$B$11
H31: =Data!A31 | I31: =IF(Occurrence!J31>0,Occurrence!J31*$B$6,0) | J31: =IF(Occurrence!J31>0,MAX(0,(Occurrence!J31-$D$4)*$B$7+$D$4*$B$6),0) | K31: =IF(Occurrence!K31>0,Occurrence!K31*$B$6,0) | L31: =IF(Occurrence!K31>0,MAX(0,(Occurrence!K31-$E$4)*$B$7+$E$4*$B$6),0) | M31: =Data!X31+$B$11 | N31: =(Data!X31-$D$9)*$B$12+$D$9+$B$11 | O31: =Data!Y31+$B$11 | P31: =(Data!Y31-$E$9)*$B$12+$E$9+$B$11
H32: =Data!A32 | I32: =IF(Occurrence!J32>0,Occurrence!J32*$B$6,0) | J32: =IF(Occurrence!J32>0,MAX(0,(Occurrence!J32-$D$4)*$B$7+$D$4*$B$6),0) | K32: =IF(Occurrence!K32>0,Occurrence!K32*$B$6,0) | L32: =IF(Occurrence!K32>0,MAX(0,(Occurrence!K32-$E$4)*$B$7+$E$4*$B$6),0) | M32: =Data!X32+$B$11 | N32: =(Data!X32-$D$9)*$B$12+$D$9+$B$11 | O32: =Data!Y32+$B$11 | P32: =(Data!Y32-$E$9)*$B$12+$E$9+$B$11
H33: =Data!A33 | I33: =IF(Occurrence!J33>0,Occurrence!J33*$B$6,0) | J33: =IF(Occurrence!J33>0,MAX(0,(Occurrence!J33-$D$4)*$B$7+$D$4*$B$6),0) | K33: =IF(Occurrence!K33>0,Occurrence!K33*$B$6,0) | L33: =IF(Occurrence!K33>0,MAX(0,(Occurrence!K33-$E$4)*$B$7+$E$4*$B$6),0) | M33: =Data!X33+$B$11 | N33: =(Data!X33-$D$9)*$B$12+$D$9+$B$11 | O33: =Data!Y33+$B$11 | P33: =(Data!Y33-$E$9)*$B$12+$E$9+$B$11
H34: =Data!A34 | I34: =IF(Occurrence!J34>0,Occurrence!J34*$B$6,0) | J34: =IF(Occurrence!J34>0,MAX(0,(Occurrence!J34-$D$4)*$B$7+$D$4*$B$6),0) | K34: =IF(Occurrence!K34>0,Occurrence!K34*$B$6,0) | L34: =IF(Occurrence!K34>0,MAX(0,(Occurrence!K34-$E$4)*$B$7+$E$4*$B$6),0) | M34: =Data!X34+$B$11 | N34: =(Data!X34-$D$9)*$B$12+$D$9+$B$11 | O34: =Data!Y34+$B$11 | P34: =(Data!Y34-$E$9)*$B$12+$E$9+$B$11
H35: =Data!A35 | I35: =IF(Occurrence!J35>0,Occurrence!J35*$B$6,0) | J35: =IF(Occurrence!J35>0,MAX(0,(Occurrence!J35-$D$4)*$B$7+$D$4*$B$6),0) | K35: =IF(Occurrence!K35>0,Occurrence!K35*$B$6,0) | L35: =IF(Occurrence!K35>0,MAX(0,(Occurrence!K35-$E$4)*$B$7+$E$4*$B$6),0) | M35: =Data!X35+$B$11 | N35: =(Data!X35-$D$9)*$B$12+$D$9+$B$11 | O35: =Data!Y35+$B$11 | P35: =(Data!Y35-$E$9)*$B$12+$E$9+$B$11
H36: =Data!A36 | I36: =IF(Occurrence!J36>0,Occurrence!J36*$B$6,0) | J36: =IF(Occurrence!J36>0,MAX(0,(Occurrence!J36-$D$4)*$B$7+$D$4*$B$6),0) | K36: =IF(Occurrence!K36>0,Occurrence!K36*$B$6,0) | L36: =IF(Occurrence!K36>0,MAX(0,(Occurrence!K36-$E$4)*$B$7+$E$4*$B$6),0) | M36: =Data!X36+$B$11 | N36: =(Data!X36-$D$9)*$B$12+$D$9+$B$11 | O36: =Data!Y36+$B$11 | P36: =(Data!Y36-$E$9)*$B$12+$E$9+$B$11
... H2441: =Data!A2441 | I2441: =IF(Occurrence!J2441>0,Occurrence!J2441*$B$6,0) | J2441: =IF(Occurrence!J2441>0,MAX(0,(Occurrence!J2441-$D$4)*$B$7+$D$4*$B$6),0) | K2441: =IF(Occurrence!K2441>0,Occurrence!K2441*$B$6,0) | L2441: =IF(Occurrence!K2441>0,MAX(0,(Occurrence!K2441-$E$4)*$B$7+$E$4*$B$6),0) | M2441: =Data!X2441+$B$11 | N2441: =(Data!X2441-$D$9)*$B$12+$D$9+$B$11 | O2441: =Data!Y2441+$B$11 | P2441: =(Data!Y2441-$E$9)*$B$12+$E$9+$B$11

Sheet QM_tiny
A1: Quantile mapping by hand: 12 values
A2: Pair the i-th smallest model value with the i-th smallest observed value, join the pairs by straight lines, and read the corrected value off this line. All values are made up (mm).
D3: n = | E3: =COUNT(A5:A16)
A4: Obs wet-day rain (mm) | B4: Model wet-day rain (mm) | D4: rank k | E4: obs, sorted | F4: model, sorted | G4: probability p_k = (k-1)/(n-1)
A5: 11.5 | B5: 4.1 | D5: 1 | E5: =SMALL($A$5:$A$16,D5) | F5: =SMALL($B$5:$B$16,D5) | G5: =(D5-1)/($E$3-1)
A6: 0.6 | B6: 1.4 | D6: 2 | E6: =SMALL($A$5:$A$16,D6) | F6: =SMALL($B$5:$B$16,D6) | G6: =(D6-1)/($E$3-1)
A7: 31 | B7: 9.5 | D7: 3 | E7: =SMALL($A$5:$A$16,D7) | F7: =SMALL($B$5:$B$16,D7) | G7: =(D7-1)/($E$3-1)
A8: 3.1 | B8: 2.2 | D8: 4 | E8: =SMALL($A$5:$A$16,D8) | F8: =SMALL($B$5:$B$16,D8) | G8: =(D8-1)/($E$3-1)
A9: 8.3 | B9: 6.3 | D9: 5 | E9: =SMALL($A$5:$A$16,D9) | F9: =SMALL($B$5:$B$16,D9) | G9: =(D9-1)/($E$3-1)
A10: 58 | B10: 14 | D10: 6 | E10: =SMALL($A$5:$A$16,D10) | F10: =SMALL($B$5:$B$16,D10) | G10: =(D10-1)/($E$3-1)
A11: 1.2 | B11: 1.1 | D11: 7 | E11: =SMALL($A$5:$A$16,D11) | F11: =SMALL($B$5:$B$16,D11) | G11: =(D11-1)/($E$3-1)
A12: 22.4 | B12: 5 | D12: 8 | E12: =SMALL($A$5:$A$16,D12) | F12: =SMALL($B$5:$B$16,D12) | G12: =(D12-1)/($E$3-1)
A13: 4.8 | B13: 2.8 | D13: 9 | E13: =SMALL($A$5:$A$16,D13) | F13: =SMALL($B$5:$B$16,D13) | G13: =(D13-1)/($E$3-1)
A14: 15 | B14: 7.7 | D14: 10 | E14: =SMALL($A$5:$A$16,D14) | F14: =SMALL($B$5:$B$16,D14) | G14: =(D14-1)/($E$3-1)
A15: 2.5 | B15: 1.9 | D15: 11 | E15: =SMALL($A$5:$A$16,D15) | F15: =SMALL($B$5:$B$16,D15) | G15: =(D15-1)/($E$3-1)
A16: 6 | B16: 3.4 | D16: 12 | E16: =SMALL($A$5:$A$16,D16) | F16: =SMALL($B$5:$B$16,D16) | G16: =(D16-1)/($E$3-1)
A18: Correct new model values
A19: x, new model value (mm) | B19: i: last sorted model value <= x | C19: p = model probability of x | D19: y, corrected (mm) | E19: check: PERCENTILE.INC(obs, p) | F19: rule used
A20: 0.8 | B20: =IFERROR(MATCH(A20,$F$5:$F$16,1),0) | C20: =IF(OR(B20=0,B20=$E$3),"outside range",(B20-1+(A20-INDEX($F$5:$F$16,B20))/(INDEX($F$5:$F$16,B20+1)-INDEX($F$5:$F$16,B20)))/($E$3-1)) | D20: =IF(B20=0,A20*$E$5/$F$5,IF(B20=$E$3,A20*INDEX($E$5:$E$16,$E$3)/INDEX($F$5:$F$16,$E$3),INDEX($E$5:$E$16,B20)+(A20-INDEX($F$5:$F$16,B20))/(INDEX($F$5:$F$16,B20+1)-INDEX($F$5:$F$16,B20))*(INDEX($E$5:$E$16,B20+1)-INDEX($E$5:$E$16,B20)))) | E20: =IF(ISNUMBER(C20),_xlfn.PERCENTILE.INC($A$5:$A$16,C20),"n/a") | F20: =IF(B20=0,"below range: ratio of smallest pair",IF(B20=$E$3,"above range: ratio of largest pair","interpolate between neighbours"))
A21: 2.5 | B21: =IFERROR(MATCH(A21,$F$5:$F$16,1),0) | C21: =IF(OR(B21=0,B21=$E$3),"outside range",(B21-1+(A21-INDEX($F$5:$F$16,B21))/(INDEX($F$5:$F$16,B21+1)-INDEX($F$5:$F$16,B21)))/($E$3-1)) | D21: =IF(B21=0,A21*$E$5/$F$5,IF(B21=$E$3,A21*INDEX($E$5:$E$16,$E$3)/INDEX($F$5:$F$16,$E$3),INDEX($E$5:$E$16,B21)+(A21-INDEX($F$5:$F$16,B21))/(INDEX($F$5:$F$16,B21+1)-INDEX($F$5:$F$16,B21))*(INDEX($E$5:$E$16,B21+1)-INDEX($E$5:$E$16,B21)))) | E21: =IF(ISNUMBER(C21),_xlfn.PERCENTILE.INC($A$5:$A$16,C21),"n/a") | F21: =IF(B21=0,"below range: ratio of smallest pair",IF(B21=$E$3,"above range: ratio of largest pair","interpolate between neighbours"))
A22: 4.5 | B22: =IFERROR(MATCH(A22,$F$5:$F$16,1),0) | C22: =IF(OR(B22=0,B22=$E$3),"outside range",(B22-1+(A22-INDEX($F$5:$F$16,B22))/(INDEX($F$5:$F$16,B22+1)-INDEX($F$5:$F$16,B22)))/($E$3-1)) | D22: =IF(B22=0,A22*$E$5/$F$5,IF(B22=$E$3,A22*INDEX($E$5:$E$16,$E$3)/INDEX($F$5:$F$16,$E$3),INDEX($E$5:$E$16,B22)+(A22-INDEX($F$5:$F$16,B22))/(INDEX($F$5:$F$16,B22+1)-INDEX($F$5:$F$16,B22))*(INDEX($E$5:$E$16,B22+1)-INDEX($E$5:$E$16,B22)))) | E22: =IF(ISNUMBER(C22),_xlfn.PERCENTILE.INC($A$5:$A$16,C22),"n/a") | F22: =IF(B22=0,"below range: ratio of smallest pair",IF(B22=$E$3,"above range: ratio of largest pair","interpolate between neighbours"))
A23: 7 | B23: =IFERROR(MATCH(A23,$F$5:$F$16,1),0) | C23: =IF(OR(B23=0,B23=$E$3),"outside range",(B23-1+(A23-INDEX($F$5:$F$16,B23))/(INDEX($F$5:$F$16,B23+1)-INDEX($F$5:$F$16,B23)))/($E$3-1)) | D23: =IF(B23=0,A23*$E$5/$F$5,IF(B23=$E$3,A23*INDEX($E$5:$E$16,$E$3)/INDEX($F$5:$F$16,$E$3),INDEX($E$5:$E$16,B23)+(A23-INDEX($F$5:$F$16,B23))/(INDEX($F$5:$F$16,B23+1)-INDEX($F$5:$F$16,B23))*(INDEX($E$5:$E$16,B23+1)-INDEX($E$5:$E$16,B23)))) | E23: =IF(ISNUMBER(C23),_xlfn.PERCENTILE.INC($A$5:$A$16,C23),"n/a") | F23: =IF(B23=0,"below range: ratio of smallest pair",IF(B23=$E$3,"above range: ratio of largest pair","interpolate between neighbours"))
A24: 12 | B24: =IFERROR(MATCH(A24,$F$5:$F$16,1),0) | C24: =IF(OR(B24=0,B24=$E$3),"outside range",(B24-1+(A24-INDEX($F$5:$F$16,B24))/(INDEX($F$5:$F$16,B24+1)-INDEX($F$5:$F$16,B24)))/($E$3-1)) | D24: =IF(B24=0,A24*$E$5/$F$5,IF(B24=$E$3,A24*INDEX($E$5:$E$16,$E$3)/INDEX($F$5:$F$16,$E$3),INDEX($E$5:$E$16,B24)+(A24-INDEX($F$5:$F$16,B24))/(INDEX($F$5:$F$16,B24+1)-INDEX($F$5:$F$16,B24))*(INDEX($E$5:$E$16,B24+1)-INDEX($E$5:$E$16,B24)))) | E24: =IF(ISNUMBER(C24),_xlfn.PERCENTILE.INC($A$5:$A$16,C24),"n/a") | F24: =IF(B24=0,"below range: ratio of smallest pair",IF(B24=$E$3,"above range: ratio of largest pair","interpolate between neighbours"))
A25: 20 | B25: =IFERROR(MATCH(A25,$F$5:$F$16,1),0) | C25: =IF(OR(B25=0,B25=$E$3),"outside range",(B25-1+(A25-INDEX($F$5:$F$16,B25))/(INDEX($F$5:$F$16,B25+1)-INDEX($F$5:$F$16,B25)))/($E$3-1)) | D25: =IF(B25=0,A25*$E$5/$F$5,IF(B25=$E$3,A25*INDEX($E$5:$E$16,$E$3)/INDEX($F$5:$F$16,$E$3),INDEX($E$5:$E$16,B25)+(A25-INDEX($F$5:$F$16,B25))/(INDEX($F$5:$F$16,B25+1)-INDEX($F$5:$F$16,B25))*(INDEX($E$5:$E$16,B25+1)-INDEX($E$5:$E$16,B25)))) | E25: =IF(ISNUMBER(C25),_xlfn.PERCENTILE.INC($A$5:$A$16,C25),"n/a") | F25: =IF(B25=0,"below range: ratio of smallest pair",IF(B25=$E$3,"above range: ratio of largest pair","interpolate between neighbours"))
A27: Example: x = 4.5 lies between the 7th (4.1) and 8th (5.0) sorted model values, so it is 0.44 of the way from the 7th to the 8th; the corrected value is the same fraction of the way from the 7th to the 8th sorted observation.

Sheet QM_gamma
A1: Parametric quantile mapping: gamma (rain) and normal (temperature) | H1: day | I1: rain val: F_mod(x) | J1: rain val: y | K1: rain fut: F_mod(x) | L1: rain fut: y | M1: temp val: F_mod(x) | N1: temp val: y | O1: temp fut: F_mod(x) | P1: temp fut: y
A2: Fit by moments on the calibration period: k = m^2/s^2, theta = s^2/m. Then y = F_obs^-1( F_mod(x) ) = GAMMA.INV( GAMMA.DIST(x, k_mod, theta_mod, TRUE), k_obs, theta_obs ). | H2: =Data!A2 | I2: =IF(Occurrence!J2>0,_xlfn.GAMMA.DIST(Occurrence!J2,$C$6,$C$7,TRUE),0) | J2: =IF(Occurrence!J2>0,_xlfn.GAMMA.INV(I2,$B$6,$B$7),0) | K2: =IF(Occurrence!K2>0,_xlfn.GAMMA.DIST(Occurrence!K2,$C$6,$C$7,TRUE),0) | L2: =IF(Occurrence!K2>0,_xlfn.GAMMA.INV(K2,$B$6,$B$7),0) | M2: =_xlfn.NORM.DIST(Data!X2,$C$9,$C$10,TRUE) | N2: =_xlfn.NORM.INV(M2,$B$9,$B$10) | O2: =_xlfn.NORM.DIST(Data!Y2,$C$9,$C$10,TRUE) | P2: =_xlfn.NORM.INV(O2,$B$9,$B$10)
A3: Quantity | B3: Obs cal | C3: Model cal (adj.) | H3: =Data!A3 | I3: =IF(Occurrence!J3>0,_xlfn.GAMMA.DIST(Occurrence!J3,$C$6,$C$7,TRUE),0) | J3: =IF(Occurrence!J3>0,_xlfn.GAMMA.INV(I3,$B$6,$B$7),0) | K3: =IF(Occurrence!K3>0,_xlfn.GAMMA.DIST(Occurrence!K3,$C$6,$C$7,TRUE),0) | L3: =IF(Occurrence!K3>0,_xlfn.GAMMA.INV(K3,$B$6,$B$7),0) | M3: =_xlfn.NORM.DIST(Data!X3,$C$9,$C$10,TRUE) | N3: =_xlfn.NORM.INV(M3,$B$9,$B$10) | O3: =_xlfn.NORM.DIST(Data!Y3,$C$9,$C$10,TRUE) | P3: =_xlfn.NORM.INV(O3,$B$9,$B$10)
A4: Rain: wet-day mean m (mm) | B4: =AVERAGEIFS(Data!$O$2:$O$2441,Data!$O$2:$O$2441,">0") | C4: =AVERAGEIFS(Occurrence!$I$2:$I$2441,Occurrence!$I$2:$I$2441,">0") | H4: =Data!A4 | I4: =IF(Occurrence!J4>0,_xlfn.GAMMA.DIST(Occurrence!J4,$C$6,$C$7,TRUE),0) | J4: =IF(Occurrence!J4>0,_xlfn.GAMMA.INV(I4,$B$6,$B$7),0) | K4: =IF(Occurrence!K4>0,_xlfn.GAMMA.DIST(Occurrence!K4,$C$6,$C$7,TRUE),0) | L4: =IF(Occurrence!K4>0,_xlfn.GAMMA.INV(K4,$B$6,$B$7),0) | M4: =_xlfn.NORM.DIST(Data!X4,$C$9,$C$10,TRUE) | N4: =_xlfn.NORM.INV(M4,$B$9,$B$10) | O4: =_xlfn.NORM.DIST(Data!Y4,$C$9,$C$10,TRUE) | P4: =_xlfn.NORM.INV(O4,$B$9,$B$10)
A5: Rain: wet-day standard deviation s (mm) | B5: =SQRT((SUMPRODUCT((Data!$O$2:$O$2441>0)*Data!$O$2:$O$2441^2)-COUNTIF(Data!$O$2:$O$2441,">0")*B4^2)/(COUNTIF(Data!$O$2:$O$2441,">0")-1)) | C5: =SQRT((SUMPRODUCT((Occurrence!$I$2:$I$2441>0)*Occurrence!$I$2:$I$2441^2)-COUNTIF(Occurrence!$I$2:$I$2441,">0")*C4^2)/(COUNTIF(Occurrence!$I$2:$I$2441,">0")-1)) | H5: =Data!A5 | I5: =IF(Occurrence!J5>0,_xlfn.GAMMA.DIST(Occurrence!J5,$C$6,$C$7,TRUE),0) | J5: =IF(Occurrence!J5>0,_xlfn.GAMMA.INV(I5,$B$6,$B$7),0) | K5: =IF(Occurrence!K5>0,_xlfn.GAMMA.DIST(Occurrence!K5,$C$6,$C$7,TRUE),0) | L5: =IF(Occurrence!K5>0,_xlfn.GAMMA.INV(K5,$B$6,$B$7),0) | M5: =_xlfn.NORM.DIST(Data!X5,$C$9,$C$10,TRUE) | N5: =_xlfn.NORM.INV(M5,$B$9,$B$10) | O5: =_xlfn.NORM.DIST(Data!Y5,$C$9,$C$10,TRUE) | P5: =_xlfn.NORM.INV(O5,$B$9,$B$10)
A6: Rain: gamma shape k = m^2/s^2 | B6: =B4^2/B5^2 | C6: =C4^2/C5^2 | H6: =Data!A6 | I6: =IF(Occurrence!J6>0,_xlfn.GAMMA.DIST(Occurrence!J6,$C$6,$C$7,TRUE),0) | J6: =IF(Occurrence!J6>0,_xlfn.GAMMA.INV(I6,$B$6,$B$7),0) | K6: =IF(Occurrence!K6>0,_xlfn.GAMMA.DIST(Occurrence!K6,$C$6,$C$7,TRUE),0) | L6: =IF(Occurrence!K6>0,_xlfn.GAMMA.INV(K6,$B$6,$B$7),0) | M6: =_xlfn.NORM.DIST(Data!X6,$C$9,$C$10,TRUE) | N6: =_xlfn.NORM.INV(M6,$B$9,$B$10) | O6: =_xlfn.NORM.DIST(Data!Y6,$C$9,$C$10,TRUE) | P6: =_xlfn.NORM.INV(O6,$B$9,$B$10)
A7: Rain: gamma scale theta = s^2/m (mm) | B7: =B5^2/B4 | C7: =C5^2/C4 | H7: =Data!A7 | I7: =IF(Occurrence!J7>0,_xlfn.GAMMA.DIST(Occurrence!J7,$C$6,$C$7,TRUE),0) | J7: =IF(Occurrence!J7>0,_xlfn.GAMMA.INV(I7,$B$6,$B$7),0) | K7: =IF(Occurrence!K7>0,_xlfn.GAMMA.DIST(Occurrence!K7,$C$6,$C$7,TRUE),0) | L7: =IF(Occurrence!K7>0,_xlfn.GAMMA.INV(K7,$B$6,$B$7),0) | M7: =_xlfn.NORM.DIST(Data!X7,$C$9,$C$10,TRUE) | N7: =_xlfn.NORM.INV(M7,$B$9,$B$10) | O7: =_xlfn.NORM.DIST(Data!Y7,$C$9,$C$10,TRUE) | P7: =_xlfn.NORM.INV(O7,$B$9,$B$10)
H8: =Data!A8 | I8: =IF(Occurrence!J8>0,_xlfn.GAMMA.DIST(Occurrence!J8,$C$6,$C$7,TRUE),0) | J8: =IF(Occurrence!J8>0,_xlfn.GAMMA.INV(I8,$B$6,$B$7),0) | K8: =IF(Occurrence!K8>0,_xlfn.GAMMA.DIST(Occurrence!K8,$C$6,$C$7,TRUE),0) | L8: =IF(Occurrence!K8>0,_xlfn.GAMMA.INV(K8,$B$6,$B$7),0) | M8: =_xlfn.NORM.DIST(Data!X8,$C$9,$C$10,TRUE) | N8: =_xlfn.NORM.INV(M8,$B$9,$B$10) | O8: =_xlfn.NORM.DIST(Data!Y8,$C$9,$C$10,TRUE) | P8: =_xlfn.NORM.INV(O8,$B$9,$B$10)
A9: Temperature: mean (degC) | B9: =AVERAGE(Data!$U$2:$U$2441) | C9: =AVERAGE(Data!$V$2:$V$2441) | H9: =Data!A9 | I9: =IF(Occurrence!J9>0,_xlfn.GAMMA.DIST(Occurrence!J9,$C$6,$C$7,TRUE),0) | J9: =IF(Occurrence!J9>0,_xlfn.GAMMA.INV(I9,$B$6,$B$7),0) | K9: =IF(Occurrence!K9>0,_xlfn.GAMMA.DIST(Occurrence!K9,$C$6,$C$7,TRUE),0) | L9: =IF(Occurrence!K9>0,_xlfn.GAMMA.INV(K9,$B$6,$B$7),0) | M9: =_xlfn.NORM.DIST(Data!X9,$C$9,$C$10,TRUE) | N9: =_xlfn.NORM.INV(M9,$B$9,$B$10) | O9: =_xlfn.NORM.DIST(Data!Y9,$C$9,$C$10,TRUE) | P9: =_xlfn.NORM.INV(O9,$B$9,$B$10)
A10: Temperature: standard deviation (degC) | B10: =_xlfn.STDEV.S(Data!$U$2:$U$2441) | C10: =_xlfn.STDEV.S(Data!$V$2:$V$2441) | H10: =Data!A10 | I10: =IF(Occurrence!J10>0,_xlfn.GAMMA.DIST(Occurrence!J10,$C$6,$C$7,TRUE),0) | J10: =IF(Occurrence!J10>0,_xlfn.GAMMA.INV(I10,$B$6,$B$7),0) | K10: =IF(Occurrence!K10>0,_xlfn.GAMMA.DIST(Occurrence!K10,$C$6,$C$7,TRUE),0) | L10: =IF(Occurrence!K10>0,_xlfn.GAMMA.INV(K10,$B$6,$B$7),0) | M10: =_xlfn.NORM.DIST(Data!X10,$C$9,$C$10,TRUE) | N10: =_xlfn.NORM.INV(M10,$B$9,$B$10) | O10: =_xlfn.NORM.DIST(Data!Y10,$C$9,$C$10,TRUE) | P10: =_xlfn.NORM.INV(O10,$B$9,$B$10)
H11: =Data!A11 | I11: =IF(Occurrence!J11>0,_xlfn.GAMMA.DIST(Occurrence!J11,$C$6,$C$7,TRUE),0) | J11: =IF(Occurrence!J11>0,_xlfn.GAMMA.INV(I11,$B$6,$B$7),0) | K11: =IF(Occurrence!K11>0,_xlfn.GAMMA.DIST(Occurrence!K11,$C$6,$C$7,TRUE),0) | L11: =IF(Occurrence!K11>0,_xlfn.GAMMA.INV(K11,$B$6,$B$7),0) | M11: =_xlfn.NORM.DIST(Data!X11,$C$9,$C$10,TRUE) | N11: =_xlfn.NORM.INV(M11,$B$9,$B$10) | O11: =_xlfn.NORM.DIST(Data!Y11,$C$9,$C$10,TRUE) | P11: =_xlfn.NORM.INV(O11,$B$9,$B$10)
A12: Columns: F_mod(x) is the model's non-exceedance probability of the day's value; the corrected value is the observed quantile at that probability. Dry days stay dry. | H12: =Data!A12 | I12: =IF(Occurrence!J12>0,_xlfn.GAMMA.DIST(Occurrence!J12,$C$6,$C$7,TRUE),0) | J12: =IF(Occurrence!J12>0,_xlfn.GAMMA.INV(I12,$B$6,$B$7),0) | K12: =IF(Occurrence!K12>0,_xlfn.GAMMA.DIST(Occurrence!K12,$C$6,$C$7,TRUE),0) | L12: =IF(Occurrence!K12>0,_xlfn.GAMMA.INV(K12,$B$6,$B$7),0) | M12: =_xlfn.NORM.DIST(Data!X12,$C$9,$C$10,TRUE) | N12: =_xlfn.NORM.INV(M12,$B$9,$B$10) | O12: =_xlfn.NORM.DIST(Data!Y12,$C$9,$C$10,TRUE) | P12: =_xlfn.NORM.INV(O12,$B$9,$B$10)
H13: =Data!A13 | I13: =IF(Occurrence!J13>0,_xlfn.GAMMA.DIST(Occurrence!J13,$C$6,$C$7,TRUE),0) | J13: =IF(Occurrence!J13>0,_xlfn.GAMMA.INV(I13,$B$6,$B$7),0) | K13: =IF(Occurrence!K13>0,_xlfn.GAMMA.DIST(Occurrence!K13,$C$6,$C$7,TRUE),0) | L13: =IF(Occurrence!K13>0,_xlfn.GAMMA.INV(K13,$B$6,$B$7),0) | M13: =_xlfn.NORM.DIST(Data!X13,$C$9,$C$10,TRUE) | N13: =_xlfn.NORM.INV(M13,$B$9,$B$10) | O13: =_xlfn.NORM.DIST(Data!Y13,$C$9,$C$10,TRUE) | P13: =_xlfn.NORM.INV(O13,$B$9,$B$10)
H14: =Data!A14 | I14: =IF(Occurrence!J14>0,_xlfn.GAMMA.DIST(Occurrence!J14,$C$6,$C$7,TRUE),0) | J14: =IF(Occurrence!J14>0,_xlfn.GAMMA.INV(I14,$B$6,$B$7),0) | K14: =IF(Occurrence!K14>0,_xlfn.GAMMA.DIST(Occurrence!K14,$C$6,$C$7,TRUE),0) | L14: =IF(Occurrence!K14>0,_xlfn.GAMMA.INV(K14,$B$6,$B$7),0) | M14: =_xlfn.NORM.DIST(Data!X14,$C$9,$C$10,TRUE) | N14: =_xlfn.NORM.INV(M14,$B$9,$B$10) | O14: =_xlfn.NORM.DIST(Data!Y14,$C$9,$C$10,TRUE) | P14: =_xlfn.NORM.INV(O14,$B$9,$B$10)
H15: =Data!A15 | I15: =IF(Occurrence!J15>0,_xlfn.GAMMA.DIST(Occurrence!J15,$C$6,$C$7,TRUE),0) | J15: =IF(Occurrence!J15>0,_xlfn.GAMMA.INV(I15,$B$6,$B$7),0) | K15: =IF(Occurrence!K15>0,_xlfn.GAMMA.DIST(Occurrence!K15,$C$6,$C$7,TRUE),0) | L15: =IF(Occurrence!K15>0,_xlfn.GAMMA.INV(K15,$B$6,$B$7),0) | M15: =_xlfn.NORM.DIST(Data!X15,$C$9,$C$10,TRUE) | N15: =_xlfn.NORM.INV(M15,$B$9,$B$10) | O15: =_xlfn.NORM.DIST(Data!Y15,$C$9,$C$10,TRUE) | P15: =_xlfn.NORM.INV(O15,$B$9,$B$10)
H16: =Data!A16 | I16: =IF(Occurrence!J16>0,_xlfn.GAMMA.DIST(Occurrence!J16,$C$6,$C$7,TRUE),0) | J16: =IF(Occurrence!J16>0,_xlfn.GAMMA.INV(I16,$B$6,$B$7),0) | K16: =IF(Occurrence!K16>0,_xlfn.GAMMA.DIST(Occurrence!K16,$C$6,$C$7,TRUE),0) | L16: =IF(Occurrence!K16>0,_xlfn.GAMMA.INV(K16,$B$6,$B$7),0) | M16: =_xlfn.NORM.DIST(Data!X16,$C$9,$C$10,TRUE) | N16: =_xlfn.NORM.INV(M16,$B$9,$B$10) | O16: =_xlfn.NORM.DIST(Data!Y16,$C$9,$C$10,TRUE) | P16: =_xlfn.NORM.INV(O16,$B$9,$B$10)
H17: =Data!A17 | I17: =IF(Occurrence!J17>0,_xlfn.GAMMA.DIST(Occurrence!J17,$C$6,$C$7,TRUE),0) | J17: =IF(Occurrence!J17>0,_xlfn.GAMMA.INV(I17,$B$6,$B$7),0) | K17: =IF(Occurrence!K17>0,_xlfn.GAMMA.DIST(Occurrence!K17,$C$6,$C$7,TRUE),0) | L17: =IF(Occurrence!K17>0,_xlfn.GAMMA.INV(K17,$B$6,$B$7),0) | M17: =_xlfn.NORM.DIST(Data!X17,$C$9,$C$10,TRUE) | N17: =_xlfn.NORM.INV(M17,$B$9,$B$10) | O17: =_xlfn.NORM.DIST(Data!Y17,$C$9,$C$10,TRUE) | P17: =_xlfn.NORM.INV(O17,$B$9,$B$10)
H18: =Data!A18 | I18: =IF(Occurrence!J18>0,_xlfn.GAMMA.DIST(Occurrence!J18,$C$6,$C$7,TRUE),0) | J18: =IF(Occurrence!J18>0,_xlfn.GAMMA.INV(I18,$B$6,$B$7),0) | K18: =IF(Occurrence!K18>0,_xlfn.GAMMA.DIST(Occurrence!K18,$C$6,$C$7,TRUE),0) | L18: =IF(Occurrence!K18>0,_xlfn.GAMMA.INV(K18,$B$6,$B$7),0) | M18: =_xlfn.NORM.DIST(Data!X18,$C$9,$C$10,TRUE) | N18: =_xlfn.NORM.INV(M18,$B$9,$B$10) | O18: =_xlfn.NORM.DIST(Data!Y18,$C$9,$C$10,TRUE) | P18: =_xlfn.NORM.INV(O18,$B$9,$B$10)
H19: =Data!A19 | I19: =IF(Occurrence!J19>0,_xlfn.GAMMA.DIST(Occurrence!J19,$C$6,$C$7,TRUE),0) | J19: =IF(Occurrence!J19>0,_xlfn.GAMMA.INV(I19,$B$6,$B$7),0) | K19: =IF(Occurrence!K19>0,_xlfn.GAMMA.DIST(Occurrence!K19,$C$6,$C$7,TRUE),0) | L19: =IF(Occurrence!K19>0,_xlfn.GAMMA.INV(K19,$B$6,$B$7),0) | M19: =_xlfn.NORM.DIST(Data!X19,$C$9,$C$10,TRUE) | N19: =_xlfn.NORM.INV(M19,$B$9,$B$10) | O19: =_xlfn.NORM.DIST(Data!Y19,$C$9,$C$10,TRUE) | P19: =_xlfn.NORM.INV(O19,$B$9,$B$10)
H20: =Data!A20 | I20: =IF(Occurrence!J20>0,_xlfn.GAMMA.DIST(Occurrence!J20,$C$6,$C$7,TRUE),0) | J20: =IF(Occurrence!J20>0,_xlfn.GAMMA.INV(I20,$B$6,$B$7),0) | K20: =IF(Occurrence!K20>0,_xlfn.GAMMA.DIST(Occurrence!K20,$C$6,$C$7,TRUE),0) | L20: =IF(Occurrence!K20>0,_xlfn.GAMMA.INV(K20,$B$6,$B$7),0) | M20: =_xlfn.NORM.DIST(Data!X20,$C$9,$C$10,TRUE) | N20: =_xlfn.NORM.INV(M20,$B$9,$B$10) | O20: =_xlfn.NORM.DIST(Data!Y20,$C$9,$C$10,TRUE) | P20: =_xlfn.NORM.INV(O20,$B$9,$B$10)
H21: =Data!A21 | I21: =IF(Occurrence!J21>0,_xlfn.GAMMA.DIST(Occurrence!J21,$C$6,$C$7,TRUE),0) | J21: =IF(Occurrence!J21>0,_xlfn.GAMMA.INV(I21,$B$6,$B$7),0) | K21: =IF(Occurrence!K21>0,_xlfn.GAMMA.DIST(Occurrence!K21,$C$6,$C$7,TRUE),0) | L21: =IF(Occurrence!K21>0,_xlfn.GAMMA.INV(K21,$B$6,$B$7),0) | M21: =_xlfn.NORM.DIST(Data!X21,$C$9,$C$10,TRUE) | N21: =_xlfn.NORM.INV(M21,$B$9,$B$10) | O21: =_xlfn.NORM.DIST(Data!Y21,$C$9,$C$10,TRUE) | P21: =_xlfn.NORM.INV(O21,$B$9,$B$10)
H22: =Data!A22 | I22: =IF(Occurrence!J22>0,_xlfn.GAMMA.DIST(Occurrence!J22,$C$6,$C$7,TRUE),0) | J22: =IF(Occurrence!J22>0,_xlfn.GAMMA.INV(I22,$B$6,$B$7),0) | K22: =IF(Occurrence!K22>0,_xlfn.GAMMA.DIST(Occurrence!K22,$C$6,$C$7,TRUE),0) | L22: =IF(Occurrence!K22>0,_xlfn.GAMMA.INV(K22,$B$6,$B$7),0) | M22: =_xlfn.NORM.DIST(Data!X22,$C$9,$C$10,TRUE) | N22: =_xlfn.NORM.INV(M22,$B$9,$B$10) | O22: =_xlfn.NORM.DIST(Data!Y22,$C$9,$C$10,TRUE) | P22: =_xlfn.NORM.INV(O22,$B$9,$B$10)
H23: =Data!A23 | I23: =IF(Occurrence!J23>0,_xlfn.GAMMA.DIST(Occurrence!J23,$C$6,$C$7,TRUE),0) | J23: =IF(Occurrence!J23>0,_xlfn.GAMMA.INV(I23,$B$6,$B$7),0) | K23: =IF(Occurrence!K23>0,_xlfn.GAMMA.DIST(Occurrence!K23,$C$6,$C$7,TRUE),0) | L23: =IF(Occurrence!K23>0,_xlfn.GAMMA.INV(K23,$B$6,$B$7),0) | M23: =_xlfn.NORM.DIST(Data!X23,$C$9,$C$10,TRUE) | N23: =_xlfn.NORM.INV(M23,$B$9,$B$10) | O23: =_xlfn.NORM.DIST(Data!Y23,$C$9,$C$10,TRUE) | P23: =_xlfn.NORM.INV(O23,$B$9,$B$10)
H24: =Data!A24 | I24: =IF(Occurrence!J24>0,_xlfn.GAMMA.DIST(Occurrence!J24,$C$6,$C$7,TRUE),0) | J24: =IF(Occurrence!J24>0,_xlfn.GAMMA.INV(I24,$B$6,$B$7),0) | K24: =IF(Occurrence!K24>0,_xlfn.GAMMA.DIST(Occurrence!K24,$C$6,$C$7,TRUE),0) | L24: =IF(Occurrence!K24>0,_xlfn.GAMMA.INV(K24,$B$6,$B$7),0) | M24: =_xlfn.NORM.DIST(Data!X24,$C$9,$C$10,TRUE) | N24: =_xlfn.NORM.INV(M24,$B$9,$B$10) | O24: =_xlfn.NORM.DIST(Data!Y24,$C$9,$C$10,TRUE) | P24: =_xlfn.NORM.INV(O24,$B$9,$B$10)
... H2441: =Data!A2441 | I2441: =IF(Occurrence!J2441>0,_xlfn.GAMMA.DIST(Occurrence!J2441,$C$6,$C$7,TRUE),0) | J2441: =IF(Occurrence!J2441>0,_xlfn.GAMMA.INV(I2441,$B$6,$B$7),0) | K2441: =IF(Occurrence!K2441>0,_xlfn.GAMMA.DIST(Occurrence!K2441,$C$6,$C$7,TRUE),0) | L2441: =IF(Occurrence!K2441>0,_xlfn.GAMMA.INV(K2441,$B$6,$B$7),0) | M2441: =_xlfn.NORM.DIST(Data!X2441,$C$9,$C$10,TRUE) | N2441: =_xlfn.NORM.INV(M2441,$B$9,$B$10) | O2441: =_xlfn.NORM.DIST(Data!Y2441,$C$9,$C$10,TRUE) | P2441: =_xlfn.NORM.INV(O2441,$B$9,$B$10)

Sheet QM_empirical
A1: Empirical quantile mapping with interpolation and constant extrapolation | K1: day | L1: rain val: index | M1: rain val: y | N1: rain fut: index | O1: rain fut: y | P1: temp val: index | Q1: temp val: y | R1: temp fut: index | S1: temp fut: y
A2: A table of 99 quantiles (p = 0.01 ... 0.99) of each calibration series; a day's value is mapped by linear interpolation between neighbouring table entries. Outside the table: constant ratio (rain) or shift (temperature) of the end entry. | K2: =Data!A2 | L2: =IF(Occurrence!J2<=0,-1,IFERROR(MATCH(Occurrence!J2,$D$4:$D$102,1),0)) | M2: =IF(L2<0,0,IF(L2=0,Occurrence!J2*$I$11,IF(L2>=99,Occurrence!J2*$I$12,INDEX($C$4:$C$102,L2)+(Occurrence!J2-INDEX($D$4:$D$102,L2))/(INDEX($D$4:$D$102,L2+1)-INDEX($D$4:$D$102,L2))*(INDEX($C$4:$C$102,L2+1)-INDEX($C$4:$C$102,L2))))) | N2: =IF(Occurrence!K2<=0,-1,IFERROR(MATCH(Occurrence!K2,$D$4:$D$102,1),0)) | O2: =IF(N2<0,0,IF(N2=0,Occurrence!K2*$I$11,IF(N2>=99,Occurrence!K2*$I$12,INDEX($C$4:$C$102,N2)+(Occurrence!K2-INDEX($D$4:$D$102,N2))/(INDEX($D$4:$D$102,N2+1)-INDEX($D$4:$D$102,N2))*(INDEX($C$4:$C$102,N2+1)-INDEX($C$4:$C$102,N2))))) | P2: =IFERROR(MATCH(Data!X2,$F$4:$F$102,1),0) | Q2: =IF(P2=0,Data!X2+$I$13,IF(P2>=99,Data!X2+$I$14,INDEX($E$4:$E$102,P2)+(Data!X2-INDEX($F$4:$F$102,P2))/(INDEX($F$4:$F$102,P2+1)-INDEX($F$4:$F$102,P2))*(INDEX($E$4:$E$102,P2+1)-INDEX($E$4:$E$102,P2)))) | R2: =IFERROR(MATCH(Data!Y2,$F$4:$F$102,1),0) | S2: =IF(R2=0,Data!Y2+$I$13,IF(R2>=99,Data!Y2+$I$14,INDEX($E$4:$E$102,R2)+(Data!Y2-INDEX($F$4:$F$102,R2))/(INDEX($F$4:$F$102,R2+1)-INDEX($F$4:$F$102,R2))*(INDEX($E$4:$E$102,R2+1)-INDEX($E$4:$E$102,R2))))
A3: k | B3: p = k/100 | C3: obs rain quantile (wet days) | D3: model rain quantile (wet days, adj.) | E3: obs temp quantile | F3: model temp quantile | H3: Counts | K3: =Data!A3 | L3: =IF(Occurrence!J3<=0,-1,IFERROR(MATCH(Occurrence!J3,$D$4:$D$102,1),0)) | M3: =IF(L3<0,0,IF(L3=0,Occurrence!J3*$I$11,IF(L3>=99,Occurrence!J3*$I$12,INDEX($C$4:$C$102,L3)+(Occurrence!J3-INDEX($D$4:$D$102,L3))/(INDEX($D$4:$D$102,L3+1)-INDEX($D$4:$D$102,L3))*(INDEX($C$4:$C$102,L3+1)-INDEX($C$4:$C$102,L3))))) | N3: =IF(Occurrence!K3<=0,-1,IFERROR(MATCH(Occurrence!K3,$D$4:$D$102,1),0)) | O3: =IF(N3<0,0,IF(N3=0,Occurrence!K3*$I$11,IF(N3>=99,Occurrence!K3*$I$12,INDEX($C$4:$C$102,N3)+(Occurrence!K3-INDEX($D$4:$D$102,N3))/(INDEX($D$4:$D$102,N3+1)-INDEX($D$4:$D$102,N3))*(INDEX($C$4:$C$102,N3+1)-INDEX($C$4:$C$102,N3))))) | P3: =IFERROR(MATCH(Data!X3,$F$4:$F$102,1),0) | Q3: =IF(P3=0,Data!X3+$I$13,IF(P3>=99,Data!X3+$I$14,INDEX($E$4:$E$102,P3)+(Data!X3-INDEX($F$4:$F$102,P3))/(INDEX($F$4:$F$102,P3+1)-INDEX($F$4:$F$102,P3))*(INDEX($E$4:$E$102,P3+1)-INDEX($E$4:$E$102,P3)))) | R3: =IFERROR(MATCH(Data!Y3,$F$4:$F$102,1),0) | S3: =IF(R3=0,Data!Y3+$I$13,IF(R3>=99,Data!Y3+$I$14,INDEX($E$4:$E$102,R3)+(Data!Y3-INDEX($F$4:$F$102,R3))/(INDEX($F$4:$F$102,R3+1)-INDEX($F$4:$F$102,R3))*(INDEX($E$4:$E$102,R3+1)-INDEX($E$4:$E$102,R3))))
A4: 1 | B4: =A4/100 | C4: =_xlfn.PERCENTILE.INC(Data!$O$2:$O$2441,($I$5+B4*($I$6-1))/($I$4-1)) | D4: =_xlfn.PERCENTILE.INC(Occurrence!$I$2:$I$2441,($I$7+B4*($I$8-1))/($I$4-1)) | E4: =_xlfn.PERCENTILE.INC(Data!$U$2:$U$2441,B4) | F4: =_xlfn.PERCENTILE.INC(Data!$V$2:$V$2441,B4) | H4: N days | I4: =COUNT(Data!$O$2:$O$2441) | K4: =Data!A4 | L4: =IF(Occurrence!J4<=0,-1,IFERROR(MATCH(Occurrence!J4,$D$4:$D$102,1),0)) | M4: =IF(L4<0,0,IF(L4=0,Occurrence!J4*$I$11,IF(L4>=99,Occurrence!J4*$I$12,INDEX($C$4:$C$102,L4)+(Occurrence!J4-INDEX($D$4:$D$102,L4))/(INDEX($D$4:$D$102,L4+1)-INDEX($D$4:$D$102,L4))*(INDEX($C$4:$C$102,L4+1)-INDEX($C$4:$C$102,L4))))) | N4: =IF(Occurrence!K4<=0,-1,IFERROR(MATCH(Occurrence!K4,$D$4:$D$102,1),0)) | O4: =IF(N4<0,0,IF(N4=0,Occurrence!K4*$I$11,IF(N4>=99,Occurrence!K4*$I$12,INDEX($C$4:$C$102,N4)+(Occurrence!K4-INDEX($D$4:$D$102,N4))/(INDEX($D$4:$D$102,N4+1)-INDEX($D$4:$D$102,N4))*(INDEX($C$4:$C$102,N4+1)-INDEX($C$4:$C$102,N4))))) | P4: =IFERROR(MATCH(Data!X4,$F$4:$F$102,1),0) | Q4: =IF(P4=0,Data!X4+$I$13,IF(P4>=99,Data!X4+$I$14,INDEX($E$4:$E$102,P4)+(Data!X4-INDEX($F$4:$F$102,P4))/(INDEX($F$4:$F$102,P4+1)-INDEX($F$4:$F$102,P4))*(INDEX($E$4:$E$102,P4+1)-INDEX($E$4:$E$102,P4)))) | R4: =IFERROR(MATCH(Data!Y4,$F$4:$F$102,1),0) | S4: =IF(R4=0,Data!Y4+$I$13,IF(R4>=99,Data!Y4+$I$14,INDEX($E$4:$E$102,R4)+(Data!Y4-INDEX($F$4:$F$102,R4))/(INDEX($F$4:$F$102,R4+1)-INDEX($F$4:$F$102,R4))*(INDEX($E$4:$E$102,R4+1)-INDEX($E$4:$E$102,R4))))
A5: 2 | B5: =A5/100 | C5: =_xlfn.PERCENTILE.INC(Data!$O$2:$O$2441,($I$5+B5*($I$6-1))/($I$4-1)) | D5: =_xlfn.PERCENTILE.INC(Occurrence!$I$2:$I$2441,($I$7+B5*($I$8-1))/($I$4-1)) | E5: =_xlfn.PERCENTILE.INC(Data!$U$2:$U$2441,B5) | F5: =_xlfn.PERCENTILE.INC(Data!$V$2:$V$2441,B5) | H5: obs zero days | I5: =COUNTIF(Data!$O$2:$O$2441,0) | K5: =Data!A5 | L5: =IF(Occurrence!J5<=0,-1,IFERROR(MATCH(Occurrence!J5,$D$4:$D$102,1),0)) | M5: =IF(L5<0,0,IF(L5=0,Occurrence!J5*$I$11,IF(L5>=99,Occurrence!J5*$I$12,INDEX($C$4:$C$102,L5)+(Occurrence!J5-INDEX($D$4:$D$102,L5))/(INDEX($D$4:$D$102,L5+1)-INDEX($D$4:$D$102,L5))*(INDEX($C$4:$C$102,L5+1)-INDEX($C$4:$C$102,L5))))) | N5: =IF(Occurrence!K5<=0,-1,IFERROR(MATCH(Occurrence!K5,$D$4:$D$102,1),0)) | O5: =IF(N5<0,0,IF(N5=0,Occurrence!K5*$I$11,IF(N5>=99,Occurrence!K5*$I$12,INDEX($C$4:$C$102,N5)+(Occurrence!K5-INDEX($D$4:$D$102,N5))/(INDEX($D$4:$D$102,N5+1)-INDEX($D$4:$D$102,N5))*(INDEX($C$4:$C$102,N5+1)-INDEX($C$4:$C$102,N5))))) | P5: =IFERROR(MATCH(Data!X5,$F$4:$F$102,1),0) | Q5: =IF(P5=0,Data!X5+$I$13,IF(P5>=99,Data!X5+$I$14,INDEX($E$4:$E$102,P5)+(Data!X5-INDEX($F$4:$F$102,P5))/(INDEX($F$4:$F$102,P5+1)-INDEX($F$4:$F$102,P5))*(INDEX($E$4:$E$102,P5+1)-INDEX($E$4:$E$102,P5)))) | R5: =IFERROR(MATCH(Data!Y5,$F$4:$F$102,1),0) | S5: =IF(R5=0,Data!Y5+$I$13,IF(R5>=99,Data!Y5+$I$14,INDEX($E$4:$E$102,R5)+(Data!Y5-INDEX($F$4:$F$102,R5))/(INDEX($F$4:$F$102,R5+1)-INDEX($F$4:$F$102,R5))*(INDEX($E$4:$E$102,R5+1)-INDEX($E$4:$E$102,R5))))
A6: 3 | B6: =A6/100 | C6: =_xlfn.PERCENTILE.INC(Data!$O$2:$O$2441,($I$5+B6*($I$6-1))/($I$4-1)) | D6: =_xlfn.PERCENTILE.INC(Occurrence!$I$2:$I$2441,($I$7+B6*($I$8-1))/($I$4-1)) | E6: =_xlfn.PERCENTILE.INC(Data!$U$2:$U$2441,B6) | F6: =_xlfn.PERCENTILE.INC(Data!$V$2:$V$2441,B6) | H6: obs wet days | I6: =I4-I5 | K6: =Data!A6 | L6: =IF(Occurrence!J6<=0,-1,IFERROR(MATCH(Occurrence!J6,$D$4:$D$102,1),0)) | M6: =IF(L6<0,0,IF(L6=0,Occurrence!J6*$I$11,IF(L6>=99,Occurrence!J6*$I$12,INDEX($C$4:$C$102,L6)+(Occurrence!J6-INDEX($D$4:$D$102,L6))/(INDEX($D$4:$D$102,L6+1)-INDEX($D$4:$D$102,L6))*(INDEX($C$4:$C$102,L6+1)-INDEX($C$4:$C$102,L6))))) | N6: =IF(Occurrence!K6<=0,-1,IFERROR(MATCH(Occurrence!K6,$D$4:$D$102,1),0)) | O6: =IF(N6<0,0,IF(N6=0,Occurrence!K6*$I$11,IF(N6>=99,Occurrence!K6*$I$12,INDEX($C$4:$C$102,N6)+(Occurrence!K6-INDEX($D$4:$D$102,N6))/(INDEX($D$4:$D$102,N6+1)-INDEX($D$4:$D$102,N6))*(INDEX($C$4:$C$102,N6+1)-INDEX($C$4:$C$102,N6))))) | P6: =IFERROR(MATCH(Data!X6,$F$4:$F$102,1),0) | Q6: =IF(P6=0,Data!X6+$I$13,IF(P6>=99,Data!X6+$I$14,INDEX($E$4:$E$102,P6)+(Data!X6-INDEX($F$4:$F$102,P6))/(INDEX($F$4:$F$102,P6+1)-INDEX($F$4:$F$102,P6))*(INDEX($E$4:$E$102,P6+1)-INDEX($E$4:$E$102,P6)))) | R6: =IFERROR(MATCH(Data!Y6,$F$4:$F$102,1),0) | S6: =IF(R6=0,Data!Y6+$I$13,IF(R6>=99,Data!Y6+$I$14,INDEX($E$4:$E$102,R6)+(Data!Y6-INDEX($F$4:$F$102,R6))/(INDEX($F$4:$F$102,R6+1)-INDEX($F$4:$F$102,R6))*(INDEX($E$4:$E$102,R6+1)-INDEX($E$4:$E$102,R6))))
A7: 4 | B7: =A7/100 | C7: =_xlfn.PERCENTILE.INC(Data!$O$2:$O$2441,($I$5+B7*($I$6-1))/($I$4-1)) | D7: =_xlfn.PERCENTILE.INC(Occurrence!$I$2:$I$2441,($I$7+B7*($I$8-1))/($I$4-1)) | E7: =_xlfn.PERCENTILE.INC(Data!$U$2:$U$2441,B7) | F7: =_xlfn.PERCENTILE.INC(Data!$V$2:$V$2441,B7) | H7: model zero days (adj.) | I7: =COUNTIF(Occurrence!$I$2:$I$2441,0) | K7: =Data!A7 | L7: =IF(Occurrence!J7<=0,-1,IFERROR(MATCH(Occurrence!J7,$D$4:$D$102,1),0)) | M7: =IF(L7<0,0,IF(L7=0,Occurrence!J7*$I$11,IF(L7>=99,Occurrence!J7*$I$12,INDEX($C$4:$C$102,L7)+(Occurrence!J7-INDEX($D$4:$D$102,L7))/(INDEX($D$4:$D$102,L7+1)-INDEX($D$4:$D$102,L7))*(INDEX($C$4:$C$102,L7+1)-INDEX($C$4:$C$102,L7))))) | N7: =IF(Occurrence!K7<=0,-1,IFERROR(MATCH(Occurrence!K7,$D$4:$D$102,1),0)) | O7: =IF(N7<0,0,IF(N7=0,Occurrence!K7*$I$11,IF(N7>=99,Occurrence!K7*$I$12,INDEX($C$4:$C$102,N7)+(Occurrence!K7-INDEX($D$4:$D$102,N7))/(INDEX($D$4:$D$102,N7+1)-INDEX($D$4:$D$102,N7))*(INDEX($C$4:$C$102,N7+1)-INDEX($C$4:$C$102,N7))))) | P7: =IFERROR(MATCH(Data!X7,$F$4:$F$102,1),0) | Q7: =IF(P7=0,Data!X7+$I$13,IF(P7>=99,Data!X7+$I$14,INDEX($E$4:$E$102,P7)+(Data!X7-INDEX($F$4:$F$102,P7))/(INDEX($F$4:$F$102,P7+1)-INDEX($F$4:$F$102,P7))*(INDEX($E$4:$E$102,P7+1)-INDEX($E$4:$E$102,P7)))) | R7: =IFERROR(MATCH(Data!Y7,$F$4:$F$102,1),0) | S7: =IF(R7=0,Data!Y7+$I$13,IF(R7>=99,Data!Y7+$I$14,INDEX($E$4:$E$102,R7)+(Data!Y7-INDEX($F$4:$F$102,R7))/(INDEX($F$4:$F$102,R7+1)-INDEX($F$4:$F$102,R7))*(INDEX($E$4:$E$102,R7+1)-INDEX($E$4:$E$102,R7))))
A8: 5 | B8: =A8/100 | C8: =_xlfn.PERCENTILE.INC(Data!$O$2:$O$2441,($I$5+B8*($I$6-1))/($I$4-1)) | D8: =_xlfn.PERCENTILE.INC(Occurrence!$I$2:$I$2441,($I$7+B8*($I$8-1))/($I$4-1)) | E8: =_xlfn.PERCENTILE.INC(Data!$U$2:$U$2441,B8) | F8: =_xlfn.PERCENTILE.INC(Data!$V$2:$V$2441,B8) | H8: model wet days (adj.) | I8: =I4-I7 | K8: =Data!A8 | L8: =IF(Occurrence!J8<=0,-1,IFERROR(MATCH(Occurrence!J8,$D$4:$D$102,1),0)) | M8: =IF(L8<0,0,IF(L8=0,Occurrence!J8*$I$11,IF(L8>=99,Occurrence!J8*$I$12,INDEX($C$4:$C$102,L8)+(Occurrence!J8-INDEX($D$4:$D$102,L8))/(INDEX($D$4:$D$102,L8+1)-INDEX($D$4:$D$102,L8))*(INDEX($C$4:$C$102,L8+1)-INDEX($C$4:$C$102,L8))))) | N8: =IF(Occurrence!K8<=0,-1,IFERROR(MATCH(Occurrence!K8,$D$4:$D$102,1),0)) | O8: =IF(N8<0,0,IF(N8=0,Occurrence!K8*$I$11,IF(N8>=99,Occurrence!K8*$I$12,INDEX($C$4:$C$102,N8)+(Occurrence!K8-INDEX($D$4:$D$102,N8))/(INDEX($D$4:$D$102,N8+1)-INDEX($D$4:$D$102,N8))*(INDEX($C$4:$C$102,N8+1)-INDEX($C$4:$C$102,N8))))) | P8: =IFERROR(MATCH(Data!X8,$F$4:$F$102,1),0) | Q8: =IF(P8=0,Data!X8+$I$13,IF(P8>=99,Data!X8+$I$14,INDEX($E$4:$E$102,P8)+(Data!X8-INDEX($F$4:$F$102,P8))/(INDEX($F$4:$F$102,P8+1)-INDEX($F$4:$F$102,P8))*(INDEX($E$4:$E$102,P8+1)-INDEX($E$4:$E$102,P8)))) | R8: =IFERROR(MATCH(Data!Y8,$F$4:$F$102,1),0) | S8: =IF(R8=0,Data!Y8+$I$13,IF(R8>=99,Data!Y8+$I$14,INDEX($E$4:$E$102,R8)+(Data!Y8-INDEX($F$4:$F$102,R8))/(INDEX($F$4:$F$102,R8+1)-INDEX($F$4:$F$102,R8))*(INDEX($E$4:$E$102,R8+1)-INDEX($E$4:$E$102,R8))))
A9: 6 | B9: =A9/100 | C9: =_xlfn.PERCENTILE.INC(Data!$O$2:$O$2441,($I$5+B9*($I$6-1))/($I$4-1)) | D9: =_xlfn.PERCENTILE.INC(Occurrence!$I$2:$I$2441,($I$7+B9*($I$8-1))/($I$4-1)) | E9: =_xlfn.PERCENTILE.INC(Data!$U$2:$U$2441,B9) | F9: =_xlfn.PERCENTILE.INC(Data!$V$2:$V$2441,B9) | K9: =Data!A9 | L9: =IF(Occurrence!J9<=0,-1,IFERROR(MATCH(Occurrence!J9,$D$4:$D$102,1),0)) | M9: =IF(L9<0,0,IF(L9=0,Occurrence!J9*$I$11,IF(L9>=99,Occurrence!J9*$I$12,INDEX($C$4:$C$102,L9)+(Occurrence!J9-INDEX($D$4:$D$102,L9))/(INDEX($D$4:$D$102,L9+1)-INDEX($D$4:$D$102,L9))*(INDEX($C$4:$C$102,L9+1)-INDEX($C$4:$C$102,L9))))) | N9: =IF(Occurrence!K9<=0,-1,IFERROR(MATCH(Occurrence!K9,$D$4:$D$102,1),0)) | O9: =IF(N9<0,0,IF(N9=0,Occurrence!K9*$I$11,IF(N9>=99,Occurrence!K9*$I$12,INDEX($C$4:$C$102,N9)+(Occurrence!K9-INDEX($D$4:$D$102,N9))/(INDEX($D$4:$D$102,N9+1)-INDEX($D$4:$D$102,N9))*(INDEX($C$4:$C$102,N9+1)-INDEX($C$4:$C$102,N9))))) | P9: =IFERROR(MATCH(Data!X9,$F$4:$F$102,1),0) | Q9: =IF(P9=0,Data!X9+$I$13,IF(P9>=99,Data!X9+$I$14,INDEX($E$4:$E$102,P9)+(Data!X9-INDEX($F$4:$F$102,P9))/(INDEX($F$4:$F$102,P9+1)-INDEX($F$4:$F$102,P9))*(INDEX($E$4:$E$102,P9+1)-INDEX($E$4:$E$102,P9)))) | R9: =IFERROR(MATCH(Data!Y9,$F$4:$F$102,1),0) | S9: =IF(R9=0,Data!Y9+$I$13,IF(R9>=99,Data!Y9+$I$14,INDEX($E$4:$E$102,R9)+(Data!Y9-INDEX($F$4:$F$102,R9))/(INDEX($F$4:$F$102,R9+1)-INDEX($F$4:$F$102,R9))*(INDEX($E$4:$E$102,R9+1)-INDEX($E$4:$E$102,R9))))
A10: 7 | B10: =A10/100 | C10: =_xlfn.PERCENTILE.INC(Data!$O$2:$O$2441,($I$5+B10*($I$6-1))/($I$4-1)) | D10: =_xlfn.PERCENTILE.INC(Occurrence!$I$2:$I$2441,($I$7+B10*($I$8-1))/($I$4-1)) | E10: =_xlfn.PERCENTILE.INC(Data!$U$2:$U$2441,B10) | F10: =_xlfn.PERCENTILE.INC(Data!$V$2:$V$2441,B10) | H10: Extrapolation rules | K10: =Data!A10 | L10: =IF(Occurrence!J10<=0,-1,IFERROR(MATCH(Occurrence!J10,$D$4:$D$102,1),0)) | M10: =IF(L10<0,0,IF(L10=0,Occurrence!J10*$I$11,IF(L10>=99,Occurrence!J10*$I$12,INDEX($C$4:$C$102,L10)+(Occurrence!J10-INDEX($D$4:$D$102,L10))/(INDEX($D$4:$D$102,L10+1)-INDEX($D$4:$D$102,L10))*(INDEX($C$4:$C$102,L10+1)-INDEX($C$4:$C$102,L10))))) | N10: =IF(Occurrence!K10<=0,-1,IFERROR(MATCH(Occurrence!K10,$D$4:$D$102,1),0)) | O10: =IF(N10<0,0,IF(N10=0,Occurrence!K10*$I$11,IF(N10>=99,Occurrence!K10*$I$12,INDEX($C$4:$C$102,N10)+(Occurrence!K10-INDEX($D$4:$D$102,N10))/(INDEX($D$4:$D$102,N10+1)-INDEX($D$4:$D$102,N10))*(INDEX($C$4:$C$102,N10+1)-INDEX($C$4:$C$102,N10))))) | P10: =IFERROR(MATCH(Data!X10,$F$4:$F$102,1),0) | Q10: =IF(P10=0,Data!X10+$I$13,IF(P10>=99,Data!X10+$I$14,INDEX($E$4:$E$102,P10)+(Data!X10-INDEX($F$4:$F$102,P10))/(INDEX($F$4:$F$102,P10+1)-INDEX($F$4:$F$102,P10))*(INDEX($E$4:$E$102,P10+1)-INDEX($E$4:$E$102,P10)))) | R10: =IFERROR(MATCH(Data!Y10,$F$4:$F$102,1),0) | S10: =IF(R10=0,Data!Y10+$I$13,IF(R10>=99,Data!Y10+$I$14,INDEX($E$4:$E$102,R10)+(Data!Y10-INDEX($F$4:$F$102,R10))/(INDEX($F$4:$F$102,R10+1)-INDEX($F$4:$F$102,R10))*(INDEX($E$4:$E$102,R10+1)-INDEX($E$4:$E$102,R10))))
A11: 8 | B11: =A11/100 | C11: =_xlfn.PERCENTILE.INC(Data!$O$2:$O$2441,($I$5+B11*($I$6-1))/($I$4-1)) | D11: =_xlfn.PERCENTILE.INC(Occurrence!$I$2:$I$2441,($I$7+B11*($I$8-1))/($I$4-1)) | E11: =_xlfn.PERCENTILE.INC(Data!$U$2:$U$2441,B11) | F11: =_xlfn.PERCENTILE.INC(Data!$V$2:$V$2441,B11) | H11: rain ratio, lowest entry | I11: =C4/D4 | K11: =Data!A11 | L11: =IF(Occurrence!J11<=0,-1,IFERROR(MATCH(Occurrence!J11,$D$4:$D$102,1),0)) | M11: =IF(L11<0,0,IF(L11=0,Occurrence!J11*$I$11,IF(L11>=99,Occurrence!J11*$I$12,INDEX($C$4:$C$102,L11)+(Occurrence!J11-INDEX($D$4:$D$102,L11))/(INDEX($D$4:$D$102,L11+1)-INDEX($D$4:$D$102,L11))*(INDEX($C$4:$C$102,L11+1)-INDEX($C$4:$C$102,L11))))) | N11: =IF(Occurrence!K11<=0,-1,IFERROR(MATCH(Occurrence!K11,$D$4:$D$102,1),0)) | O11: =IF(N11<0,0,IF(N11=0,Occurrence!K11*$I$11,IF(N11>=99,Occurrence!K11*$I$12,INDEX($C$4:$C$102,N11)+(Occurrence!K11-INDEX($D$4:$D$102,N11))/(INDEX($D$4:$D$102,N11+1)-INDEX($D$4:$D$102,N11))*(INDEX($C$4:$C$102,N11+1)-INDEX($C$4:$C$102,N11))))) | P11: =IFERROR(MATCH(Data!X11,$F$4:$F$102,1),0) | Q11: =IF(P11=0,Data!X11+$I$13,IF(P11>=99,Data!X11+$I$14,INDEX($E$4:$E$102,P11)+(Data!X11-INDEX($F$4:$F$102,P11))/(INDEX($F$4:$F$102,P11+1)-INDEX($F$4:$F$102,P11))*(INDEX($E$4:$E$102,P11+1)-INDEX($E$4:$E$102,P11)))) | R11: =IFERROR(MATCH(Data!Y11,$F$4:$F$102,1),0) | S11: =IF(R11=0,Data!Y11+$I$13,IF(R11>=99,Data!Y11+$I$14,INDEX($E$4:$E$102,R11)+(Data!Y11-INDEX($F$4:$F$102,R11))/(INDEX($F$4:$F$102,R11+1)-INDEX($F$4:$F$102,R11))*(INDEX($E$4:$E$102,R11+1)-INDEX($E$4:$E$102,R11))))
A12: 9 | B12: =A12/100 | C12: =_xlfn.PERCENTILE.INC(Data!$O$2:$O$2441,($I$5+B12*($I$6-1))/($I$4-1)) | D12: =_xlfn.PERCENTILE.INC(Occurrence!$I$2:$I$2441,($I$7+B12*($I$8-1))/($I$4-1)) | E12: =_xlfn.PERCENTILE.INC(Data!$U$2:$U$2441,B12) | F12: =_xlfn.PERCENTILE.INC(Data!$V$2:$V$2441,B12) | H12: rain ratio, highest entry | I12: =C102/D102 | K12: =Data!A12 | L12: =IF(Occurrence!J12<=0,-1,IFERROR(MATCH(Occurrence!J12,$D$4:$D$102,1),0)) | M12: =IF(L12<0,0,IF(L12=0,Occurrence!J12*$I$11,IF(L12>=99,Occurrence!J12*$I$12,INDEX($C$4:$C$102,L12)+(Occurrence!J12-INDEX($D$4:$D$102,L12))/(INDEX($D$4:$D$102,L12+1)-INDEX($D$4:$D$102,L12))*(INDEX($C$4:$C$102,L12+1)-INDEX($C$4:$C$102,L12))))) | N12: =IF(Occurrence!K12<=0,-1,IFERROR(MATCH(Occurrence!K12,$D$4:$D$102,1),0)) | O12: =IF(N12<0,0,IF(N12=0,Occurrence!K12*$I$11,IF(N12>=99,Occurrence!K12*$I$12,INDEX($C$4:$C$102,N12)+(Occurrence!K12-INDEX($D$4:$D$102,N12))/(INDEX($D$4:$D$102,N12+1)-INDEX($D$4:$D$102,N12))*(INDEX($C$4:$C$102,N12+1)-INDEX($C$4:$C$102,N12))))) | P12: =IFERROR(MATCH(Data!X12,$F$4:$F$102,1),0) | Q12: =IF(P12=0,Data!X12+$I$13,IF(P12>=99,Data!X12+$I$14,INDEX($E$4:$E$102,P12)+(Data!X12-INDEX($F$4:$F$102,P12))/(INDEX($F$4:$F$102,P12+1)-INDEX($F$4:$F$102,P12))*(INDEX($E$4:$E$102,P12+1)-INDEX($E$4:$E$102,P12)))) | R12: =IFERROR(MATCH(Data!Y12,$F$4:$F$102,1),0) | S12: =IF(R12=0,Data!Y12+$I$13,IF(R12>=99,Data!Y12+$I$14,INDEX($E$4:$E$102,R12)+(Data!Y12-INDEX($F$4:$F$102,R12))/(INDEX($F$4:$F$102,R12+1)-INDEX($F$4:$F$102,R12))*(INDEX($E$4:$E$102,R12+1)-INDEX($E$4:$E$102,R12))))
A13: 10 | B13: =A13/100 | C13: =_xlfn.PERCENTILE.INC(Data!$O$2:$O$2441,($I$5+B13*($I$6-1))/($I$4-1)) | D13: =_xlfn.PERCENTILE.INC(Occurrence!$I$2:$I$2441,($I$7+B13*($I$8-1))/($I$4-1)) | E13: =_xlfn.PERCENTILE.INC(Data!$U$2:$U$2441,B13) | F13: =_xlfn.PERCENTILE.INC(Data!$V$2:$V$2441,B13) | H13: temp shift, lowest entry | I13: =E4-F4 | K13: =Data!A13 | L13: =IF(Occurrence!J13<=0,-1,IFERROR(MATCH(Occurrence!J13,$D$4:$D$102,1),0)) | M13: =IF(L13<0,0,IF(L13=0,Occurrence!J13*$I$11,IF(L13>=99,Occurrence!J13*$I$12,INDEX($C$4:$C$102,L13)+(Occurrence!J13-INDEX($D$4:$D$102,L13))/(INDEX($D$4:$D$102,L13+1)-INDEX($D$4:$D$102,L13))*(INDEX($C$4:$C$102,L13+1)-INDEX($C$4:$C$102,L13))))) | N13: =IF(Occurrence!K13<=0,-1,IFERROR(MATCH(Occurrence!K13,$D$4:$D$102,1),0)) | O13: =IF(N13<0,0,IF(N13=0,Occurrence!K13*$I$11,IF(N13>=99,Occurrence!K13*$I$12,INDEX($C$4:$C$102,N13)+(Occurrence!K13-INDEX($D$4:$D$102,N13))/(INDEX($D$4:$D$102,N13+1)-INDEX($D$4:$D$102,N13))*(INDEX($C$4:$C$102,N13+1)-INDEX($C$4:$C$102,N13))))) | P13: =IFERROR(MATCH(Data!X13,$F$4:$F$102,1),0) | Q13: =IF(P13=0,Data!X13+$I$13,IF(P13>=99,Data!X13+$I$14,INDEX($E$4:$E$102,P13)+(Data!X13-INDEX($F$4:$F$102,P13))/(INDEX($F$4:$F$102,P13+1)-INDEX($F$4:$F$102,P13))*(INDEX($E$4:$E$102,P13+1)-INDEX($E$4:$E$102,P13)))) | R13: =IFERROR(MATCH(Data!Y13,$F$4:$F$102,1),0) | S13: =IF(R13=0,Data!Y13+$I$13,IF(R13>=99,Data!Y13+$I$14,INDEX($E$4:$E$102,R13)+(Data!Y13-INDEX($F$4:$F$102,R13))/(INDEX($F$4:$F$102,R13+1)-INDEX($F$4:$F$102,R13))*(INDEX($E$4:$E$102,R13+1)-INDEX($E$4:$E$102,R13))))
A14: 11 | B14: =A14/100 | C14: =_xlfn.PERCENTILE.INC(Data!$O$2:$O$2441,($I$5+B14*($I$6-1))/($I$4-1)) | D14: =_xlfn.PERCENTILE.INC(Occurrence!$I$2:$I$2441,($I$7+B14*($I$8-1))/($I$4-1)) | E14: =_xlfn.PERCENTILE.INC(Data!$U$2:$U$2441,B14) | F14: =_xlfn.PERCENTILE.INC(Data!$V$2:$V$2441,B14) | H14: temp shift, highest entry | I14: =E102-F102 | K14: =Data!A14 | L14: =IF(Occurrence!J14<=0,-1,IFERROR(MATCH(Occurrence!J14,$D$4:$D$102,1),0)) | M14: =IF(L14<0,0,IF(L14=0,Occurrence!J14*$I$11,IF(L14>=99,Occurrence!J14*$I$12,INDEX($C$4:$C$102,L14)+(Occurrence!J14-INDEX($D$4:$D$102,L14))/(INDEX($D$4:$D$102,L14+1)-INDEX($D$4:$D$102,L14))*(INDEX($C$4:$C$102,L14+1)-INDEX($C$4:$C$102,L14))))) | N14: =IF(Occurrence!K14<=0,-1,IFERROR(MATCH(Occurrence!K14,$D$4:$D$102,1),0)) | O14: =IF(N14<0,0,IF(N14=0,Occurrence!K14*$I$11,IF(N14>=99,Occurrence!K14*$I$12,INDEX($C$4:$C$102,N14)+(Occurrence!K14-INDEX($D$4:$D$102,N14))/(INDEX($D$4:$D$102,N14+1)-INDEX($D$4:$D$102,N14))*(INDEX($C$4:$C$102,N14+1)-INDEX($C$4:$C$102,N14))))) | P14: =IFERROR(MATCH(Data!X14,$F$4:$F$102,1),0) | Q14: =IF(P14=0,Data!X14+$I$13,IF(P14>=99,Data!X14+$I$14,INDEX($E$4:$E$102,P14)+(Data!X14-INDEX($F$4:$F$102,P14))/(INDEX($F$4:$F$102,P14+1)-INDEX($F$4:$F$102,P14))*(INDEX($E$4:$E$102,P14+1)-INDEX($E$4:$E$102,P14)))) | R14: =IFERROR(MATCH(Data!Y14,$F$4:$F$102,1),0) | S14: =IF(R14=0,Data!Y14+$I$13,IF(R14>=99,Data!Y14+$I$14,INDEX($E$4:$E$102,R14)+(Data!Y14-INDEX($F$4:$F$102,R14))/(INDEX($F$4:$F$102,R14+1)-INDEX($F$4:$F$102,R14))*(INDEX($E$4:$E$102,R14+1)-INDEX($E$4:$E$102,R14))))
A15: 12 | B15: =A15/100 | C15: =_xlfn.PERCENTILE.INC(Data!$O$2:$O$2441,($I$5+B15*($I$6-1))/($I$4-1)) | D15: =_xlfn.PERCENTILE.INC(Occurrence!$I$2:$I$2441,($I$7+B15*($I$8-1))/($I$4-1)) | E15: =_xlfn.PERCENTILE.INC(Data!$U$2:$U$2441,B15) | F15: =_xlfn.PERCENTILE.INC(Data!$V$2:$V$2441,B15) | K15: =Data!A15 | L15: =IF(Occurrence!J15<=0,-1,IFERROR(MATCH(Occurrence!J15,$D$4:$D$102,1),0)) | M15: =IF(L15<0,0,IF(L15=0,Occurrence!J15*$I$11,IF(L15>=99,Occurrence!J15*$I$12,INDEX($C$4:$C$102,L15)+(Occurrence!J15-INDEX($D$4:$D$102,L15))/(INDEX($D$4:$D$102,L15+1)-INDEX($D$4:$D$102,L15))*(INDEX($C$4:$C$102,L15+1)-INDEX($C$4:$C$102,L15))))) | N15: =IF(Occurrence!K15<=0,-1,IFERROR(MATCH(Occurrence!K15,$D$4:$D$102,1),0)) | O15: =IF(N15<0,0,IF(N15=0,Occurrence!K15*$I$11,IF(N15>=99,Occurrence!K15*$I$12,INDEX($C$4:$C$102,N15)+(Occurrence!K15-INDEX($D$4:$D$102,N15))/(INDEX($D$4:$D$102,N15+1)-INDEX($D$4:$D$102,N15))*(INDEX($C$4:$C$102,N15+1)-INDEX($C$4:$C$102,N15))))) | P15: =IFERROR(MATCH(Data!X15,$F$4:$F$102,1),0) | Q15: =IF(P15=0,Data!X15+$I$13,IF(P15>=99,Data!X15+$I$14,INDEX($E$4:$E$102,P15)+(Data!X15-INDEX($F$4:$F$102,P15))/(INDEX($F$4:$F$102,P15+1)-INDEX($F$4:$F$102,P15))*(INDEX($E$4:$E$102,P15+1)-INDEX($E$4:$E$102,P15)))) | R15: =IFERROR(MATCH(Data!Y15,$F$4:$F$102,1),0) | S15: =IF(R15=0,Data!Y15+$I$13,IF(R15>=99,Data!Y15+$I$14,INDEX($E$4:$E$102,R15)+(Data!Y15-INDEX($F$4:$F$102,R15))/(INDEX($F$4:$F$102,R15+1)-INDEX($F$4:$F$102,R15))*(INDEX($E$4:$E$102,R15+1)-INDEX($E$4:$E$102,R15))))
A16: 13 | B16: =A16/100 | C16: =_xlfn.PERCENTILE.INC(Data!$O$2:$O$2441,($I$5+B16*($I$6-1))/($I$4-1)) | D16: =_xlfn.PERCENTILE.INC(Occurrence!$I$2:$I$2441,($I$7+B16*($I$8-1))/($I$4-1)) | E16: =_xlfn.PERCENTILE.INC(Data!$U$2:$U$2441,B16) | F16: =_xlfn.PERCENTILE.INC(Data!$V$2:$V$2441,B16) | H16: Days outside the table | K16: =Data!A16 | L16: =IF(Occurrence!J16<=0,-1,IFERROR(MATCH(Occurrence!J16,$D$4:$D$102,1),0)) | M16: =IF(L16<0,0,IF(L16=0,Occurrence!J16*$I$11,IF(L16>=99,Occurrence!J16*$I$12,INDEX($C$4:$C$102,L16)+(Occurrence!J16-INDEX($D$4:$D$102,L16))/(INDEX($D$4:$D$102,L16+1)-INDEX($D$4:$D$102,L16))*(INDEX($C$4:$C$102,L16+1)-INDEX($C$4:$C$102,L16))))) | N16: =IF(Occurrence!K16<=0,-1,IFERROR(MATCH(Occurrence!K16,$D$4:$D$102,1),0)) | O16: =IF(N16<0,0,IF(N16=0,Occurrence!K16*$I$11,IF(N16>=99,Occurrence!K16*$I$12,INDEX($C$4:$C$102,N16)+(Occurrence!K16-INDEX($D$4:$D$102,N16))/(INDEX($D$4:$D$102,N16+1)-INDEX($D$4:$D$102,N16))*(INDEX($C$4:$C$102,N16+1)-INDEX($C$4:$C$102,N16))))) | P16: =IFERROR(MATCH(Data!X16,$F$4:$F$102,1),0) | Q16: =IF(P16=0,Data!X16+$I$13,IF(P16>=99,Data!X16+$I$14,INDEX($E$4:$E$102,P16)+(Data!X16-INDEX($F$4:$F$102,P16))/(INDEX($F$4:$F$102,P16+1)-INDEX($F$4:$F$102,P16))*(INDEX($E$4:$E$102,P16+1)-INDEX($E$4:$E$102,P16)))) | R16: =IFERROR(MATCH(Data!Y16,$F$4:$F$102,1),0) | S16: =IF(R16=0,Data!Y16+$I$13,IF(R16>=99,Data!Y16+$I$14,INDEX($E$4:$E$102,R16)+(Data!Y16-INDEX($F$4:$F$102,R16))/(INDEX($F$4:$F$102,R16+1)-INDEX($F$4:$F$102,R16))*(INDEX($E$4:$E$102,R16+1)-INDEX($E$4:$E$102,R16))))
A17: 14 | B17: =A17/100 | C17: =_xlfn.PERCENTILE.INC(Data!$O$2:$O$2441,($I$5+B17*($I$6-1))/($I$4-1)) | D17: =_xlfn.PERCENTILE.INC(Occurrence!$I$2:$I$2441,($I$7+B17*($I$8-1))/($I$4-1)) | E17: =_xlfn.PERCENTILE.INC(Data!$U$2:$U$2441,B17) | F17: =_xlfn.PERCENTILE.INC(Data!$V$2:$V$2441,B17) | H17: rain val | I17: =COUNTIF(QM_empirical!$L$2:$L$2441,0)+COUNTIF(QM_empirical!$L$2:$L$2441,99) | K17: =Data!A17 | L17: =IF(Occurrence!J17<=0,-1,IFERROR(MATCH(Occurrence!J17,$D$4:$D$102,1),0)) | M17: =IF(L17<0,0,IF(L17=0,Occurrence!J17*$I$11,IF(L17>=99,Occurrence!J17*$I$12,INDEX($C$4:$C$102,L17)+(Occurrence!J17-INDEX($D$4:$D$102,L17))/(INDEX($D$4:$D$102,L17+1)-INDEX($D$4:$D$102,L17))*(INDEX($C$4:$C$102,L17+1)-INDEX($C$4:$C$102,L17))))) | N17: =IF(Occurrence!K17<=0,-1,IFERROR(MATCH(Occurrence!K17,$D$4:$D$102,1),0)) | O17: =IF(N17<0,0,IF(N17=0,Occurrence!K17*$I$11,IF(N17>=99,Occurrence!K17*$I$12,INDEX($C$4:$C$102,N17)+(Occurrence!K17-INDEX($D$4:$D$102,N17))/(INDEX($D$4:$D$102,N17+1)-INDEX($D$4:$D$102,N17))*(INDEX($C$4:$C$102,N17+1)-INDEX($C$4:$C$102,N17))))) | P17: =IFERROR(MATCH(Data!X17,$F$4:$F$102,1),0) | Q17: =IF(P17=0,Data!X17+$I$13,IF(P17>=99,Data!X17+$I$14,INDEX($E$4:$E$102,P17)+(Data!X17-INDEX($F$4:$F$102,P17))/(INDEX($F$4:$F$102,P17+1)-INDEX($F$4:$F$102,P17))*(INDEX($E$4:$E$102,P17+1)-INDEX($E$4:$E$102,P17)))) | R17: =IFERROR(MATCH(Data!Y17,$F$4:$F$102,1),0) | S17: =IF(R17=0,Data!Y17+$I$13,IF(R17>=99,Data!Y17+$I$14,INDEX($E$4:$E$102,R17)+(Data!Y17-INDEX($F$4:$F$102,R17))/(INDEX($F$4:$F$102,R17+1)-INDEX($F$4:$F$102,R17))*(INDEX($E$4:$E$102,R17+1)-INDEX($E$4:$E$102,R17))))
A18: 15 | B18: =A18/100 | C18: =_xlfn.PERCENTILE.INC(Data!$O$2:$O$2441,($I$5+B18*($I$6-1))/($I$4-1)) | D18: =_xlfn.PERCENTILE.INC(Occurrence!$I$2:$I$2441,($I$7+B18*($I$8-1))/($I$4-1)) | E18: =_xlfn.PERCENTILE.INC(Data!$U$2:$U$2441,B18) | F18: =_xlfn.PERCENTILE.INC(Data!$V$2:$V$2441,B18) | H18: rain fut | I18: =COUNTIF(QM_empirical!$N$2:$N$2441,0)+COUNTIF(QM_empirical!$N$2:$N$2441,99) | K18: =Data!A18 | L18: =IF(Occurrence!J18<=0,-1,IFERROR(MATCH(Occurrence!J18,$D$4:$D$102,1),0)) | M18: =IF(L18<0,0,IF(L18=0,Occurrence!J18*$I$11,IF(L18>=99,Occurrence!J18*$I$12,INDEX($C$4:$C$102,L18)+(Occurrence!J18-INDEX($D$4:$D$102,L18))/(INDEX($D$4:$D$102,L18+1)-INDEX($D$4:$D$102,L18))*(INDEX($C$4:$C$102,L18+1)-INDEX($C$4:$C$102,L18))))) | N18: =IF(Occurrence!K18<=0,-1,IFERROR(MATCH(Occurrence!K18,$D$4:$D$102,1),0)) | O18: =IF(N18<0,0,IF(N18=0,Occurrence!K18*$I$11,IF(N18>=99,Occurrence!K18*$I$12,INDEX($C$4:$C$102,N18)+(Occurrence!K18-INDEX($D$4:$D$102,N18))/(INDEX($D$4:$D$102,N18+1)-INDEX($D$4:$D$102,N18))*(INDEX($C$4:$C$102,N18+1)-INDEX($C$4:$C$102,N18))))) | P18: =IFERROR(MATCH(Data!X18,$F$4:$F$102,1),0) | Q18: =IF(P18=0,Data!X18+$I$13,IF(P18>=99,Data!X18+$I$14,INDEX($E$4:$E$102,P18)+(Data!X18-INDEX($F$4:$F$102,P18))/(INDEX($F$4:$F$102,P18+1)-INDEX($F$4:$F$102,P18))*(INDEX($E$4:$E$102,P18+1)-INDEX($E$4:$E$102,P18)))) | R18: =IFERROR(MATCH(Data!Y18,$F$4:$F$102,1),0) | S18: =IF(R18=0,Data!Y18+$I$13,IF(R18>=99,Data!Y18+$I$14,INDEX($E$4:$E$102,R18)+(Data!Y18-INDEX($F$4:$F$102,R18))/(INDEX($F$4:$F$102,R18+1)-INDEX($F$4:$F$102,R18))*(INDEX($E$4:$E$102,R18+1)-INDEX($E$4:$E$102,R18))))
A19: 16 | B19: =A19/100 | C19: =_xlfn.PERCENTILE.INC(Data!$O$2:$O$2441,($I$5+B19*($I$6-1))/($I$4-1)) | D19: =_xlfn.PERCENTILE.INC(Occurrence!$I$2:$I$2441,($I$7+B19*($I$8-1))/($I$4-1)) | E19: =_xlfn.PERCENTILE.INC(Data!$U$2:$U$2441,B19) | F19: =_xlfn.PERCENTILE.INC(Data!$V$2:$V$2441,B19) | H19: temp val | I19: =COUNTIF(QM_empirical!$P$2:$P$2441,0)+COUNTIF(QM_empirical!$P$2:$P$2441,99) | K19: =Data!A19 | L19: =IF(Occurrence!J19<=0,-1,IFERROR(MATCH(Occurrence!J19,$D$4:$D$102,1),0)) | M19: =IF(L19<0,0,IF(L19=0,Occurrence!J19*$I$11,IF(L19>=99,Occurrence!J19*$I$12,INDEX($C$4:$C$102,L19)+(Occurrence!J19-INDEX($D$4:$D$102,L19))/(INDEX($D$4:$D$102,L19+1)-INDEX($D$4:$D$102,L19))*(INDEX($C$4:$C$102,L19+1)-INDEX($C$4:$C$102,L19))))) | N19: =IF(Occurrence!K19<=0,-1,IFERROR(MATCH(Occurrence!K19,$D$4:$D$102,1),0)) | O19: =IF(N19<0,0,IF(N19=0,Occurrence!K19*$I$11,IF(N19>=99,Occurrence!K19*$I$12,INDEX($C$4:$C$102,N19)+(Occurrence!K19-INDEX($D$4:$D$102,N19))/(INDEX($D$4:$D$102,N19+1)-INDEX($D$4:$D$102,N19))*(INDEX($C$4:$C$102,N19+1)-INDEX($C$4:$C$102,N19))))) | P19: =IFERROR(MATCH(Data!X19,$F$4:$F$102,1),0) | Q19: =IF(P19=0,Data!X19+$I$13,IF(P19>=99,Data!X19+$I$14,INDEX($E$4:$E$102,P19)+(Data!X19-INDEX($F$4:$F$102,P19))/(INDEX($F$4:$F$102,P19+1)-INDEX($F$4:$F$102,P19))*(INDEX($E$4:$E$102,P19+1)-INDEX($E$4:$E$102,P19)))) | R19: =IFERROR(MATCH(Data!Y19,$F$4:$F$102,1),0) | S19: =IF(R19=0,Data!Y19+$I$13,IF(R19>=99,Data!Y19+$I$14,INDEX($E$4:$E$102,R19)+(Data!Y19-INDEX($F$4:$F$102,R19))/(INDEX($F$4:$F$102,R19+1)-INDEX($F$4:$F$102,R19))*(INDEX($E$4:$E$102,R19+1)-INDEX($E$4:$E$102,R19))))
A20: 17 | B20: =A20/100 | C20: =_xlfn.PERCENTILE.INC(Data!$O$2:$O$2441,($I$5+B20*($I$6-1))/($I$4-1)) | D20: =_xlfn.PERCENTILE.INC(Occurrence!$I$2:$I$2441,($I$7+B20*($I$8-1))/($I$4-1)) | E20: =_xlfn.PERCENTILE.INC(Data!$U$2:$U$2441,B20) | F20: =_xlfn.PERCENTILE.INC(Data!$V$2:$V$2441,B20) | H20: temp fut | I20: =COUNTIF(QM_empirical!$R$2:$R$2441,0)+COUNTIF(QM_empirical!$R$2:$R$2441,99) | K20: =Data!A20 | L20: =IF(Occurrence!J20<=0,-1,IFERROR(MATCH(Occurrence!J20,$D$4:$D$102,1),0)) | M20: =IF(L20<0,0,IF(L20=0,Occurrence!J20*$I$11,IF(L20>=99,Occurrence!J20*$I$12,INDEX($C$4:$C$102,L20)+(Occurrence!J20-INDEX($D$4:$D$102,L20))/(INDEX($D$4:$D$102,L20+1)-INDEX($D$4:$D$102,L20))*(INDEX($C$4:$C$102,L20+1)-INDEX($C$4:$C$102,L20))))) | N20: =IF(Occurrence!K20<=0,-1,IFERROR(MATCH(Occurrence!K20,$D$4:$D$102,1),0)) | O20: =IF(N20<0,0,IF(N20=0,Occurrence!K20*$I$11,IF(N20>=99,Occurrence!K20*$I$12,INDEX($C$4:$C$102,N20)+(Occurrence!K20-INDEX($D$4:$D$102,N20))/(INDEX($D$4:$D$102,N20+1)-INDEX($D$4:$D$102,N20))*(INDEX($C$4:$C$102,N20+1)-INDEX($C$4:$C$102,N20))))) | P20: =IFERROR(MATCH(Data!X20,$F$4:$F$102,1),0) | Q20: =IF(P20=0,Data!X20+$I$13,IF(P20>=99,Data!X20+$I$14,INDEX($E$4:$E$102,P20)+(Data!X20-INDEX($F$4:$F$102,P20))/(INDEX($F$4:$F$102,P20+1)-INDEX($F$4:$F$102,P20))*(INDEX($E$4:$E$102,P20+1)-INDEX($E$4:$E$102,P20)))) | R20: =IFERROR(MATCH(Data!Y20,$F$4:$F$102,1),0) | S20: =IF(R20=0,Data!Y20+$I$13,IF(R20>=99,Data!Y20+$I$14,INDEX($E$4:$E$102,R20)+(Data!Y20-INDEX($F$4:$F$102,R20))/(INDEX($F$4:$F$102,R20+1)-INDEX($F$4:$F$102,R20))*(INDEX($E$4:$E$102,R20+1)-INDEX($E$4:$E$102,R20))))
A21: 18 | B21: =A21/100 | C21: =_xlfn.PERCENTILE.INC(Data!$O$2:$O$2441,($I$5+B21*($I$6-1))/($I$4-1)) | D21: =_xlfn.PERCENTILE.INC(Occurrence!$I$2:$I$2441,($I$7+B21*($I$8-1))/($I$4-1)) | E21: =_xlfn.PERCENTILE.INC(Data!$U$2:$U$2441,B21) | F21: =_xlfn.PERCENTILE.INC(Data!$V$2:$V$2441,B21) | K21: =Data!A21 | L21: =IF(Occurrence!J21<=0,-1,IFERROR(MATCH(Occurrence!J21,$D$4:$D$102,1),0)) | M21: =IF(L21<0,0,IF(L21=0,Occurrence!J21*$I$11,IF(L21>=99,Occurrence!J21*$I$12,INDEX($C$4:$C$102,L21)+(Occurrence!J21-INDEX($D$4:$D$102,L21))/(INDEX($D$4:$D$102,L21+1)-INDEX($D$4:$D$102,L21))*(INDEX($C$4:$C$102,L21+1)-INDEX($C$4:$C$102,L21))))) | N21: =IF(Occurrence!K21<=0,-1,IFERROR(MATCH(Occurrence!K21,$D$4:$D$102,1),0)) | O21: =IF(N21<0,0,IF(N21=0,Occurrence!K21*$I$11,IF(N21>=99,Occurrence!K21*$I$12,INDEX($C$4:$C$102,N21)+(Occurrence!K21-INDEX($D$4:$D$102,N21))/(INDEX($D$4:$D$102,N21+1)-INDEX($D$4:$D$102,N21))*(INDEX($C$4:$C$102,N21+1)-INDEX($C$4:$C$102,N21))))) | P21: =IFERROR(MATCH(Data!X21,$F$4:$F$102,1),0) | Q21: =IF(P21=0,Data!X21+$I$13,IF(P21>=99,Data!X21+$I$14,INDEX($E$4:$E$102,P21)+(Data!X21-INDEX($F$4:$F$102,P21))/(INDEX($F$4:$F$102,P21+1)-INDEX($F$4:$F$102,P21))*(INDEX($E$4:$E$102,P21+1)-INDEX($E$4:$E$102,P21)))) | R21: =IFERROR(MATCH(Data!Y21,$F$4:$F$102,1),0) | S21: =IF(R21=0,Data!Y21+$I$13,IF(R21>=99,Data!Y21+$I$14,INDEX($E$4:$E$102,R21)+(Data!Y21-INDEX($F$4:$F$102,R21))/(INDEX($F$4:$F$102,R21+1)-INDEX($F$4:$F$102,R21))*(INDEX($E$4:$E$102,R21+1)-INDEX($E$4:$E$102,R21))))
A22: 19 | B22: =A22/100 | C22: =_xlfn.PERCENTILE.INC(Data!$O$2:$O$2441,($I$5+B22*($I$6-1))/($I$4-1)) | D22: =_xlfn.PERCENTILE.INC(Occurrence!$I$2:$I$2441,($I$7+B22*($I$8-1))/($I$4-1)) | E22: =_xlfn.PERCENTILE.INC(Data!$U$2:$U$2441,B22) | F22: =_xlfn.PERCENTILE.INC(Data!$V$2:$V$2441,B22) | K22: =Data!A22 | L22: =IF(Occurrence!J22<=0,-1,IFERROR(MATCH(Occurrence!J22,$D$4:$D$102,1),0)) | M22: =IF(L22<0,0,IF(L22=0,Occurrence!J22*$I$11,IF(L22>=99,Occurrence!J22*$I$12,INDEX($C$4:$C$102,L22)+(Occurrence!J22-INDEX($D$4:$D$102,L22))/(INDEX($D$4:$D$102,L22+1)-INDEX($D$4:$D$102,L22))*(INDEX($C$4:$C$102,L22+1)-INDEX($C$4:$C$102,L22))))) | N22: =IF(Occurrence!K22<=0,-1,IFERROR(MATCH(Occurrence!K22,$D$4:$D$102,1),0)) | O22: =IF(N22<0,0,IF(N22=0,Occurrence!K22*$I$11,IF(N22>=99,Occurrence!K22*$I$12,INDEX($C$4:$C$102,N22)+(Occurrence!K22-INDEX($D$4:$D$102,N22))/(INDEX($D$4:$D$102,N22+1)-INDEX($D$4:$D$102,N22))*(INDEX($C$4:$C$102,N22+1)-INDEX($C$4:$C$102,N22))))) | P22: =IFERROR(MATCH(Data!X22,$F$4:$F$102,1),0) | Q22: =IF(P22=0,Data!X22+$I$13,IF(P22>=99,Data!X22+$I$14,INDEX($E$4:$E$102,P22)+(Data!X22-INDEX($F$4:$F$102,P22))/(INDEX($F$4:$F$102,P22+1)-INDEX($F$4:$F$102,P22))*(INDEX($E$4:$E$102,P22+1)-INDEX($E$4:$E$102,P22)))) | R22: =IFERROR(MATCH(Data!Y22,$F$4:$F$102,1),0) | S22: =IF(R22=0,Data!Y22+$I$13,IF(R22>=99,Data!Y22+$I$14,INDEX($E$4:$E$102,R22)+(Data!Y22-INDEX($F$4:$F$102,R22))/(INDEX($F$4:$F$102,R22+1)-INDEX($F$4:$F$102,R22))*(INDEX($E$4:$E$102,R22+1)-INDEX($E$4:$E$102,R22))))
A23: 20 | B23: =A23/100 | C23: =_xlfn.PERCENTILE.INC(Data!$O$2:$O$2441,($I$5+B23*($I$6-1))/($I$4-1)) | D23: =_xlfn.PERCENTILE.INC(Occurrence!$I$2:$I$2441,($I$7+B23*($I$8-1))/($I$4-1)) | E23: =_xlfn.PERCENTILE.INC(Data!$U$2:$U$2441,B23) | F23: =_xlfn.PERCENTILE.INC(Data!$V$2:$V$2441,B23) | K23: =Data!A23 | L23: =IF(Occurrence!J23<=0,-1,IFERROR(MATCH(Occurrence!J23,$D$4:$D$102,1),0)) | M23: =IF(L23<0,0,IF(L23=0,Occurrence!J23*$I$11,IF(L23>=99,Occurrence!J23*$I$12,INDEX($C$4:$C$102,L23)+(Occurrence!J23-INDEX($D$4:$D$102,L23))/(INDEX($D$4:$D$102,L23+1)-INDEX($D$4:$D$102,L23))*(INDEX($C$4:$C$102,L23+1)-INDEX($C$4:$C$102,L23))))) | N23: =IF(Occurrence!K23<=0,-1,IFERROR(MATCH(Occurrence!K23,$D$4:$D$102,1),0)) | O23: =IF(N23<0,0,IF(N23=0,Occurrence!K23*$I$11,IF(N23>=99,Occurrence!K23*$I$12,INDEX($C$4:$C$102,N23)+(Occurrence!K23-INDEX($D$4:$D$102,N23))/(INDEX($D$4:$D$102,N23+1)-INDEX($D$4:$D$102,N23))*(INDEX($C$4:$C$102,N23+1)-INDEX($C$4:$C$102,N23))))) | P23: =IFERROR(MATCH(Data!X23,$F$4:$F$102,1),0) | Q23: =IF(P23=0,Data!X23+$I$13,IF(P23>=99,Data!X23+$I$14,INDEX($E$4:$E$102,P23)+(Data!X23-INDEX($F$4:$F$102,P23))/(INDEX($F$4:$F$102,P23+1)-INDEX($F$4:$F$102,P23))*(INDEX($E$4:$E$102,P23+1)-INDEX($E$4:$E$102,P23)))) | R23: =IFERROR(MATCH(Data!Y23,$F$4:$F$102,1),0) | S23: =IF(R23=0,Data!Y23+$I$13,IF(R23>=99,Data!Y23+$I$14,INDEX($E$4:$E$102,R23)+(Data!Y23-INDEX($F$4:$F$102,R23))/(INDEX($F$4:$F$102,R23+1)-INDEX($F$4:$F$102,R23))*(INDEX($E$4:$E$102,R23+1)-INDEX($E$4:$E$102,R23))))
A24: 21 | B24: =A24/100 | C24: =_xlfn.PERCENTILE.INC(Data!$O$2:$O$2441,($I$5+B24*($I$6-1))/($I$4-1)) | D24: =_xlfn.PERCENTILE.INC(Occurrence!$I$2:$I$2441,($I$7+B24*($I$8-1))/($I$4-1)) | E24: =_xlfn.PERCENTILE.INC(Data!$U$2:$U$2441,B24) | F24: =_xlfn.PERCENTILE.INC(Data!$V$2:$V$2441,B24) | K24: =Data!A24 | L24: =IF(Occurrence!J24<=0,-1,IFERROR(MATCH(Occurrence!J24,$D$4:$D$102,1),0)) | M24: =IF(L24<0,0,IF(L24=0,Occurrence!J24*$I$11,IF(L24>=99,Occurrence!J24*$I$12,INDEX($C$4:$C$102,L24)+(Occurrence!J24-INDEX($D$4:$D$102,L24))/(INDEX($D$4:$D$102,L24+1)-INDEX($D$4:$D$102,L24))*(INDEX($C$4:$C$102,L24+1)-INDEX($C$4:$C$102,L24))))) | N24: =IF(Occurrence!K24<=0,-1,IFERROR(MATCH(Occurrence!K24,$D$4:$D$102,1),0)) | O24: =IF(N24<0,0,IF(N24=0,Occurrence!K24*$I$11,IF(N24>=99,Occurrence!K24*$I$12,INDEX($C$4:$C$102,N24)+(Occurrence!K24-INDEX($D$4:$D$102,N24))/(INDEX($D$4:$D$102,N24+1)-INDEX($D$4:$D$102,N24))*(INDEX($C$4:$C$102,N24+1)-INDEX($C$4:$C$102,N24))))) | P24: =IFERROR(MATCH(Data!X24,$F$4:$F$102,1),0) | Q24: =IF(P24=0,Data!X24+$I$13,IF(P24>=99,Data!X24+$I$14,INDEX($E$4:$E$102,P24)+(Data!X24-INDEX($F$4:$F$102,P24))/(INDEX($F$4:$F$102,P24+1)-INDEX($F$4:$F$102,P24))*(INDEX($E$4:$E$102,P24+1)-INDEX($E$4:$E$102,P24)))) | R24: =IFERROR(MATCH(Data!Y24,$F$4:$F$102,1),0) | S24: =IF(R24=0,Data!Y24+$I$13,IF(R24>=99,Data!Y24+$I$14,INDEX($E$4:$E$102,R24)+(Data!Y24-INDEX($F$4:$F$102,R24))/(INDEX($F$4:$F$102,R24+1)-INDEX($F$4:$F$102,R24))*(INDEX($E$4:$E$102,R24+1)-INDEX($E$4:$E$102,R24))))
A25: 22 | B25: =A25/100 | C25: =_xlfn.PERCENTILE.INC(Data!$O$2:$O$2441,($I$5+B25*($I$6-1))/($I$4-1)) | D25: =_xlfn.PERCENTILE.INC(Occurrence!$I$2:$I$2441,($I$7+B25*($I$8-1))/($I$4-1)) | E25: =_xlfn.PERCENTILE.INC(Data!$U$2:$U$2441,B25) | F25: =_xlfn.PERCENTILE.INC(Data!$V$2:$V$2441,B25) | K25: =Data!A25 | L25: =IF(Occurrence!J25<=0,-1,IFERROR(MATCH(Occurrence!J25,$D$4:$D$102,1),0)) | M25: =IF(L25<0,0,IF(L25=0,Occurrence!J25*$I$11,IF(L25>=99,Occurrence!J25*$I$12,INDEX($C$4:$C$102,L25)+(Occurrence!J25-INDEX($D$4:$D$102,L25))/(INDEX($D$4:$D$102,L25+1)-INDEX($D$4:$D$102,L25))*(INDEX($C$4:$C$102,L25+1)-INDEX($C$4:$C$102,L25))))) | N25: =IF(Occurrence!K25<=0,-1,IFERROR(MATCH(Occurrence!K25,$D$4:$D$102,1),0)) | O25: =IF(N25<0,0,IF(N25=0,Occurrence!K25*$I$11,IF(N25>=99,Occurrence!K25*$I$12,INDEX($C$4:$C$102,N25)+(Occurrence!K25-INDEX($D$4:$D$102,N25))/(INDEX($D$4:$D$102,N25+1)-INDEX($D$4:$D$102,N25))*(INDEX($C$4:$C$102,N25+1)-INDEX($C$4:$C$102,N25))))) | P25: =IFERROR(MATCH(Data!X25,$F$4:$F$102,1),0) | Q25: =IF(P25=0,Data!X25+$I$13,IF(P25>=99,Data!X25+$I$14,INDEX($E$4:$E$102,P25)+(Data!X25-INDEX($F$4:$F$102,P25))/(INDEX($F$4:$F$102,P25+1)-INDEX($F$4:$F$102,P25))*(INDEX($E$4:$E$102,P25+1)-INDEX($E$4:$E$102,P25)))) | R25: =IFERROR(MATCH(Data!Y25,$F$4:$F$102,1),0) | S25: =IF(R25=0,Data!Y25+$I$13,IF(R25>=99,Data!Y25+$I$14,INDEX($E$4:$E$102,R25)+(Data!Y25-INDEX($F$4:$F$102,R25))/(INDEX($F$4:$F$102,R25+1)-INDEX($F$4:$F$102,R25))*(INDEX($E$4:$E$102,R25+1)-INDEX($E$4:$E$102,R25))))
A26: 23 | B26: =A26/100 | C26: =_xlfn.PERCENTILE.INC(Data!$O$2:$O$2441,($I$5+B26*($I$6-1))/($I$4-1)) | D26: =_xlfn.PERCENTILE.INC(Occurrence!$I$2:$I$2441,($I$7+B26*($I$8-1))/($I$4-1)) | E26: =_xlfn.PERCENTILE.INC(Data!$U$2:$U$2441,B26) | F26: =_xlfn.PERCENTILE.INC(Data!$V$2:$V$2441,B26) | K26: =Data!A26 | L26: =IF(Occurrence!J26<=0,-1,IFERROR(MATCH(Occurrence!J26,$D$4:$D$102,1),0)) | M26: =IF(L26<0,0,IF(L26=0,Occurrence!J26*$I$11,IF(L26>=99,Occurrence!J26*$I$12,INDEX($C$4:$C$102,L26)+(Occurrence!J26-INDEX($D$4:$D$102,L26))/(INDEX($D$4:$D$102,L26+1)-INDEX($D$4:$D$102,L26))*(INDEX($C$4:$C$102,L26+1)-INDEX($C$4:$C$102,L26))))) | N26: =IF(Occurrence!K26<=0,-1,IFERROR(MATCH(Occurrence!K26,$D$4:$D$102,1),0)) | O26: =IF(N26<0,0,IF(N26=0,Occurrence!K26*$I$11,IF(N26>=99,Occurrence!K26*$I$12,INDEX($C$4:$C$102,N26)+(Occurrence!K26-INDEX($D$4:$D$102,N26))/(INDEX($D$4:$D$102,N26+1)-INDEX($D$4:$D$102,N26))*(INDEX($C$4:$C$102,N26+1)-INDEX($C$4:$C$102,N26))))) | P26: =IFERROR(MATCH(Data!X26,$F$4:$F$102,1),0) | Q26: =IF(P26=0,Data!X26+$I$13,IF(P26>=99,Data!X26+$I$14,INDEX($E$4:$E$102,P26)+(Data!X26-INDEX($F$4:$F$102,P26))/(INDEX($F$4:$F$102,P26+1)-INDEX($F$4:$F$102,P26))*(INDEX($E$4:$E$102,P26+1)-INDEX($E$4:$E$102,P26)))) | R26: =IFERROR(MATCH(Data!Y26,$F$4:$F$102,1),0) | S26: =IF(R26=0,Data!Y26+$I$13,IF(R26>=99,Data!Y26+$I$14,INDEX($E$4:$E$102,R26)+(Data!Y26-INDEX($F$4:$F$102,R26))/(INDEX($F$4:$F$102,R26+1)-INDEX($F$4:$F$102,R26))*(INDEX($E$4:$E$102,R26+1)-INDEX($E$4:$E$102,R26))))
A27: 24 | B27: =A27/100 | C27: =_xlfn.PERCENTILE.INC(Data!$O$2:$O$2441,($I$5+B27*($I$6-1))/($I$4-1)) | D27: =_xlfn.PERCENTILE.INC(Occurrence!$I$2:$I$2441,($I$7+B27*($I$8-1))/($I$4-1)) | E27: =_xlfn.PERCENTILE.INC(Data!$U$2:$U$2441,B27) | F27: =_xlfn.PERCENTILE.INC(Data!$V$2:$V$2441,B27) | K27: =Data!A27 | L27: =IF(Occurrence!J27<=0,-1,IFERROR(MATCH(Occurrence!J27,$D$4:$D$102,1),0)) | M27: =IF(L27<0,0,IF(L27=0,Occurrence!J27*$I$11,IF(L27>=99,Occurrence!J27*$I$12,INDEX($C$4:$C$102,L27)+(Occurrence!J27-INDEX($D$4:$D$102,L27))/(INDEX($D$4:$D$102,L27+1)-INDEX($D$4:$D$102,L27))*(INDEX($C$4:$C$102,L27+1)-INDEX($C$4:$C$102,L27))))) | N27: =IF(Occurrence!K27<=0,-1,IFERROR(MATCH(Occurrence!K27,$D$4:$D$102,1),0)) | O27: =IF(N27<0,0,IF(N27=0,Occurrence!K27*$I$11,IF(N27>=99,Occurrence!K27*$I$12,INDEX($C$4:$C$102,N27)+(Occurrence!K27-INDEX($D$4:$D$102,N27))/(INDEX($D$4:$D$102,N27+1)-INDEX($D$4:$D$102,N27))*(INDEX($C$4:$C$102,N27+1)-INDEX($C$4:$C$102,N27))))) | P27: =IFERROR(MATCH(Data!X27,$F$4:$F$102,1),0) | Q27: =IF(P27=0,Data!X27+$I$13,IF(P27>=99,Data!X27+$I$14,INDEX($E$4:$E$102,P27)+(Data!X27-INDEX($F$4:$F$102,P27))/(INDEX($F$4:$F$102,P27+1)-INDEX($F$4:$F$102,P27))*(INDEX($E$4:$E$102,P27+1)-INDEX($E$4:$E$102,P27)))) | R27: =IFERROR(MATCH(Data!Y27,$F$4:$F$102,1),0) | S27: =IF(R27=0,Data!Y27+$I$13,IF(R27>=99,Data!Y27+$I$14,INDEX($E$4:$E$102,R27)+(Data!Y27-INDEX($F$4:$F$102,R27))/(INDEX($F$4:$F$102,R27+1)-INDEX($F$4:$F$102,R27))*(INDEX($E$4:$E$102,R27+1)-INDEX($E$4:$E$102,R27))))
A28: 25 | B28: =A28/100 | C28: =_xlfn.PERCENTILE.INC(Data!$O$2:$O$2441,($I$5+B28*($I$6-1))/($I$4-1)) | D28: =_xlfn.PERCENTILE.INC(Occurrence!$I$2:$I$2441,($I$7+B28*($I$8-1))/($I$4-1)) | E28: =_xlfn.PERCENTILE.INC(Data!$U$2:$U$2441,B28) | F28: =_xlfn.PERCENTILE.INC(Data!$V$2:$V$2441,B28) | K28: =Data!A28 | L28: =IF(Occurrence!J28<=0,-1,IFERROR(MATCH(Occurrence!J28,$D$4:$D$102,1),0)) | M28: =IF(L28<0,0,IF(L28=0,Occurrence!J28*$I$11,IF(L28>=99,Occurrence!J28*$I$12,INDEX($C$4:$C$102,L28)+(Occurrence!J28-INDEX($D$4:$D$102,L28))/(INDEX($D$4:$D$102,L28+1)-INDEX($D$4:$D$102,L28))*(INDEX($C$4:$C$102,L28+1)-INDEX($C$4:$C$102,L28))))) | N28: =IF(Occurrence!K28<=0,-1,IFERROR(MATCH(Occurrence!K28,$D$4:$D$102,1),0)) | O28: =IF(N28<0,0,IF(N28=0,Occurrence!K28*$I$11,IF(N28>=99,Occurrence!K28*$I$12,INDEX($C$4:$C$102,N28)+(Occurrence!K28-INDEX($D$4:$D$102,N28))/(INDEX($D$4:$D$102,N28+1)-INDEX($D$4:$D$102,N28))*(INDEX($C$4:$C$102,N28+1)-INDEX($C$4:$C$102,N28))))) | P28: =IFERROR(MATCH(Data!X28,$F$4:$F$102,1),0) | Q28: =IF(P28=0,Data!X28+$I$13,IF(P28>=99,Data!X28+$I$14,INDEX($E$4:$E$102,P28)+(Data!X28-INDEX($F$4:$F$102,P28))/(INDEX($F$4:$F$102,P28+1)-INDEX($F$4:$F$102,P28))*(INDEX($E$4:$E$102,P28+1)-INDEX($E$4:$E$102,P28)))) | R28: =IFERROR(MATCH(Data!Y28,$F$4:$F$102,1),0) | S28: =IF(R28=0,Data!Y28+$I$13,IF(R28>=99,Data!Y28+$I$14,INDEX($E$4:$E$102,R28)+(Data!Y28-INDEX($F$4:$F$102,R28))/(INDEX($F$4:$F$102,R28+1)-INDEX($F$4:$F$102,R28))*(INDEX($E$4:$E$102,R28+1)-INDEX($E$4:$E$102,R28))))
A29: 26 | B29: =A29/100 | C29: =_xlfn.PERCENTILE.INC(Data!$O$2:$O$2441,($I$5+B29*($I$6-1))/($I$4-1)) | D29: =_xlfn.PERCENTILE.INC(Occurrence!$I$2:$I$2441,($I$7+B29*($I$8-1))/($I$4-1)) | E29: =_xlfn.PERCENTILE.INC(Data!$U$2:$U$2441,B29) | F29: =_xlfn.PERCENTILE.INC(Data!$V$2:$V$2441,B29) | K29: =Data!A29 | L29: =IF(Occurrence!J29<=0,-1,IFERROR(MATCH(Occurrence!J29,$D$4:$D$102,1),0)) | M29: =IF(L29<0,0,IF(L29=0,Occurrence!J29*$I$11,IF(L29>=99,Occurrence!J29*$I$12,INDEX($C$4:$C$102,L29)+(Occurrence!J29-INDEX($D$4:$D$102,L29))/(INDEX($D$4:$D$102,L29+1)-INDEX($D$4:$D$102,L29))*(INDEX($C$4:$C$102,L29+1)-INDEX($C$4:$C$102,L29))))) | N29: =IF(Occurrence!K29<=0,-1,IFERROR(MATCH(Occurrence!K29,$D$4:$D$102,1),0)) | O29: =IF(N29<0,0,IF(N29=0,Occurrence!K29*$I$11,IF(N29>=99,Occurrence!K29*$I$12,INDEX($C$4:$C$102,N29)+(Occurrence!K29-INDEX($D$4:$D$102,N29))/(INDEX($D$4:$D$102,N29+1)-INDEX($D$4:$D$102,N29))*(INDEX($C$4:$C$102,N29+1)-INDEX($C$4:$C$102,N29))))) | P29: =IFERROR(MATCH(Data!X29,$F$4:$F$102,1),0) | Q29: =IF(P29=0,Data!X29+$I$13,IF(P29>=99,Data!X29+$I$14,INDEX($E$4:$E$102,P29)+(Data!X29-INDEX($F$4:$F$102,P29))/(INDEX($F$4:$F$102,P29+1)-INDEX($F$4:$F$102,P29))*(INDEX($E$4:$E$102,P29+1)-INDEX($E$4:$E$102,P29)))) | R29: =IFERROR(MATCH(Data!Y29,$F$4:$F$102,1),0) | S29: =IF(R29=0,Data!Y29+$I$13,IF(R29>=99,Data!Y29+$I$14,INDEX($E$4:$E$102,R29)+(Data!Y29-INDEX($F$4:$F$102,R29))/(INDEX($F$4:$F$102,R29+1)-INDEX($F$4:$F$102,R29))*(INDEX($E$4:$E$102,R29+1)-INDEX($E$4:$E$102,R29))))
A30: 27 | B30: =A30/100 | C30: =_xlfn.PERCENTILE.INC(Data!$O$2:$O$2441,($I$5+B30*($I$6-1))/($I$4-1)) | D30: =_xlfn.PERCENTILE.INC(Occurrence!$I$2:$I$2441,($I$7+B30*($I$8-1))/($I$4-1)) | E30: =_xlfn.PERCENTILE.INC(Data!$U$2:$U$2441,B30) | F30: =_xlfn.PERCENTILE.INC(Data!$V$2:$V$2441,B30) | K30: =Data!A30 | L30: =IF(Occurrence!J30<=0,-1,IFERROR(MATCH(Occurrence!J30,$D$4:$D$102,1),0)) | M30: =IF(L30<0,0,IF(L30=0,Occurrence!J30*$I$11,IF(L30>=99,Occurrence!J30*$I$12,INDEX($C$4:$C$102,L30)+(Occurrence!J30-INDEX($D$4:$D$102,L30))/(INDEX($D$4:$D$102,L30+1)-INDEX($D$4:$D$102,L30))*(INDEX($C$4:$C$102,L30+1)-INDEX($C$4:$C$102,L30))))) | N30: =IF(Occurrence!K30<=0,-1,IFERROR(MATCH(Occurrence!K30,$D$4:$D$102,1),0)) | O30: =IF(N30<0,0,IF(N30=0,Occurrence!K30*$I$11,IF(N30>=99,Occurrence!K30*$I$12,INDEX($C$4:$C$102,N30)+(Occurrence!K30-INDEX($D$4:$D$102,N30))/(INDEX($D$4:$D$102,N30+1)-INDEX($D$4:$D$102,N30))*(INDEX($C$4:$C$102,N30+1)-INDEX($C$4:$C$102,N30))))) | P30: =IFERROR(MATCH(Data!X30,$F$4:$F$102,1),0) | Q30: =IF(P30=0,Data!X30+$I$13,IF(P30>=99,Data!X30+$I$14,INDEX($E$4:$E$102,P30)+(Data!X30-INDEX($F$4:$F$102,P30))/(INDEX($F$4:$F$102,P30+1)-INDEX($F$4:$F$102,P30))*(INDEX($E$4:$E$102,P30+1)-INDEX($E$4:$E$102,P30)))) | R30: =IFERROR(MATCH(Data!Y30,$F$4:$F$102,1),0) | S30: =IF(R30=0,Data!Y30+$I$13,IF(R30>=99,Data!Y30+$I$14,INDEX($E$4:$E$102,R30)+(Data!Y30-INDEX($F$4:$F$102,R30))/(INDEX($F$4:$F$102,R30+1)-INDEX($F$4:$F$102,R30))*(INDEX($E$4:$E$102,R30+1)-INDEX($E$4:$E$102,R30))))
A31: 28 | B31: =A31/100 | C31: =_xlfn.PERCENTILE.INC(Data!$O$2:$O$2441,($I$5+B31*($I$6-1))/($I$4-1)) | D31: =_xlfn.PERCENTILE.INC(Occurrence!$I$2:$I$2441,($I$7+B31*($I$8-1))/($I$4-1)) | E31: =_xlfn.PERCENTILE.INC(Data!$U$2:$U$2441,B31) | F31: =_xlfn.PERCENTILE.INC(Data!$V$2:$V$2441,B31) | K31: =Data!A31 | L31: =IF(Occurrence!J31<=0,-1,IFERROR(MATCH(Occurrence!J31,$D$4:$D$102,1),0)) | M31: =IF(L31<0,0,IF(L31=0,Occurrence!J31*$I$11,IF(L31>=99,Occurrence!J31*$I$12,INDEX($C$4:$C$102,L31)+(Occurrence!J31-INDEX($D$4:$D$102,L31))/(INDEX($D$4:$D$102,L31+1)-INDEX($D$4:$D$102,L31))*(INDEX($C$4:$C$102,L31+1)-INDEX($C$4:$C$102,L31))))) | N31: =IF(Occurrence!K31<=0,-1,IFERROR(MATCH(Occurrence!K31,$D$4:$D$102,1),0)) | O31: =IF(N31<0,0,IF(N31=0,Occurrence!K31*$I$11,IF(N31>=99,Occurrence!K31*$I$12,INDEX($C$4:$C$102,N31)+(Occurrence!K31-INDEX($D$4:$D$102,N31))/(INDEX($D$4:$D$102,N31+1)-INDEX($D$4:$D$102,N31))*(INDEX($C$4:$C$102,N31+1)-INDEX($C$4:$C$102,N31))))) | P31: =IFERROR(MATCH(Data!X31,$F$4:$F$102,1),0) | Q31: =IF(P31=0,Data!X31+$I$13,IF(P31>=99,Data!X31+$I$14,INDEX($E$4:$E$102,P31)+(Data!X31-INDEX($F$4:$F$102,P31))/(INDEX($F$4:$F$102,P31+1)-INDEX($F$4:$F$102,P31))*(INDEX($E$4:$E$102,P31+1)-INDEX($E$4:$E$102,P31)))) | R31: =IFERROR(MATCH(Data!Y31,$F$4:$F$102,1),0) | S31: =IF(R31=0,Data!Y31+$I$13,IF(R31>=99,Data!Y31+$I$14,INDEX($E$4:$E$102,R31)+(Data!Y31-INDEX($F$4:$F$102,R31))/(INDEX($F$4:$F$102,R31+1)-INDEX($F$4:$F$102,R31))*(INDEX($E$4:$E$102,R31+1)-INDEX($E$4:$E$102,R31))))
A32: 29 | B32: =A32/100 | C32: =_xlfn.PERCENTILE.INC(Data!$O$2:$O$2441,($I$5+B32*($I$6-1))/($I$4-1)) | D32: =_xlfn.PERCENTILE.INC(Occurrence!$I$2:$I$2441,($I$7+B32*($I$8-1))/($I$4-1)) | E32: =_xlfn.PERCENTILE.INC(Data!$U$2:$U$2441,B32) | F32: =_xlfn.PERCENTILE.INC(Data!$V$2:$V$2441,B32) | K32: =Data!A32 | L32: =IF(Occurrence!J32<=0,-1,IFERROR(MATCH(Occurrence!J32,$D$4:$D$102,1),0)) | M32: =IF(L32<0,0,IF(L32=0,Occurrence!J32*$I$11,IF(L32>=99,Occurrence!J32*$I$12,INDEX($C$4:$C$102,L32)+(Occurrence!J32-INDEX($D$4:$D$102,L32))/(INDEX($D$4:$D$102,L32+1)-INDEX($D$4:$D$102,L32))*(INDEX($C$4:$C$102,L32+1)-INDEX($C$4:$C$102,L32))))) | N32: =IF(Occurrence!K32<=0,-1,IFERROR(MATCH(Occurrence!K32,$D$4:$D$102,1),0)) | O32: =IF(N32<0,0,IF(N32=0,Occurrence!K32*$I$11,IF(N32>=99,Occurrence!K32*$I$12,INDEX($C$4:$C$102,N32)+(Occurrence!K32-INDEX($D$4:$D$102,N32))/(INDEX($D$4:$D$102,N32+1)-INDEX($D$4:$D$102,N32))*(INDEX($C$4:$C$102,N32+1)-INDEX($C$4:$C$102,N32))))) | P32: =IFERROR(MATCH(Data!X32,$F$4:$F$102,1),0) | Q32: =IF(P32=0,Data!X32+$I$13,IF(P32>=99,Data!X32+$I$14,INDEX($E$4:$E$102,P32)+(Data!X32-INDEX($F$4:$F$102,P32))/(INDEX($F$4:$F$102,P32+1)-INDEX($F$4:$F$102,P32))*(INDEX($E$4:$E$102,P32+1)-INDEX($E$4:$E$102,P32)))) | R32: =IFERROR(MATCH(Data!Y32,$F$4:$F$102,1),0) | S32: =IF(R32=0,Data!Y32+$I$13,IF(R32>=99,Data!Y32+$I$14,INDEX($E$4:$E$102,R32)+(Data!Y32-INDEX($F$4:$F$102,R32))/(INDEX($F$4:$F$102,R32+1)-INDEX($F$4:$F$102,R32))*(INDEX($E$4:$E$102,R32+1)-INDEX($E$4:$E$102,R32))))
... A102: 99 | B102: =A102/100 | C102: =_xlfn.PERCENTILE.INC(Data!$O$2:$O$2441,($I$5+B102*($I$6-1))/($I$4-1)) | D102: =_xlfn.PERCENTILE.INC(Occurrence!$I$2:$I$2441,($I$7+B102*($I$8-1))/($I$4-1)) | E102: =_xlfn.PERCENTILE.INC(Data!$U$2:$U$2441,B102) | F102: =_xlfn.PERCENTILE.INC(Data!$V$2:$V$2441,B102) | K102: =Data!A102 | L102: =IF(Occurrence!J102<=0,-1,IFERROR(MATCH(Occurrence!J102,$D$4:$D$102,1),0)) | M102: =IF(L102<0,0,IF(L102=0,Occurrence!J102*$I$11,IF(L102>=99,Occurrence!J102*$I$12,INDEX($C$4:$C$102,L102)+(Occurrence!J102-INDEX($D$4:$D$102,L102))/(INDEX($D$4:$D$102,L102+1)-INDEX($D$4:$D$102,L102))*(INDEX($C$4:$C$102,L102+1)-INDEX($C$4:$C$102,L102))))) | N102: =IF(Occurrence!K102<=0,-1,IFERROR(MATCH(Occurrence!K102,$D$4:$D$102,1),0)) | O102: =IF(N102<0,0,IF(N102=0,Occurrence!K102*$I$11,IF(N102>=99,Occurrence!K102*$I$12,INDEX($C$4:$C$102,N102)+(Occurrence!K102-INDEX($D$4:$D$102,N102))/(INDEX($D$4:$D$102,N102+1)-INDEX($D$4:$D$102,N102))*(INDEX($C$4:$C$102,N102+1)-INDEX($C$4:$C$102,N102))))) | P102: =IFERROR(MATCH(Data!X102,$F$4:$F$102,1),0) | Q102: =IF(P102=0,Data!X102+$I$13,IF(P102>=99,Data!X102+$I$14,INDEX($E$4:$E$102,P102)+(Data!X102-INDEX($F$4:$F$102,P102))/(INDEX($F$4:$F$102,P102+1)-INDEX($F$4:$F$102,P102))*(INDEX($E$4:$E$102,P102+1)-INDEX($E$4:$E$102,P102)))) | R102: =IFERROR(MATCH(Data!Y102,$F$4:$F$102,1),0) | S102: =IF(R102=0,Data!Y102+$I$13,IF(R102>=99,Data!Y102+$I$14,INDEX($E$4:$E$102,R102)+(Data!Y102-INDEX($F$4:$F$102,R102))/(INDEX($F$4:$F$102,R102+1)-INDEX($F$4:$F$102,R102))*(INDEX($E$4:$E$102,R102+1)-INDEX($E$4:$E$102,R102))))
K103: =Data!A103 | L103: =IF(Occurrence!J103<=0,-1,IFERROR(MATCH(Occurrence!J103,$D$4:$D$102,1),0)) | M103: =IF(L103<0,0,IF(L103=0,Occurrence!J103*$I$11,IF(L103>=99,Occurrence!J103*$I$12,INDEX($C$4:$C$102,L103)+(Occurrence!J103-INDEX($D$4:$D$102,L103))/(INDEX($D$4:$D$102,L103+1)-INDEX($D$4:$D$102,L103))*(INDEX($C$4:$C$102,L103+1)-INDEX($C$4:$C$102,L103))))) | N103: =IF(Occurrence!K103<=0,-1,IFERROR(MATCH(Occurrence!K103,$D$4:$D$102,1),0)) | O103: =IF(N103<0,0,IF(N103=0,Occurrence!K103*$I$11,IF(N103>=99,Occurrence!K103*$I$12,INDEX($C$4:$C$102,N103)+(Occurrence!K103-INDEX($D$4:$D$102,N103))/(INDEX($D$4:$D$102,N103+1)-INDEX($D$4:$D$102,N103))*(INDEX($C$4:$C$102,N103+1)-INDEX($C$4:$C$102,N103))))) | P103: =IFERROR(MATCH(Data!X103,$F$4:$F$102,1),0) | Q103: =IF(P103=0,Data!X103+$I$13,IF(P103>=99,Data!X103+$I$14,INDEX($E$4:$E$102,P103)+(Data!X103-INDEX($F$4:$F$102,P103))/(INDEX($F$4:$F$102,P103+1)-INDEX($F$4:$F$102,P103))*(INDEX($E$4:$E$102,P103+1)-INDEX($E$4:$E$102,P103)))) | R103: =IFERROR(MATCH(Data!Y103,$F$4:$F$102,1),0) | S103: =IF(R103=0,Data!Y103+$I$13,IF(R103>=99,Data!Y103+$I$14,INDEX($E$4:$E$102,R103)+(Data!Y103-INDEX($F$4:$F$102,R103))/(INDEX($F$4:$F$102,R103+1)-INDEX($F$4:$F$102,R103))*(INDEX($E$4:$E$102,R103+1)-INDEX($E$4:$E$102,R103))))
K104: =Data!A104 | L104: =IF(Occurrence!J104<=0,-1,IFERROR(MATCH(Occurrence!J104,$D$4:$D$102,1),0)) | M104: =IF(L104<0,0,IF(L104=0,Occurrence!J104*$I$11,IF(L104>=99,Occurrence!J104*$I$12,INDEX($C$4:$C$102,L104)+(Occurrence!J104-INDEX($D$4:$D$102,L104))/(INDEX($D$4:$D$102,L104+1)-INDEX($D$4:$D$102,L104))*(INDEX($C$4:$C$102,L104+1)-INDEX($C$4:$C$102,L104))))) | N104: =IF(Occurrence!K104<=0,-1,IFERROR(MATCH(Occurrence!K104,$D$4:$D$102,1),0)) | O104: =IF(N104<0,0,IF(N104=0,Occurrence!K104*$I$11,IF(N104>=99,Occurrence!K104*$I$12,INDEX($C$4:$C$102,N104)+(Occurrence!K104-INDEX($D$4:$D$102,N104))/(INDEX($D$4:$D$102,N104+1)-INDEX($D$4:$D$102,N104))*(INDEX($C$4:$C$102,N104+1)-INDEX($C$4:$C$102,N104))))) | P104: =IFERROR(MATCH(Data!X104,$F$4:$F$102,1),0) | Q104: =IF(P104=0,Data!X104+$I$13,IF(P104>=99,Data!X104+$I$14,INDEX($E$4:$E$102,P104)+(Data!X104-INDEX($F$4:$F$102,P104))/(INDEX($F$4:$F$102,P104+1)-INDEX($F$4:$F$102,P104))*(INDEX($E$4:$E$102,P104+1)-INDEX($E$4:$E$102,P104)))) | R104: =IFERROR(MATCH(Data!Y104,$F$4:$F$102,1),0) | S104: =IF(R104=0,Data!Y104+$I$13,IF(R104>=99,Data!Y104+$I$14,INDEX($E$4:$E$102,R104)+(Data!Y104-INDEX($F$4:$F$102,R104))/(INDEX($F$4:$F$102,R104+1)-INDEX($F$4:$F$102,R104))*(INDEX($E$4:$E$102,R104+1)-INDEX($E$4:$E$102,R104))))
K105: =Data!A105 | L105: =IF(Occurrence!J105<=0,-1,IFERROR(MATCH(Occurrence!J105,$D$4:$D$102,1),0)) | M105: =IF(L105<0,0,IF(L105=0,Occurrence!J105*$I$11,IF(L105>=99,Occurrence!J105*$I$12,INDEX($C$4:$C$102,L105)+(Occurrence!J105-INDEX($D$4:$D$102,L105))/(INDEX($D$4:$D$102,L105+1)-INDEX($D$4:$D$102,L105))*(INDEX($C$4:$C$102,L105+1)-INDEX($C$4:$C$102,L105))))) | N105: =IF(Occurrence!K105<=0,-1,IFERROR(MATCH(Occurrence!K105,$D$4:$D$102,1),0)) | O105: =IF(N105<0,0,IF(N105=0,Occurrence!K105*$I$11,IF(N105>=99,Occurrence!K105*$I$12,INDEX($C$4:$C$102,N105)+(Occurrence!K105-INDEX($D$4:$D$102,N105))/(INDEX($D$4:$D$102,N105+1)-INDEX($D$4:$D$102,N105))*(INDEX($C$4:$C$102,N105+1)-INDEX($C$4:$C$102,N105))))) | P105: =IFERROR(MATCH(Data!X105,$F$4:$F$102,1),0) | Q105: =IF(P105=0,Data!X105+$I$13,IF(P105>=99,Data!X105+$I$14,INDEX($E$4:$E$102,P105)+(Data!X105-INDEX($F$4:$F$102,P105))/(INDEX($F$4:$F$102,P105+1)-INDEX($F$4:$F$102,P105))*(INDEX($E$4:$E$102,P105+1)-INDEX($E$4:$E$102,P105)))) | R105: =IFERROR(MATCH(Data!Y105,$F$4:$F$102,1),0) | S105: =IF(R105=0,Data!Y105+$I$13,IF(R105>=99,Data!Y105+$I$14,INDEX($E$4:$E$102,R105)+(Data!Y105-INDEX($F$4:$F$102,R105))/(INDEX($F$4:$F$102,R105+1)-INDEX($F$4:$F$102,R105))*(INDEX($E$4:$E$102,R105+1)-INDEX($E$4:$E$102,R105))))
K106: =Data!A106 | L106: =IF(Occurrence!J106<=0,-1,IFERROR(MATCH(Occurrence!J106,$D$4:$D$102,1),0)) | M106: =IF(L106<0,0,IF(L106=0,Occurrence!J106*$I$11,IF(L106>=99,Occurrence!J106*$I$12,INDEX($C$4:$C$102,L106)+(Occurrence!J106-INDEX($D$4:$D$102,L106))/(INDEX($D$4:$D$102,L106+1)-INDEX($D$4:$D$102,L106))*(INDEX($C$4:$C$102,L106+1)-INDEX($C$4:$C$102,L106))))) | N106: =IF(Occurrence!K106<=0,-1,IFERROR(MATCH(Occurrence!K106,$D$4:$D$102,1),0)) | O106: =IF(N106<0,0,IF(N106=0,Occurrence!K106*$I$11,IF(N106>=99,Occurrence!K106*$I$12,INDEX($C$4:$C$102,N106)+(Occurrence!K106-INDEX($D$4:$D$102,N106))/(INDEX($D$4:$D$102,N106+1)-INDEX($D$4:$D$102,N106))*(INDEX($C$4:$C$102,N106+1)-INDEX($C$4:$C$102,N106))))) | P106: =IFERROR(MATCH(Data!X106,$F$4:$F$102,1),0) | Q106: =IF(P106=0,Data!X106+$I$13,IF(P106>=99,Data!X106+$I$14,INDEX($E$4:$E$102,P106)+(Data!X106-INDEX($F$4:$F$102,P106))/(INDEX($F$4:$F$102,P106+1)-INDEX($F$4:$F$102,P106))*(INDEX($E$4:$E$102,P106+1)-INDEX($E$4:$E$102,P106)))) | R106: =IFERROR(MATCH(Data!Y106,$F$4:$F$102,1),0) | S106: =IF(R106=0,Data!Y106+$I$13,IF(R106>=99,Data!Y106+$I$14,INDEX($E$4:$E$102,R106)+(Data!Y106-INDEX($F$4:$F$102,R106))/(INDEX($F$4:$F$102,R106+1)-INDEX($F$4:$F$102,R106))*(INDEX($E$4:$E$102,R106+1)-INDEX($E$4:$E$102,R106))))
K107: =Data!A107 | L107: =IF(Occurrence!J107<=0,-1,IFERROR(MATCH(Occurrence!J107,$D$4:$D$102,1),0)) | M107: =IF(L107<0,0,IF(L107=0,Occurrence!J107*$I$11,IF(L107>=99,Occurrence!J107*$I$12,INDEX($C$4:$C$102,L107)+(Occurrence!J107-INDEX($D$4:$D$102,L107))/(INDEX($D$4:$D$102,L107+1)-INDEX($D$4:$D$102,L107))*(INDEX($C$4:$C$102,L107+1)-INDEX($C$4:$C$102,L107))))) | N107: =IF(Occurrence!K107<=0,-1,IFERROR(MATCH(Occurrence!K107,$D$4:$D$102,1),0)) | O107: =IF(N107<0,0,IF(N107=0,Occurrence!K107*$I$11,IF(N107>=99,Occurrence!K107*$I$12,INDEX($C$4:$C$102,N107)+(Occurrence!K107-INDEX($D$4:$D$102,N107))/(INDEX($D$4:$D$102,N107+1)-INDEX($D$4:$D$102,N107))*(INDEX($C$4:$C$102,N107+1)-INDEX($C$4:$C$102,N107))))) | P107: =IFERROR(MATCH(Data!X107,$F$4:$F$102,1),0) | Q107: =IF(P107=0,Data!X107+$I$13,IF(P107>=99,Data!X107+$I$14,INDEX($E$4:$E$102,P107)+(Data!X107-INDEX($F$4:$F$102,P107))/(INDEX($F$4:$F$102,P107+1)-INDEX($F$4:$F$102,P107))*(INDEX($E$4:$E$102,P107+1)-INDEX($E$4:$E$102,P107)))) | R107: =IFERROR(MATCH(Data!Y107,$F$4:$F$102,1),0) | S107: =IF(R107=0,Data!Y107+$I$13,IF(R107>=99,Data!Y107+$I$14,INDEX($E$4:$E$102,R107)+(Data!Y107-INDEX($F$4:$F$102,R107))/(INDEX($F$4:$F$102,R107+1)-INDEX($F$4:$F$102,R107))*(INDEX($E$4:$E$102,R107+1)-INDEX($E$4:$E$102,R107))))
K108: =Data!A108 | L108: =IF(Occurrence!J108<=0,-1,IFERROR(MATCH(Occurrence!J108,$D$4:$D$102,1),0)) | M108: =IF(L108<0,0,IF(L108=0,Occurrence!J108*$I$11,IF(L108>=99,Occurrence!J108*$I$12,INDEX($C$4:$C$102,L108)+(Occurrence!J108-INDEX($D$4:$D$102,L108))/(INDEX($D$4:$D$102,L108+1)-INDEX($D$4:$D$102,L108))*(INDEX($C$4:$C$102,L108+1)-INDEX($C$4:$C$102,L108))))) | N108: =IF(Occurrence!K108<=0,-1,IFERROR(MATCH(Occurrence!K108,$D$4:$D$102,1),0)) | O108: =IF(N108<0,0,IF(N108=0,Occurrence!K108*$I$11,IF(N108>=99,Occurrence!K108*$I$12,INDEX($C$4:$C$102,N108)+(Occurrence!K108-INDEX($D$4:$D$102,N108))/(INDEX($D$4:$D$102,N108+1)-INDEX($D$4:$D$102,N108))*(INDEX($C$4:$C$102,N108+1)-INDEX($C$4:$C$102,N108))))) | P108: =IFERROR(MATCH(Data!X108,$F$4:$F$102,1),0) | Q108: =IF(P108=0,Data!X108+$I$13,IF(P108>=99,Data!X108+$I$14,INDEX($E$4:$E$102,P108)+(Data!X108-INDEX($F$4:$F$102,P108))/(INDEX($F$4:$F$102,P108+1)-INDEX($F$4:$F$102,P108))*(INDEX($E$4:$E$102,P108+1)-INDEX($E$4:$E$102,P108)))) | R108: =IFERROR(MATCH(Data!Y108,$F$4:$F$102,1),0) | S108: =IF(R108=0,Data!Y108+$I$13,IF(R108>=99,Data!Y108+$I$14,INDEX($E$4:$E$102,R108)+(Data!Y108-INDEX($F$4:$F$102,R108))/(INDEX($F$4:$F$102,R108+1)-INDEX($F$4:$F$102,R108))*(INDEX($E$4:$E$102,R108+1)-INDEX($E$4:$E$102,R108))))
K109: =Data!A109 | L109: =IF(Occurrence!J109<=0,-1,IFERROR(MATCH(Occurrence!J109,$D$4:$D$102,1),0)) | M109: =IF(L109<0,0,IF(L109=0,Occurrence!J109*$I$11,IF(L109>=99,Occurrence!J109*$I$12,INDEX($C$4:$C$102,L109)+(Occurrence!J109-INDEX($D$4:$D$102,L109))/(INDEX($D$4:$D$102,L109+1)-INDEX($D$4:$D$102,L109))*(INDEX($C$4:$C$102,L109+1)-INDEX($C$4:$C$102,L109))))) | N109: =IF(Occurrence!K109<=0,-1,IFERROR(MATCH(Occurrence!K109,$D$4:$D$102,1),0)) | O109: =IF(N109<0,0,IF(N109=0,Occurrence!K109*$I$11,IF(N109>=99,Occurrence!K109*$I$12,INDEX($C$4:$C$102,N109)+(Occurrence!K109-INDEX($D$4:$D$102,N109))/(INDEX($D$4:$D$102,N109+1)-INDEX($D$4:$D$102,N109))*(INDEX($C$4:$C$102,N109+1)-INDEX($C$4:$C$102,N109))))) | P109: =IFERROR(MATCH(Data!X109,$F$4:$F$102,1),0) | Q109: =IF(P109=0,Data!X109+$I$13,IF(P109>=99,Data!X109+$I$14,INDEX($E$4:$E$102,P109)+(Data!X109-INDEX($F$4:$F$102,P109))/(INDEX($F$4:$F$102,P109+1)-INDEX($F$4:$F$102,P109))*(INDEX($E$4:$E$102,P109+1)-INDEX($E$4:$E$102,P109)))) | R109: =IFERROR(MATCH(Data!Y109,$F$4:$F$102,1),0) | S109: =IF(R109=0,Data!Y109+$I$13,IF(R109>=99,Data!Y109+$I$14,INDEX($E$4:$E$102,R109)+(Data!Y109-INDEX($F$4:$F$102,R109))/(INDEX($F$4:$F$102,R109+1)-INDEX($F$4:$F$102,R109))*(INDEX($E$4:$E$102,R109+1)-INDEX($E$4:$E$102,R109))))
K110: =Data!A110 | L110: =IF(Occurrence!J110<=0,-1,IFERROR(MATCH(Occurrence!J110,$D$4:$D$102,1),0)) | M110: =IF(L110<0,0,IF(L110=0,Occurrence!J110*$I$11,IF(L110>=99,Occurrence!J110*$I$12,INDEX($C$4:$C$102,L110)+(Occurrence!J110-INDEX($D$4:$D$102,L110))/(INDEX($D$4:$D$102,L110+1)-INDEX($D$4:$D$102,L110))*(INDEX($C$4:$C$102,L110+1)-INDEX($C$4:$C$102,L110))))) | N110: =IF(Occurrence!K110<=0,-1,IFERROR(MATCH(Occurrence!K110,$D$4:$D$102,1),0)) | O110: =IF(N110<0,0,IF(N110=0,Occurrence!K110*$I$11,IF(N110>=99,Occurrence!K110*$I$12,INDEX($C$4:$C$102,N110)+(Occurrence!K110-INDEX($D$4:$D$102,N110))/(INDEX($D$4:$D$102,N110+1)-INDEX($D$4:$D$102,N110))*(INDEX($C$4:$C$102,N110+1)-INDEX($C$4:$C$102,N110))))) | P110: =IFERROR(MATCH(Data!X110,$F$4:$F$102,1),0) | Q110: =IF(P110=0,Data!X110+$I$13,IF(P110>=99,Data!X110+$I$14,INDEX($E$4:$E$102,P110)+(Data!X110-INDEX($F$4:$F$102,P110))/(INDEX($F$4:$F$102,P110+1)-INDEX($F$4:$F$102,P110))*(INDEX($E$4:$E$102,P110+1)-INDEX($E$4:$E$102,P110)))) | R110: =IFERROR(MATCH(Data!Y110,$F$4:$F$102,1),0) | S110: =IF(R110=0,Data!Y110+$I$13,IF(R110>=99,Data!Y110+$I$14,INDEX($E$4:$E$102,R110)+(Data!Y110-INDEX($F$4:$F$102,R110))/(INDEX($F$4:$F$102,R110+1)-INDEX($F$4:$F$102,R110))*(INDEX($E$4:$E$102,R110+1)-INDEX($E$4:$E$102,R110))))
K111: =Data!A111 | L111: =IF(Occurrence!J111<=0,-1,IFERROR(MATCH(Occurrence!J111,$D$4:$D$102,1),0)) | M111: =IF(L111<0,0,IF(L111=0,Occurrence!J111*$I$11,IF(L111>=99,Occurrence!J111*$I$12,INDEX($C$4:$C$102,L111)+(Occurrence!J111-INDEX($D$4:$D$102,L111))/(INDEX($D$4:$D$102,L111+1)-INDEX($D$4:$D$102,L111))*(INDEX($C$4:$C$102,L111+1)-INDEX($C$4:$C$102,L111))))) | N111: =IF(Occurrence!K111<=0,-1,IFERROR(MATCH(Occurrence!K111,$D$4:$D$102,1),0)) | O111: =IF(N111<0,0,IF(N111=0,Occurrence!K111*$I$11,IF(N111>=99,Occurrence!K111*$I$12,INDEX($C$4:$C$102,N111)+(Occurrence!K111-INDEX($D$4:$D$102,N111))/(INDEX($D$4:$D$102,N111+1)-INDEX($D$4:$D$102,N111))*(INDEX($C$4:$C$102,N111+1)-INDEX($C$4:$C$102,N111))))) | P111: =IFERROR(MATCH(Data!X111,$F$4:$F$102,1),0) | Q111: =IF(P111=0,Data!X111+$I$13,IF(P111>=99,Data!X111+$I$14,INDEX($E$4:$E$102,P111)+(Data!X111-INDEX($F$4:$F$102,P111))/(INDEX($F$4:$F$102,P111+1)-INDEX($F$4:$F$102,P111))*(INDEX($E$4:$E$102,P111+1)-INDEX($E$4:$E$102,P111)))) | R111: =IFERROR(MATCH(Data!Y111,$F$4:$F$102,1),0) | S111: =IF(R111=0,Data!Y111+$I$13,IF(R111>=99,Data!Y111+$I$14,INDEX($E$4:$E$102,R111)+(Data!Y111-INDEX($F$4:$F$102,R111))/(INDEX($F$4:$F$102,R111+1)-INDEX($F$4:$F$102,R111))*(INDEX($E$4:$E$102,R111+1)-INDEX($E$4:$E$102,R111))))
K112: =Data!A112 | L112: =IF(Occurrence!J112<=0,-1,IFERROR(MATCH(Occurrence!J112,$D$4:$D$102,1),0)) | M112: =IF(L112<0,0,IF(L112=0,Occurrence!J112*$I$11,IF(L112>=99,Occurrence!J112*$I$12,INDEX($C$4:$C$102,L112)+(Occurrence!J112-INDEX($D$4:$D$102,L112))/(INDEX($D$4:$D$102,L112+1)-INDEX($D$4:$D$102,L112))*(INDEX($C$4:$C$102,L112+1)-INDEX($C$4:$C$102,L112))))) | N112: =IF(Occurrence!K112<=0,-1,IFERROR(MATCH(Occurrence!K112,$D$4:$D$102,1),0)) | O112: =IF(N112<0,0,IF(N112=0,Occurrence!K112*$I$11,IF(N112>=99,Occurrence!K112*$I$12,INDEX($C$4:$C$102,N112)+(Occurrence!K112-INDEX($D$4:$D$102,N112))/(INDEX($D$4:$D$102,N112+1)-INDEX($D$4:$D$102,N112))*(INDEX($C$4:$C$102,N112+1)-INDEX($C$4:$C$102,N112))))) | P112: =IFERROR(MATCH(Data!X112,$F$4:$F$102,1),0) | Q112: =IF(P112=0,Data!X112+$I$13,IF(P112>=99,Data!X112+$I$14,INDEX($E$4:$E$102,P112)+(Data!X112-INDEX($F$4:$F$102,P112))/(INDEX($F$4:$F$102,P112+1)-INDEX($F$4:$F$102,P112))*(INDEX($E$4:$E$102,P112+1)-INDEX($E$4:$E$102,P112)))) | R112: =IFERROR(MATCH(Data!Y112,$F$4:$F$102,1),0) | S112: =IF(R112=0,Data!Y112+$I$13,IF(R112>=99,Data!Y112+$I$14,INDEX($E$4:$E$102,R112)+(Data!Y112-INDEX($F$4:$F$102,R112))/(INDEX($F$4:$F$102,R112+1)-INDEX($F$4:$F$102,R112))*(INDEX($E$4:$E$102,R112+1)-INDEX($E$4:$E$102,R112))))
K113: =Data!A113 | L113: =IF(Occurrence!J113<=0,-1,IFERROR(MATCH(Occurrence!J113,$D$4:$D$102,1),0)) | M113: =IF(L113<0,0,IF(L113=0,Occurrence!J113*$I$11,IF(L113>=99,Occurrence!J113*$I$12,INDEX($C$4:$C$102,L113)+(Occurrence!J113-INDEX($D$4:$D$102,L113))/(INDEX($D$4:$D$102,L113+1)-INDEX($D$4:$D$102,L113))*(INDEX($C$4:$C$102,L113+1)-INDEX($C$4:$C$102,L113))))) | N113: =IF(Occurrence!K113<=0,-1,IFERROR(MATCH(Occurrence!K113,$D$4:$D$102,1),0)) | O113: =IF(N113<0,0,IF(N113=0,Occurrence!K113*$I$11,IF(N113>=99,Occurrence!K113*$I$12,INDEX($C$4:$C$102,N113)+(Occurrence!K113-INDEX($D$4:$D$102,N113))/(INDEX($D$4:$D$102,N113+1)-INDEX($D$4:$D$102,N113))*(INDEX($C$4:$C$102,N113+1)-INDEX($C$4:$C$102,N113))))) | P113: =IFERROR(MATCH(Data!X113,$F$4:$F$102,1),0) | Q113: =IF(P113=0,Data!X113+$I$13,IF(P113>=99,Data!X113+$I$14,INDEX($E$4:$E$102,P113)+(Data!X113-INDEX($F$4:$F$102,P113))/(INDEX($F$4:$F$102,P113+1)-INDEX($F$4:$F$102,P113))*(INDEX($E$4:$E$102,P113+1)-INDEX($E$4:$E$102,P113)))) | R113: =IFERROR(MATCH(Data!Y113,$F$4:$F$102,1),0) | S113: =IF(R113=0,Data!Y113+$I$13,IF(R113>=99,Data!Y113+$I$14,INDEX($E$4:$E$102,R113)+(Data!Y113-INDEX($F$4:$F$102,R113))/(INDEX($F$4:$F$102,R113+1)-INDEX($F$4:$F$102,R113))*(INDEX($E$4:$E$102,R113+1)-INDEX($E$4:$E$102,R113))))
K114: =Data!A114 | L114: =IF(Occurrence!J114<=0,-1,IFERROR(MATCH(Occurrence!J114,$D$4:$D$102,1),0)) | M114: =IF(L114<0,0,IF(L114=0,Occurrence!J114*$I$11,IF(L114>=99,Occurrence!J114*$I$12,INDEX($C$4:$C$102,L114)+(Occurrence!J114-INDEX($D$4:$D$102,L114))/(INDEX($D$4:$D$102,L114+1)-INDEX($D$4:$D$102,L114))*(INDEX($C$4:$C$102,L114+1)-INDEX($C$4:$C$102,L114))))) | N114: =IF(Occurrence!K114<=0,-1,IFERROR(MATCH(Occurrence!K114,$D$4:$D$102,1),0)) | O114: =IF(N114<0,0,IF(N114=0,Occurrence!K114*$I$11,IF(N114>=99,Occurrence!K114*$I$12,INDEX($C$4:$C$102,N114)+(Occurrence!K114-INDEX($D$4:$D$102,N114))/(INDEX($D$4:$D$102,N114+1)-INDEX($D$4:$D$102,N114))*(INDEX($C$4:$C$102,N114+1)-INDEX($C$4:$C$102,N114))))) | P114: =IFERROR(MATCH(Data!X114,$F$4:$F$102,1),0) | Q114: =IF(P114=0,Data!X114+$I$13,IF(P114>=99,Data!X114+$I$14,INDEX($E$4:$E$102,P114)+(Data!X114-INDEX($F$4:$F$102,P114))/(INDEX($F$4:$F$102,P114+1)-INDEX($F$4:$F$102,P114))*(INDEX($E$4:$E$102,P114+1)-INDEX($E$4:$E$102,P114)))) | R114: =IFERROR(MATCH(Data!Y114,$F$4:$F$102,1),0) | S114: =IF(R114=0,Data!Y114+$I$13,IF(R114>=99,Data!Y114+$I$14,INDEX($E$4:$E$102,R114)+(Data!Y114-INDEX($F$4:$F$102,R114))/(INDEX($F$4:$F$102,R114+1)-INDEX($F$4:$F$102,R114))*(INDEX($E$4:$E$102,R114+1)-INDEX($E$4:$E$102,R114))))
... K2441: =Data!A2441 | L2441: =IF(Occurrence!J2441<=0,-1,IFERROR(MATCH(Occurrence!J2441,$D$4:$D$102,1),0)) | M2441: =IF(L2441<0,0,IF(L2441=0,Occurrence!J2441*$I$11,IF(L2441>=99,Occurrence!J2441*$I$12,INDEX($C$4:$C$102,L2441)+(Occurrence!J2441-INDEX($D$4:$D$102,L2441))/(INDEX($D$4:$D$102,L2441+1)-INDEX($D$4:$D$102,L2441))*(INDEX($C$4:$C$102,L2441+1)-INDEX($C$4:$C$102,L2441))))) | N2441: =IF(Occurrence!K2441<=0,-1,IFERROR(MATCH(Occurrence!K2441,$D$4:$D$102,1),0)) | O2441: =IF(N2441<0,0,IF(N2441=0,Occurrence!K2441*$I$11,IF(N2441>=99,Occurrence!K2441*$I$12,INDEX($C$4:$C$102,N2441)+(Occurrence!K2441-INDEX($D$4:$D$102,N2441))/(INDEX($D$4:$D$102,N2441+1)-INDEX($D$4:$D$102,N2441))*(INDEX($C$4:$C$102,N2441+1)-INDEX($C$4:$C$102,N2441))))) | P2441: =IFERROR(MATCH(Data!X2441,$F$4:$F$102,1),0) | Q2441: =IF(P2441=0,Data!X2441+$I$13,IF(P2441>=99,Data!X2441+$I$14,INDEX($E$4:$E$102,P2441)+(Data!X2441-INDEX($F$4:$F$102,P2441))/(INDEX($F$4:$F$102,P2441+1)-INDEX($F$4:$F$102,P2441))*(INDEX($E$4:$E$102,P2441+1)-INDEX($E$4:$E$102,P2441)))) | R2441: =IFERROR(MATCH(Data!Y2441,$F$4:$F$102,1),0) | S2441: =IF(R2441=0,Data!Y2441+$I$13,IF(R2441>=99,Data!Y2441+$I$14,INDEX($E$4:$E$102,R2441)+(Data!Y2441-INDEX($F$4:$F$102,R2441))/(INDEX($F$4:$F$102,R2441+1)-INDEX($F$4:$F$102,R2441))*(INDEX($E$4:$E$102,R2441+1)-INDEX($E$4:$E$102,R2441))))

Sheet QDM
A1: Quantile delta mapping (empirical, multiplicative for rain, additive for temperature) | N1: day | O1: rain val: tau | P1: rain val: F_obs^-1(tau) | Q1: rain val: F_mod^-1(tau) | R1: rain val: delta | S1: rain val: y (corrected) | T1: rain fut: tau | U1: rain fut: F_obs^-1(tau) | V1: rain fut: F_mod^-1(tau) | W1: rain fut: delta | X1: rain fut: y (corrected) | Y1: temp val: tau | Z1: temp val: F_obs^-1(tau) | AA1: temp val: F_mod^-1(tau) | AB1: temp val: delta | AC1: temp val: y (corrected) | AD1: temp fut: tau | AE1: temp fut: F_obs^-1(tau) | AF1: temp fut: F_mod^-1(tau) | AG1: temp fut: delta | AH1: temp fut: y (corrected)
A2: For each day: tau = rank within the target series; y = F_obs^-1(tau) * x / F_modcal^-1(tau) (rain) or y = F_obs^-1(tau) + [x - F_modcal^-1(tau)] (temperature). | N2: =Data!A2 | O2: =IF(Occurrence!J2>0,COUNTIFS(Occurrence!$J$2:$J$2441,">0",Occurrence!$J$2:$J$2441,"<="&Occurrence!J2)/($B$8+1),0) | P2: =IF(Occurrence!J2>0,_xlfn.PERCENTILE.INC(Data!$O$2:$O$2441,($B$4+O2*($B$5-1))/($B$3-1)),0) | Q2: =IF(Occurrence!J2>0,_xlfn.PERCENTILE.INC(Occurrence!$I$2:$I$2441,($B$6+O2*($B$7-1))/($B$3-1)),0) | R2: =IF(Occurrence!J2>0,Occurrence!J2/Q2,0) | S2: =IF(Occurrence!J2>0,P2*R2,0) | T2: =IF(Occurrence!K2>0,COUNTIFS(Occurrence!$K$2:$K$2441,">0",Occurrence!$K$2:$K$2441,"<="&Occurrence!K2)/($B$9+1),0) | U2: =IF(Occurrence!K2>0,_xlfn.PERCENTILE.INC(Data!$O$2:$O$2441,($B$4+T2*($B$5-1))/($B$3-1)),0) | V2: =IF(Occurrence!K2>0,_xlfn.PERCENTILE.INC(Occurrence!$I$2:$I$2441,($B$6+T2*($B$7-1))/($B$3-1)),0) | W2: =IF(Occurrence!K2>0,Occurrence!K2/V2,0) | X2: =IF(Occurrence!K2>0,U2*W2,0) | Y2: =COUNTIF(Data!$X$2:$X$2441,"<="&Data!X2)/($B$3+1) | Z2: =_xlfn.PERCENTILE.INC(Data!$U$2:$U$2441,Y2) | AA2: =_xlfn.PERCENTILE.INC(Data!$V$2:$V$2441,Y2) | AB2: =Data!X2-AA2 | AC2: =Z2+AB2 | AD2: =COUNTIF(Data!$Y$2:$Y$2441,"<="&Data!Y2)/($B$3+1) | AE2: =_xlfn.PERCENTILE.INC(Data!$U$2:$U$2441,AD2) | AF2: =_xlfn.PERCENTILE.INC(Data!$V$2:$V$2441,AD2) | AG2: =Data!Y2-AF2 | AH2: =AE2+AG2
A3: N days | B3: =COUNT(Data!$O$2:$O$2441) | N3: =Data!A3 | O3: =IF(Occurrence!J3>0,COUNTIFS(Occurrence!$J$2:$J$2441,">0",Occurrence!$J$2:$J$2441,"<="&Occurrence!J3)/($B$8+1),0) | P3: =IF(Occurrence!J3>0,_xlfn.PERCENTILE.INC(Data!$O$2:$O$2441,($B$4+O3*($B$5-1))/($B$3-1)),0) | Q3: =IF(Occurrence!J3>0,_xlfn.PERCENTILE.INC(Occurrence!$I$2:$I$2441,($B$6+O3*($B$7-1))/($B$3-1)),0) | R3: =IF(Occurrence!J3>0,Occurrence!J3/Q3,0) | S3: =IF(Occurrence!J3>0,P3*R3,0) | T3: =IF(Occurrence!K3>0,COUNTIFS(Occurrence!$K$2:$K$2441,">0",Occurrence!$K$2:$K$2441,"<="&Occurrence!K3)/($B$9+1),0) | U3: =IF(Occurrence!K3>0,_xlfn.PERCENTILE.INC(Data!$O$2:$O$2441,($B$4+T3*($B$5-1))/($B$3-1)),0) | V3: =IF(Occurrence!K3>0,_xlfn.PERCENTILE.INC(Occurrence!$I$2:$I$2441,($B$6+T3*($B$7-1))/($B$3-1)),0) | W3: =IF(Occurrence!K3>0,Occurrence!K3/V3,0) | X3: =IF(Occurrence!K3>0,U3*W3,0) | Y3: =COUNTIF(Data!$X$2:$X$2441,"<="&Data!X3)/($B$3+1) | Z3: =_xlfn.PERCENTILE.INC(Data!$U$2:$U$2441,Y3) | AA3: =_xlfn.PERCENTILE.INC(Data!$V$2:$V$2441,Y3) | AB3: =Data!X3-AA3 | AC3: =Z3+AB3 | AD3: =COUNTIF(Data!$Y$2:$Y$2441,"<="&Data!Y3)/($B$3+1) | AE3: =_xlfn.PERCENTILE.INC(Data!$U$2:$U$2441,AD3) | AF3: =_xlfn.PERCENTILE.INC(Data!$V$2:$V$2441,AD3) | AG3: =Data!Y3-AF3 | AH3: =AE3+AG3
A4: obs zero days | B4: =COUNTIF(Data!$O$2:$O$2441,0) | N4: =Data!A4 | O4: =IF(Occurrence!J4>0,COUNTIFS(Occurrence!$J$2:$J$2441,">0",Occurrence!$J$2:$J$2441,"<="&Occurrence!J4)/($B$8+1),0) | P4: =IF(Occurrence!J4>0,_xlfn.PERCENTILE.INC(Data!$O$2:$O$2441,($B$4+O4*($B$5-1))/($B$3-1)),0) | Q4: =IF(Occurrence!J4>0,_xlfn.PERCENTILE.INC(Occurrence!$I$2:$I$2441,($B$6+O4*($B$7-1))/($B$3-1)),0) | R4: =IF(Occurrence!J4>0,Occurrence!J4/Q4,0) | S4: =IF(Occurrence!J4>0,P4*R4,0) | T4: =IF(Occurrence!K4>0,COUNTIFS(Occurrence!$K$2:$K$2441,">0",Occurrence!$K$2:$K$2441,"<="&Occurrence!K4)/($B$9+1),0) | U4: =IF(Occurrence!K4>0,_xlfn.PERCENTILE.INC(Data!$O$2:$O$2441,($B$4+T4*($B$5-1))/($B$3-1)),0) | V4: =IF(Occurrence!K4>0,_xlfn.PERCENTILE.INC(Occurrence!$I$2:$I$2441,($B$6+T4*($B$7-1))/($B$3-1)),0) | W4: =IF(Occurrence!K4>0,Occurrence!K4/V4,0) | X4: =IF(Occurrence!K4>0,U4*W4,0) | Y4: =COUNTIF(Data!$X$2:$X$2441,"<="&Data!X4)/($B$3+1) | Z4: =_xlfn.PERCENTILE.INC(Data!$U$2:$U$2441,Y4) | AA4: =_xlfn.PERCENTILE.INC(Data!$V$2:$V$2441,Y4) | AB4: =Data!X4-AA4 | AC4: =Z4+AB4 | AD4: =COUNTIF(Data!$Y$2:$Y$2441,"<="&Data!Y4)/($B$3+1) | AE4: =_xlfn.PERCENTILE.INC(Data!$U$2:$U$2441,AD4) | AF4: =_xlfn.PERCENTILE.INC(Data!$V$2:$V$2441,AD4) | AG4: =Data!Y4-AF4 | AH4: =AE4+AG4
A5: obs wet days | B5: =B3-B4 | N5: =Data!A5 | O5: =IF(Occurrence!J5>0,COUNTIFS(Occurrence!$J$2:$J$2441,">0",Occurrence!$J$2:$J$2441,"<="&Occurrence!J5)/($B$8+1),0) | P5: =IF(Occurrence!J5>0,_xlfn.PERCENTILE.INC(Data!$O$2:$O$2441,($B$4+O5*($B$5-1))/($B$3-1)),0) | Q5: =IF(Occurrence!J5>0,_xlfn.PERCENTILE.INC(Occurrence!$I$2:$I$2441,($B$6+O5*($B$7-1))/($B$3-1)),0) | R5: =IF(Occurrence!J5>0,Occurrence!J5/Q5,0) | S5: =IF(Occurrence!J5>0,P5*R5,0) | T5: =IF(Occurrence!K5>0,COUNTIFS(Occurrence!$K$2:$K$2441,">0",Occurrence!$K$2:$K$2441,"<="&Occurrence!K5)/($B$9+1),0) | U5: =IF(Occurrence!K5>0,_xlfn.PERCENTILE.INC(Data!$O$2:$O$2441,($B$4+T5*($B$5-1))/($B$3-1)),0) | V5: =IF(Occurrence!K5>0,_xlfn.PERCENTILE.INC(Occurrence!$I$2:$I$2441,($B$6+T5*($B$7-1))/($B$3-1)),0) | W5: =IF(Occurrence!K5>0,Occurrence!K5/V5,0) | X5: =IF(Occurrence!K5>0,U5*W5,0) | Y5: =COUNTIF(Data!$X$2:$X$2441,"<="&Data!X5)/($B$3+1) | Z5: =_xlfn.PERCENTILE.INC(Data!$U$2:$U$2441,Y5) | AA5: =_xlfn.PERCENTILE.INC(Data!$V$2:$V$2441,Y5) | AB5: =Data!X5-AA5 | AC5: =Z5+AB5 | AD5: =COUNTIF(Data!$Y$2:$Y$2441,"<="&Data!Y5)/($B$3+1) | AE5: =_xlfn.PERCENTILE.INC(Data!$U$2:$U$2441,AD5) | AF5: =_xlfn.PERCENTILE.INC(Data!$V$2:$V$2441,AD5) | AG5: =Data!Y5-AF5 | AH5: =AE5+AG5
A6: model cal zero days (adj.) | B6: =COUNTIF(Occurrence!$I$2:$I$2441,0) | N6: =Data!A6 | O6: =IF(Occurrence!J6>0,COUNTIFS(Occurrence!$J$2:$J$2441,">0",Occurrence!$J$2:$J$2441,"<="&Occurrence!J6)/($B$8+1),0) | P6: =IF(Occurrence!J6>0,_xlfn.PERCENTILE.INC(Data!$O$2:$O$2441,($B$4+O6*($B$5-1))/($B$3-1)),0) | Q6: =IF(Occurrence!J6>0,_xlfn.PERCENTILE.INC(Occurrence!$I$2:$I$2441,($B$6+O6*($B$7-1))/($B$3-1)),0) | R6: =IF(Occurrence!J6>0,Occurrence!J6/Q6,0) | S6: =IF(Occurrence!J6>0,P6*R6,0) | T6: =IF(Occurrence!K6>0,COUNTIFS(Occurrence!$K$2:$K$2441,">0",Occurrence!$K$2:$K$2441,"<="&Occurrence!K6)/($B$9+1),0) | U6: =IF(Occurrence!K6>0,_xlfn.PERCENTILE.INC(Data!$O$2:$O$2441,($B$4+T6*($B$5-1))/($B$3-1)),0) | V6: =IF(Occurrence!K6>0,_xlfn.PERCENTILE.INC(Occurrence!$I$2:$I$2441,($B$6+T6*($B$7-1))/($B$3-1)),0) | W6: =IF(Occurrence!K6>0,Occurrence!K6/V6,0) | X6: =IF(Occurrence!K6>0,U6*W6,0) | Y6: =COUNTIF(Data!$X$2:$X$2441,"<="&Data!X6)/($B$3+1) | Z6: =_xlfn.PERCENTILE.INC(Data!$U$2:$U$2441,Y6) | AA6: =_xlfn.PERCENTILE.INC(Data!$V$2:$V$2441,Y6) | AB6: =Data!X6-AA6 | AC6: =Z6+AB6 | AD6: =COUNTIF(Data!$Y$2:$Y$2441,"<="&Data!Y6)/($B$3+1) | AE6: =_xlfn.PERCENTILE.INC(Data!$U$2:$U$2441,AD6) | AF6: =_xlfn.PERCENTILE.INC(Data!$V$2:$V$2441,AD6) | AG6: =Data!Y6-AF6 | AH6: =AE6+AG6
A7: model cal wet days (adj.) | B7: =B3-B6 | N7: =Data!A7 | O7: =IF(Occurrence!J7>0,COUNTIFS(Occurrence!$J$2:$J$2441,">0",Occurrence!$J$2:$J$2441,"<="&Occurrence!J7)/($B$8+1),0) | P7: =IF(Occurrence!J7>0,_xlfn.PERCENTILE.INC(Data!$O$2:$O$2441,($B$4+O7*($B$5-1))/($B$3-1)),0) | Q7: =IF(Occurrence!J7>0,_xlfn.PERCENTILE.INC(Occurrence!$I$2:$I$2441,($B$6+O7*($B$7-1))/($B$3-1)),0) | R7: =IF(Occurrence!J7>0,Occurrence!J7/Q7,0) | S7: =IF(Occurrence!J7>0,P7*R7,0) | T7: =IF(Occurrence!K7>0,COUNTIFS(Occurrence!$K$2:$K$2441,">0",Occurrence!$K$2:$K$2441,"<="&Occurrence!K7)/($B$9+1),0) | U7: =IF(Occurrence!K7>0,_xlfn.PERCENTILE.INC(Data!$O$2:$O$2441,($B$4+T7*($B$5-1))/($B$3-1)),0) | V7: =IF(Occurrence!K7>0,_xlfn.PERCENTILE.INC(Occurrence!$I$2:$I$2441,($B$6+T7*($B$7-1))/($B$3-1)),0) | W7: =IF(Occurrence!K7>0,Occurrence!K7/V7,0) | X7: =IF(Occurrence!K7>0,U7*W7,0) | Y7: =COUNTIF(Data!$X$2:$X$2441,"<="&Data!X7)/($B$3+1) | Z7: =_xlfn.PERCENTILE.INC(Data!$U$2:$U$2441,Y7) | AA7: =_xlfn.PERCENTILE.INC(Data!$V$2:$V$2441,Y7) | AB7: =Data!X7-AA7 | AC7: =Z7+AB7 | AD7: =COUNTIF(Data!$Y$2:$Y$2441,"<="&Data!Y7)/($B$3+1) | AE7: =_xlfn.PERCENTILE.INC(Data!$U$2:$U$2441,AD7) | AF7: =_xlfn.PERCENTILE.INC(Data!$V$2:$V$2441,AD7) | AG7: =Data!Y7-AF7 | AH7: =AE7+AG7
A8: model val wet days (adj.) | B8: =COUNTIF(Occurrence!$J$2:$J$2441,">0") | N8: =Data!A8 | O8: =IF(Occurrence!J8>0,COUNTIFS(Occurrence!$J$2:$J$2441,">0",Occurrence!$J$2:$J$2441,"<="&Occurrence!J8)/($B$8+1),0) | P8: =IF(Occurrence!J8>0,_xlfn.PERCENTILE.INC(Data!$O$2:$O$2441,($B$4+O8*($B$5-1))/($B$3-1)),0) | Q8: =IF(Occurrence!J8>0,_xlfn.PERCENTILE.INC(Occurrence!$I$2:$I$2441,($B$6+O8*($B$7-1))/($B$3-1)),0) | R8: =IF(Occurrence!J8>0,Occurrence!J8/Q8,0) | S8: =IF(Occurrence!J8>0,P8*R8,0) | T8: =IF(Occurrence!K8>0,COUNTIFS(Occurrence!$K$2:$K$2441,">0",Occurrence!$K$2:$K$2441,"<="&Occurrence!K8)/($B$9+1),0) | U8: =IF(Occurrence!K8>0,_xlfn.PERCENTILE.INC(Data!$O$2:$O$2441,($B$4+T8*($B$5-1))/($B$3-1)),0) | V8: =IF(Occurrence!K8>0,_xlfn.PERCENTILE.INC(Occurrence!$I$2:$I$2441,($B$6+T8*($B$7-1))/($B$3-1)),0) | W8: =IF(Occurrence!K8>0,Occurrence!K8/V8,0) | X8: =IF(Occurrence!K8>0,U8*W8,0) | Y8: =COUNTIF(Data!$X$2:$X$2441,"<="&Data!X8)/($B$3+1) | Z8: =_xlfn.PERCENTILE.INC(Data!$U$2:$U$2441,Y8) | AA8: =_xlfn.PERCENTILE.INC(Data!$V$2:$V$2441,Y8) | AB8: =Data!X8-AA8 | AC8: =Z8+AB8 | AD8: =COUNTIF(Data!$Y$2:$Y$2441,"<="&Data!Y8)/($B$3+1) | AE8: =_xlfn.PERCENTILE.INC(Data!$U$2:$U$2441,AD8) | AF8: =_xlfn.PERCENTILE.INC(Data!$V$2:$V$2441,AD8) | AG8: =Data!Y8-AF8 | AH8: =AE8+AG8
A9: model fut wet days (adj.) | B9: =COUNTIF(Occurrence!$K$2:$K$2441,">0") | N9: =Data!A9 | O9: =IF(Occurrence!J9>0,COUNTIFS(Occurrence!$J$2:$J$2441,">0",Occurrence!$J$2:$J$2441,"<="&Occurrence!J9)/($B$8+1),0) | P9: =IF(Occurrence!J9>0,_xlfn.PERCENTILE.INC(Data!$O$2:$O$2441,($B$4+O9*($B$5-1))/($B$3-1)),0) | Q9: =IF(Occurrence!J9>0,_xlfn.PERCENTILE.INC(Occurrence!$I$2:$I$2441,($B$6+O9*($B$7-1))/($B$3-1)),0) | R9: =IF(Occurrence!J9>0,Occurrence!J9/Q9,0) | S9: =IF(Occurrence!J9>0,P9*R9,0) | T9: =IF(Occurrence!K9>0,COUNTIFS(Occurrence!$K$2:$K$2441,">0",Occurrence!$K$2:$K$2441,"<="&Occurrence!K9)/($B$9+1),0) | U9: =IF(Occurrence!K9>0,_xlfn.PERCENTILE.INC(Data!$O$2:$O$2441,($B$4+T9*($B$5-1))/($B$3-1)),0) | V9: =IF(Occurrence!K9>0,_xlfn.PERCENTILE.INC(Occurrence!$I$2:$I$2441,($B$6+T9*($B$7-1))/($B$3-1)),0) | W9: =IF(Occurrence!K9>0,Occurrence!K9/V9,0) | X9: =IF(Occurrence!K9>0,U9*W9,0) | Y9: =COUNTIF(Data!$X$2:$X$2441,"<="&Data!X9)/($B$3+1) | Z9: =_xlfn.PERCENTILE.INC(Data!$U$2:$U$2441,Y9) | AA9: =_xlfn.PERCENTILE.INC(Data!$V$2:$V$2441,Y9) | AB9: =Data!X9-AA9 | AC9: =Z9+AB9 | AD9: =COUNTIF(Data!$Y$2:$Y$2441,"<="&Data!Y9)/($B$3+1) | AE9: =_xlfn.PERCENTILE.INC(Data!$U$2:$U$2441,AD9) | AF9: =_xlfn.PERCENTILE.INC(Data!$V$2:$V$2441,AD9) | AG9: =Data!Y9-AF9 | AH9: =AE9+AG9
N10: =Data!A10 | O10: =IF(Occurrence!J10>0,COUNTIFS(Occurrence!$J$2:$J$2441,">0",Occurrence!$J$2:$J$2441,"<="&Occurrence!J10)/($B$8+1),0) | P10: =IF(Occurrence!J10>0,_xlfn.PERCENTILE.INC(Data!$O$2:$O$2441,($B$4+O10*($B$5-1))/($B$3-1)),0) | Q10: =IF(Occurrence!J10>0,_xlfn.PERCENTILE.INC(Occurrence!$I$2:$I$2441,($B$6+O10*($B$7-1))/($B$3-1)),0) | R10: =IF(Occurrence!J10>0,Occurrence!J10/Q10,0) | S10: =IF(Occurrence!J10>0,P10*R10,0) | T10: =IF(Occurrence!K10>0,COUNTIFS(Occurrence!$K$2:$K$2441,">0",Occurrence!$K$2:$K$2441,"<="&Occurrence!K10)/($B$9+1),0) | U10: =IF(Occurrence!K10>0,_xlfn.PERCENTILE.INC(Data!$O$2:$O$2441,($B$4+T10*($B$5-1))/($B$3-1)),0) | V10: =IF(Occurrence!K10>0,_xlfn.PERCENTILE.INC(Occurrence!$I$2:$I$2441,($B$6+T10*($B$7-1))/($B$3-1)),0) | W10: =IF(Occurrence!K10>0,Occurrence!K10/V10,0) | X10: =IF(Occurrence!K10>0,U10*W10,0) | Y10: =COUNTIF(Data!$X$2:$X$2441,"<="&Data!X10)/($B$3+1) | Z10: =_xlfn.PERCENTILE.INC(Data!$U$2:$U$2441,Y10) | AA10: =_xlfn.PERCENTILE.INC(Data!$V$2:$V$2441,Y10) | AB10: =Data!X10-AA10 | AC10: =Z10+AB10 | AD10: =COUNTIF(Data!$Y$2:$Y$2441,"<="&Data!Y10)/($B$3+1) | AE10: =_xlfn.PERCENTILE.INC(Data!$U$2:$U$2441,AD10) | AF10: =_xlfn.PERCENTILE.INC(Data!$V$2:$V$2441,AD10) | AG10: =Data!Y10-AF10 | AH10: =AE10+AG10
A11: Does the correction keep the model's climate-change signal? Wet-day rain quantiles (ratio fut/baseline) | N11: =Data!A11 | O11: =IF(Occurrence!J11>0,COUNTIFS(Occurrence!$J$2:$J$2441,">0",Occurrence!$J$2:$J$2441,"<="&Occurrence!J11)/($B$8+1),0) | P11: =IF(Occurrence!J11>0,_xlfn.PERCENTILE.INC(Data!$O$2:$O$2441,($B$4+O11*($B$5-1))/($B$3-1)),0) | Q11: =IF(Occurrence!J11>0,_xlfn.PERCENTILE.INC(Occurrence!$I$2:$I$2441,($B$6+O11*($B$7-1))/($B$3-1)),0) | R11: =IF(Occurrence!J11>0,Occurrence!J11/Q11,0) | S11: =IF(Occurrence!J11>0,P11*R11,0) | T11: =IF(Occurrence!K11>0,COUNTIFS(Occurrence!$K$2:$K$2441,">0",Occurrence!$K$2:$K$2441,"<="&Occurrence!K11)/($B$9+1),0) | U11: =IF(Occurrence!K11>0,_xlfn.PERCENTILE.INC(Data!$O$2:$O$2441,($B$4+T11*($B$5-1))/($B$3-1)),0) | V11: =IF(Occurrence!K11>0,_xlfn.PERCENTILE.INC(Occurrence!$I$2:$I$2441,($B$6+T11*($B$7-1))/($B$3-1)),0) | W11: =IF(Occurrence!K11>0,Occurrence!K11/V11,0) | X11: =IF(Occurrence!K11>0,U11*W11,0) | Y11: =COUNTIF(Data!$X$2:$X$2441,"<="&Data!X11)/($B$3+1) | Z11: =_xlfn.PERCENTILE.INC(Data!$U$2:$U$2441,Y11) | AA11: =_xlfn.PERCENTILE.INC(Data!$V$2:$V$2441,Y11) | AB11: =Data!X11-AA11 | AC11: =Z11+AB11 | AD11: =COUNTIF(Data!$Y$2:$Y$2441,"<="&Data!Y11)/($B$3+1) | AE11: =_xlfn.PERCENTILE.INC(Data!$U$2:$U$2441,AD11) | AF11: =_xlfn.PERCENTILE.INC(Data!$V$2:$V$2441,AD11) | AG11: =Data!Y11-AF11 | AH11: =AE11+AG11
A12: probability p | B12: model cal Q | C12: model fut Q | D12: model change (ratio) | E12: QM empirical fut Q | F12: QM change (ratio to obs Q) | G12: QDM fut Q | H12: QDM change (ratio to obs Q) | I12: obs cal Q | J12: truth fut Q | K12: truth change (ratio) | N12: =Data!A12 | O12: =IF(Occurrence!J12>0,COUNTIFS(Occurrence!$J$2:$J$2441,">0",Occurrence!$J$2:$J$2441,"<="&Occurrence!J12)/($B$8+1),0) | P12: =IF(Occurrence!J12>0,_xlfn.PERCENTILE.INC(Data!$O$2:$O$2441,($B$4+O12*($B$5-1))/($B$3-1)),0) | Q12: =IF(Occurrence!J12>0,_xlfn.PERCENTILE.INC(Occurrence!$I$2:$I$2441,($B$6+O12*($B$7-1))/($B$3-1)),0) | R12: =IF(Occurrence!J12>0,Occurrence!J12/Q12,0) | S12: =IF(Occurrence!J12>0,P12*R12,0) | T12: =IF(Occurrence!K12>0,COUNTIFS(Occurrence!$K$2:$K$2441,">0",Occurrence!$K$2:$K$2441,"<="&Occurrence!K12)/($B$9+1),0) | U12: =IF(Occurrence!K12>0,_xlfn.PERCENTILE.INC(Data!$O$2:$O$2441,($B$4+T12*($B$5-1))/($B$3-1)),0) | V12: =IF(Occurrence!K12>0,_xlfn.PERCENTILE.INC(Occurrence!$I$2:$I$2441,($B$6+T12*($B$7-1))/($B$3-1)),0) | W12: =IF(Occurrence!K12>0,Occurrence!K12/V12,0) | X12: =IF(Occurrence!K12>0,U12*W12,0) | Y12: =COUNTIF(Data!$X$2:$X$2441,"<="&Data!X12)/($B$3+1) | Z12: =_xlfn.PERCENTILE.INC(Data!$U$2:$U$2441,Y12) | AA12: =_xlfn.PERCENTILE.INC(Data!$V$2:$V$2441,Y12) | AB12: =Data!X12-AA12 | AC12: =Z12+AB12 | AD12: =COUNTIF(Data!$Y$2:$Y$2441,"<="&Data!Y12)/($B$3+1) | AE12: =_xlfn.PERCENTILE.INC(Data!$U$2:$U$2441,AD12) | AF12: =_xlfn.PERCENTILE.INC(Data!$V$2:$V$2441,AD12) | AG12: =Data!Y12-AF12 | AH12: =AE12+AG12
A13: 0.5 | B13: =_xlfn.PERCENTILE.INC(Occurrence!$I$2:$I$2441,(COUNTIF(Occurrence!$I$2:$I$2441,0)+A13*(COUNT(Occurrence!$I$2:$I$2441)-COUNTIF(Occurrence!$I$2:$I$2441,0)-1))/(COUNT(Occurrence!$I$2:$I$2441)-1)) | C13: =_xlfn.PERCENTILE.INC(Occurrence!$K$2:$K$2441,(COUNTIF(Occurrence!$K$2:$K$2441,0)+A13*(COUNT(Occurrence!$K$2:$K$2441)-COUNTIF(Occurrence!$K$2:$K$2441,0)-1))/(COUNT(Occurrence!$K$2:$K$2441)-1)) | D13: =C13/B13 | E13: =_xlfn.PERCENTILE.INC(QM_empirical!$O$2:$O$2441,(COUNTIF(QM_empirical!$O$2:$O$2441,0)+A13*(COUNT(QM_empirical!$O$2:$O$2441)-COUNTIF(QM_empirical!$O$2:$O$2441,0)-1))/(COUNT(QM_empirical!$O$2:$O$2441)-1)) | F13: =E13/I13 | G13: =_xlfn.PERCENTILE.INC(QDM!$X$2:$X$2441,(COUNTIF(QDM!$X$2:$X$2441,0)+A13*(COUNT(QDM!$X$2:$X$2441)-COUNTIF(QDM!$X$2:$X$2441,0)-1))/(COUNT(QDM!$X$2:$X$2441)-1)) | H13: =G13/I13 | I13: =_xlfn.PERCENTILE.INC(Data!$O$2:$O$2441,(COUNTIF(Data!$O$2:$O$2441,0)+A13*(COUNT(Data!$O$2:$O$2441)-COUNTIF(Data!$O$2:$O$2441,0)-1))/(COUNT(Data!$O$2:$O$2441)-1)) | J13: =_xlfn.PERCENTILE.INC(Data!$T$2:$T$2441,(COUNTIF(Data!$T$2:$T$2441,0)+A13*(COUNT(Data!$T$2:$T$2441)-COUNTIF(Data!$T$2:$T$2441,0)-1))/(COUNT(Data!$T$2:$T$2441)-1)) | K13: =J13/I13 | N13: =Data!A13 | O13: =IF(Occurrence!J13>0,COUNTIFS(Occurrence!$J$2:$J$2441,">0",Occurrence!$J$2:$J$2441,"<="&Occurrence!J13)/($B$8+1),0) | P13: =IF(Occurrence!J13>0,_xlfn.PERCENTILE.INC(Data!$O$2:$O$2441,($B$4+O13*($B$5-1))/($B$3-1)),0) | Q13: =IF(Occurrence!J13>0,_xlfn.PERCENTILE.INC(Occurrence!$I$2:$I$2441,($B$6+O13*($B$7-1))/($B$3-1)),0) | R13: =IF(Occurrence!J13>0,Occurrence!J13/Q13,0) | S13: =IF(Occurrence!J13>0,P13*R13,0) | T13: =IF(Occurrence!K13>0,COUNTIFS(Occurrence!$K$2:$K$2441,">0",Occurrence!$K$2:$K$2441,"<="&Occurrence!K13)/($B$9+1),0) | U13: =IF(Occurrence!K13>0,_xlfn.PERCENTILE.INC(Data!$O$2:$O$2441,($B$4+T13*($B$5-1))/($B$3-1)),0) | V13: =IF(Occurrence!K13>0,_xlfn.PERCENTILE.INC(Occurrence!$I$2:$I$2441,($B$6+T13*($B$7-1))/($B$3-1)),0) | W13: =IF(Occurrence!K13>0,Occurrence!K13/V13,0) | X13: =IF(Occurrence!K13>0,U13*W13,0) | Y13: =COUNTIF(Data!$X$2:$X$2441,"<="&Data!X13)/($B$3+1) | Z13: =_xlfn.PERCENTILE.INC(Data!$U$2:$U$2441,Y13) | AA13: =_xlfn.PERCENTILE.INC(Data!$V$2:$V$2441,Y13) | AB13: =Data!X13-AA13 | AC13: =Z13+AB13 | AD13: =COUNTIF(Data!$Y$2:$Y$2441,"<="&Data!Y13)/($B$3+1) | AE13: =_xlfn.PERCENTILE.INC(Data!$U$2:$U$2441,AD13) | AF13: =_xlfn.PERCENTILE.INC(Data!$V$2:$V$2441,AD13) | AG13: =Data!Y13-AF13 | AH13: =AE13+AG13
A14: 0.75 | B14: =_xlfn.PERCENTILE.INC(Occurrence!$I$2:$I$2441,(COUNTIF(Occurrence!$I$2:$I$2441,0)+A14*(COUNT(Occurrence!$I$2:$I$2441)-COUNTIF(Occurrence!$I$2:$I$2441,0)-1))/(COUNT(Occurrence!$I$2:$I$2441)-1)) | C14: =_xlfn.PERCENTILE.INC(Occurrence!$K$2:$K$2441,(COUNTIF(Occurrence!$K$2:$K$2441,0)+A14*(COUNT(Occurrence!$K$2:$K$2441)-COUNTIF(Occurrence!$K$2:$K$2441,0)-1))/(COUNT(Occurrence!$K$2:$K$2441)-1)) | D14: =C14/B14 | E14: =_xlfn.PERCENTILE.INC(QM_empirical!$O$2:$O$2441,(COUNTIF(QM_empirical!$O$2:$O$2441,0)+A14*(COUNT(QM_empirical!$O$2:$O$2441)-COUNTIF(QM_empirical!$O$2:$O$2441,0)-1))/(COUNT(QM_empirical!$O$2:$O$2441)-1)) | F14: =E14/I14 | G14: =_xlfn.PERCENTILE.INC(QDM!$X$2:$X$2441,(COUNTIF(QDM!$X$2:$X$2441,0)+A14*(COUNT(QDM!$X$2:$X$2441)-COUNTIF(QDM!$X$2:$X$2441,0)-1))/(COUNT(QDM!$X$2:$X$2441)-1)) | H14: =G14/I14 | I14: =_xlfn.PERCENTILE.INC(Data!$O$2:$O$2441,(COUNTIF(Data!$O$2:$O$2441,0)+A14*(COUNT(Data!$O$2:$O$2441)-COUNTIF(Data!$O$2:$O$2441,0)-1))/(COUNT(Data!$O$2:$O$2441)-1)) | J14: =_xlfn.PERCENTILE.INC(Data!$T$2:$T$2441,(COUNTIF(Data!$T$2:$T$2441,0)+A14*(COUNT(Data!$T$2:$T$2441)-COUNTIF(Data!$T$2:$T$2441,0)-1))/(COUNT(Data!$T$2:$T$2441)-1)) | K14: =J14/I14 | N14: =Data!A14 | O14: =IF(Occurrence!J14>0,COUNTIFS(Occurrence!$J$2:$J$2441,">0",Occurrence!$J$2:$J$2441,"<="&Occurrence!J14)/($B$8+1),0) | P14: =IF(Occurrence!J14>0,_xlfn.PERCENTILE.INC(Data!$O$2:$O$2441,($B$4+O14*($B$5-1))/($B$3-1)),0) | Q14: =IF(Occurrence!J14>0,_xlfn.PERCENTILE.INC(Occurrence!$I$2:$I$2441,($B$6+O14*($B$7-1))/($B$3-1)),0) | R14: =IF(Occurrence!J14>0,Occurrence!J14/Q14,0) | S14: =IF(Occurrence!J14>0,P14*R14,0) | T14: =IF(Occurrence!K14>0,COUNTIFS(Occurrence!$K$2:$K$2441,">0",Occurrence!$K$2:$K$2441,"<="&Occurrence!K14)/($B$9+1),0) | U14: =IF(Occurrence!K14>0,_xlfn.PERCENTILE.INC(Data!$O$2:$O$2441,($B$4+T14*($B$5-1))/($B$3-1)),0) | V14: =IF(Occurrence!K14>0,_xlfn.PERCENTILE.INC(Occurrence!$I$2:$I$2441,($B$6+T14*($B$7-1))/($B$3-1)),0) | W14: =IF(Occurrence!K14>0,Occurrence!K14/V14,0) | X14: =IF(Occurrence!K14>0,U14*W14,0) | Y14: =COUNTIF(Data!$X$2:$X$2441,"<="&Data!X14)/($B$3+1) | Z14: =_xlfn.PERCENTILE.INC(Data!$U$2:$U$2441,Y14) | AA14: =_xlfn.PERCENTILE.INC(Data!$V$2:$V$2441,Y14) | AB14: =Data!X14-AA14 | AC14: =Z14+AB14 | AD14: =COUNTIF(Data!$Y$2:$Y$2441,"<="&Data!Y14)/($B$3+1) | AE14: =_xlfn.PERCENTILE.INC(Data!$U$2:$U$2441,AD14) | AF14: =_xlfn.PERCENTILE.INC(Data!$V$2:$V$2441,AD14) | AG14: =Data!Y14-AF14 | AH14: =AE14+AG14
A15: 0.9 | B15: =_xlfn.PERCENTILE.INC(Occurrence!$I$2:$I$2441,(COUNTIF(Occurrence!$I$2:$I$2441,0)+A15*(COUNT(Occurrence!$I$2:$I$2441)-COUNTIF(Occurrence!$I$2:$I$2441,0)-1))/(COUNT(Occurrence!$I$2:$I$2441)-1)) | C15: =_xlfn.PERCENTILE.INC(Occurrence!$K$2:$K$2441,(COUNTIF(Occurrence!$K$2:$K$2441,0)+A15*(COUNT(Occurrence!$K$2:$K$2441)-COUNTIF(Occurrence!$K$2:$K$2441,0)-1))/(COUNT(Occurrence!$K$2:$K$2441)-1)) | D15: =C15/B15 | E15: =_xlfn.PERCENTILE.INC(QM_empirical!$O$2:$O$2441,(COUNTIF(QM_empirical!$O$2:$O$2441,0)+A15*(COUNT(QM_empirical!$O$2:$O$2441)-COUNTIF(QM_empirical!$O$2:$O$2441,0)-1))/(COUNT(QM_empirical!$O$2:$O$2441)-1)) | F15: =E15/I15 | G15: =_xlfn.PERCENTILE.INC(QDM!$X$2:$X$2441,(COUNTIF(QDM!$X$2:$X$2441,0)+A15*(COUNT(QDM!$X$2:$X$2441)-COUNTIF(QDM!$X$2:$X$2441,0)-1))/(COUNT(QDM!$X$2:$X$2441)-1)) | H15: =G15/I15 | I15: =_xlfn.PERCENTILE.INC(Data!$O$2:$O$2441,(COUNTIF(Data!$O$2:$O$2441,0)+A15*(COUNT(Data!$O$2:$O$2441)-COUNTIF(Data!$O$2:$O$2441,0)-1))/(COUNT(Data!$O$2:$O$2441)-1)) | J15: =_xlfn.PERCENTILE.INC(Data!$T$2:$T$2441,(COUNTIF(Data!$T$2:$T$2441,0)+A15*(COUNT(Data!$T$2:$T$2441)-COUNTIF(Data!$T$2:$T$2441,0)-1))/(COUNT(Data!$T$2:$T$2441)-1)) | K15: =J15/I15 | N15: =Data!A15 | O15: =IF(Occurrence!J15>0,COUNTIFS(Occurrence!$J$2:$J$2441,">0",Occurrence!$J$2:$J$2441,"<="&Occurrence!J15)/($B$8+1),0) | P15: =IF(Occurrence!J15>0,_xlfn.PERCENTILE.INC(Data!$O$2:$O$2441,($B$4+O15*($B$5-1))/($B$3-1)),0) | Q15: =IF(Occurrence!J15>0,_xlfn.PERCENTILE.INC(Occurrence!$I$2:$I$2441,($B$6+O15*($B$7-1))/($B$3-1)),0) | R15: =IF(Occurrence!J15>0,Occurrence!J15/Q15,0) | S15: =IF(Occurrence!J15>0,P15*R15,0) | T15: =IF(Occurrence!K15>0,COUNTIFS(Occurrence!$K$2:$K$2441,">0",Occurrence!$K$2:$K$2441,"<="&Occurrence!K15)/($B$9+1),0) | U15: =IF(Occurrence!K15>0,_xlfn.PERCENTILE.INC(Data!$O$2:$O$2441,($B$4+T15*($B$5-1))/($B$3-1)),0) | V15: =IF(Occurrence!K15>0,_xlfn.PERCENTILE.INC(Occurrence!$I$2:$I$2441,($B$6+T15*($B$7-1))/($B$3-1)),0) | W15: =IF(Occurrence!K15>0,Occurrence!K15/V15,0) | X15: =IF(Occurrence!K15>0,U15*W15,0) | Y15: =COUNTIF(Data!$X$2:$X$2441,"<="&Data!X15)/($B$3+1) | Z15: =_xlfn.PERCENTILE.INC(Data!$U$2:$U$2441,Y15) | AA15: =_xlfn.PERCENTILE.INC(Data!$V$2:$V$2441,Y15) | AB15: =Data!X15-AA15 | AC15: =Z15+AB15 | AD15: =COUNTIF(Data!$Y$2:$Y$2441,"<="&Data!Y15)/($B$3+1) | AE15: =_xlfn.PERCENTILE.INC(Data!$U$2:$U$2441,AD15) | AF15: =_xlfn.PERCENTILE.INC(Data!$V$2:$V$2441,AD15) | AG15: =Data!Y15-AF15 | AH15: =AE15+AG15
A16: 0.95 | B16: =_xlfn.PERCENTILE.INC(Occurrence!$I$2:$I$2441,(COUNTIF(Occurrence!$I$2:$I$2441,0)+A16*(COUNT(Occurrence!$I$2:$I$2441)-COUNTIF(Occurrence!$I$2:$I$2441,0)-1))/(COUNT(Occurrence!$I$2:$I$2441)-1)) | C16: =_xlfn.PERCENTILE.INC(Occurrence!$K$2:$K$2441,(COUNTIF(Occurrence!$K$2:$K$2441,0)+A16*(COUNT(Occurrence!$K$2:$K$2441)-COUNTIF(Occurrence!$K$2:$K$2441,0)-1))/(COUNT(Occurrence!$K$2:$K$2441)-1)) | D16: =C16/B16 | E16: =_xlfn.PERCENTILE.INC(QM_empirical!$O$2:$O$2441,(COUNTIF(QM_empirical!$O$2:$O$2441,0)+A16*(COUNT(QM_empirical!$O$2:$O$2441)-COUNTIF(QM_empirical!$O$2:$O$2441,0)-1))/(COUNT(QM_empirical!$O$2:$O$2441)-1)) | F16: =E16/I16 | G16: =_xlfn.PERCENTILE.INC(QDM!$X$2:$X$2441,(COUNTIF(QDM!$X$2:$X$2441,0)+A16*(COUNT(QDM!$X$2:$X$2441)-COUNTIF(QDM!$X$2:$X$2441,0)-1))/(COUNT(QDM!$X$2:$X$2441)-1)) | H16: =G16/I16 | I16: =_xlfn.PERCENTILE.INC(Data!$O$2:$O$2441,(COUNTIF(Data!$O$2:$O$2441,0)+A16*(COUNT(Data!$O$2:$O$2441)-COUNTIF(Data!$O$2:$O$2441,0)-1))/(COUNT(Data!$O$2:$O$2441)-1)) | J16: =_xlfn.PERCENTILE.INC(Data!$T$2:$T$2441,(COUNTIF(Data!$T$2:$T$2441,0)+A16*(COUNT(Data!$T$2:$T$2441)-COUNTIF(Data!$T$2:$T$2441,0)-1))/(COUNT(Data!$T$2:$T$2441)-1)) | K16: =J16/I16 | N16: =Data!A16 | O16: =IF(Occurrence!J16>0,COUNTIFS(Occurrence!$J$2:$J$2441,">0",Occurrence!$J$2:$J$2441,"<="&Occurrence!J16)/($B$8+1),0) | P16: =IF(Occurrence!J16>0,_xlfn.PERCENTILE.INC(Data!$O$2:$O$2441,($B$4+O16*($B$5-1))/($B$3-1)),0) | Q16: =IF(Occurrence!J16>0,_xlfn.PERCENTILE.INC(Occurrence!$I$2:$I$2441,($B$6+O16*($B$7-1))/($B$3-1)),0) | R16: =IF(Occurrence!J16>0,Occurrence!J16/Q16,0) | S16: =IF(Occurrence!J16>0,P16*R16,0) | T16: =IF(Occurrence!K16>0,COUNTIFS(Occurrence!$K$2:$K$2441,">0",Occurrence!$K$2:$K$2441,"<="&Occurrence!K16)/($B$9+1),0) | U16: =IF(Occurrence!K16>0,_xlfn.PERCENTILE.INC(Data!$O$2:$O$2441,($B$4+T16*($B$5-1))/($B$3-1)),0) | V16: =IF(Occurrence!K16>0,_xlfn.PERCENTILE.INC(Occurrence!$I$2:$I$2441,($B$6+T16*($B$7-1))/($B$3-1)),0) | W16: =IF(Occurrence!K16>0,Occurrence!K16/V16,0) | X16: =IF(Occurrence!K16>0,U16*W16,0) | Y16: =COUNTIF(Data!$X$2:$X$2441,"<="&Data!X16)/($B$3+1) | Z16: =_xlfn.PERCENTILE.INC(Data!$U$2:$U$2441,Y16) | AA16: =_xlfn.PERCENTILE.INC(Data!$V$2:$V$2441,Y16) | AB16: =Data!X16-AA16 | AC16: =Z16+AB16 | AD16: =COUNTIF(Data!$Y$2:$Y$2441,"<="&Data!Y16)/($B$3+1) | AE16: =_xlfn.PERCENTILE.INC(Data!$U$2:$U$2441,AD16) | AF16: =_xlfn.PERCENTILE.INC(Data!$V$2:$V$2441,AD16) | AG16: =Data!Y16-AF16 | AH16: =AE16+AG16
A17: 0.99 | B17: =_xlfn.PERCENTILE.INC(Occurrence!$I$2:$I$2441,(COUNTIF(Occurrence!$I$2:$I$2441,0)+A17*(COUNT(Occurrence!$I$2:$I$2441)-COUNTIF(Occurrence!$I$2:$I$2441,0)-1))/(COUNT(Occurrence!$I$2:$I$2441)-1)) | C17: =_xlfn.PERCENTILE.INC(Occurrence!$K$2:$K$2441,(COUNTIF(Occurrence!$K$2:$K$2441,0)+A17*(COUNT(Occurrence!$K$2:$K$2441)-COUNTIF(Occurrence!$K$2:$K$2441,0)-1))/(COUNT(Occurrence!$K$2:$K$2441)-1)) | D17: =C17/B17 | E17: =_xlfn.PERCENTILE.INC(QM_empirical!$O$2:$O$2441,(COUNTIF(QM_empirical!$O$2:$O$2441,0)+A17*(COUNT(QM_empirical!$O$2:$O$2441)-COUNTIF(QM_empirical!$O$2:$O$2441,0)-1))/(COUNT(QM_empirical!$O$2:$O$2441)-1)) | F17: =E17/I17 | G17: =_xlfn.PERCENTILE.INC(QDM!$X$2:$X$2441,(COUNTIF(QDM!$X$2:$X$2441,0)+A17*(COUNT(QDM!$X$2:$X$2441)-COUNTIF(QDM!$X$2:$X$2441,0)-1))/(COUNT(QDM!$X$2:$X$2441)-1)) | H17: =G17/I17 | I17: =_xlfn.PERCENTILE.INC(Data!$O$2:$O$2441,(COUNTIF(Data!$O$2:$O$2441,0)+A17*(COUNT(Data!$O$2:$O$2441)-COUNTIF(Data!$O$2:$O$2441,0)-1))/(COUNT(Data!$O$2:$O$2441)-1)) | J17: =_xlfn.PERCENTILE.INC(Data!$T$2:$T$2441,(COUNTIF(Data!$T$2:$T$2441,0)+A17*(COUNT(Data!$T$2:$T$2441)-COUNTIF(Data!$T$2:$T$2441,0)-1))/(COUNT(Data!$T$2:$T$2441)-1)) | K17: =J17/I17 | N17: =Data!A17 | O17: =IF(Occurrence!J17>0,COUNTIFS(Occurrence!$J$2:$J$2441,">0",Occurrence!$J$2:$J$2441,"<="&Occurrence!J17)/($B$8+1),0) | P17: =IF(Occurrence!J17>0,_xlfn.PERCENTILE.INC(Data!$O$2:$O$2441,($B$4+O17*($B$5-1))/($B$3-1)),0) | Q17: =IF(Occurrence!J17>0,_xlfn.PERCENTILE.INC(Occurrence!$I$2:$I$2441,($B$6+O17*($B$7-1))/($B$3-1)),0) | R17: =IF(Occurrence!J17>0,Occurrence!J17/Q17,0) | S17: =IF(Occurrence!J17>0,P17*R17,0) | T17: =IF(Occurrence!K17>0,COUNTIFS(Occurrence!$K$2:$K$2441,">0",Occurrence!$K$2:$K$2441,"<="&Occurrence!K17)/($B$9+1),0) | U17: =IF(Occurrence!K17>0,_xlfn.PERCENTILE.INC(Data!$O$2:$O$2441,($B$4+T17*($B$5-1))/($B$3-1)),0) | V17: =IF(Occurrence!K17>0,_xlfn.PERCENTILE.INC(Occurrence!$I$2:$I$2441,($B$6+T17*($B$7-1))/($B$3-1)),0) | W17: =IF(Occurrence!K17>0,Occurrence!K17/V17,0) | X17: =IF(Occurrence!K17>0,U17*W17,0) | Y17: =COUNTIF(Data!$X$2:$X$2441,"<="&Data!X17)/($B$3+1) | Z17: =_xlfn.PERCENTILE.INC(Data!$U$2:$U$2441,Y17) | AA17: =_xlfn.PERCENTILE.INC(Data!$V$2:$V$2441,Y17) | AB17: =Data!X17-AA17 | AC17: =Z17+AB17 | AD17: =COUNTIF(Data!$Y$2:$Y$2441,"<="&Data!Y17)/($B$3+1) | AE17: =_xlfn.PERCENTILE.INC(Data!$U$2:$U$2441,AD17) | AF17: =_xlfn.PERCENTILE.INC(Data!$V$2:$V$2441,AD17) | AG17: =Data!Y17-AF17 | AH17: =AE17+AG17
N18: =Data!A18 | O18: =IF(Occurrence!J18>0,COUNTIFS(Occurrence!$J$2:$J$2441,">0",Occurrence!$J$2:$J$2441,"<="&Occurrence!J18)/($B$8+1),0) | P18: =IF(Occurrence!J18>0,_xlfn.PERCENTILE.INC(Data!$O$2:$O$2441,($B$4+O18*($B$5-1))/($B$3-1)),0) | Q18: =IF(Occurrence!J18>0,_xlfn.PERCENTILE.INC(Occurrence!$I$2:$I$2441,($B$6+O18*($B$7-1))/($B$3-1)),0) | R18: =IF(Occurrence!J18>0,Occurrence!J18/Q18,0) | S18: =IF(Occurrence!J18>0,P18*R18,0) | T18: =IF(Occurrence!K18>0,COUNTIFS(Occurrence!$K$2:$K$2441,">0",Occurrence!$K$2:$K$2441,"<="&Occurrence!K18)/($B$9+1),0) | U18: =IF(Occurrence!K18>0,_xlfn.PERCENTILE.INC(Data!$O$2:$O$2441,($B$4+T18*($B$5-1))/($B$3-1)),0) | V18: =IF(Occurrence!K18>0,_xlfn.PERCENTILE.INC(Occurrence!$I$2:$I$2441,($B$6+T18*($B$7-1))/($B$3-1)),0) | W18: =IF(Occurrence!K18>0,Occurrence!K18/V18,0) | X18: =IF(Occurrence!K18>0,U18*W18,0) | Y18: =COUNTIF(Data!$X$2:$X$2441,"<="&Data!X18)/($B$3+1) | Z18: =_xlfn.PERCENTILE.INC(Data!$U$2:$U$2441,Y18) | AA18: =_xlfn.PERCENTILE.INC(Data!$V$2:$V$2441,Y18) | AB18: =Data!X18-AA18 | AC18: =Z18+AB18 | AD18: =COUNTIF(Data!$Y$2:$Y$2441,"<="&Data!Y18)/($B$3+1) | AE18: =_xlfn.PERCENTILE.INC(Data!$U$2:$U$2441,AD18) | AF18: =_xlfn.PERCENTILE.INC(Data!$V$2:$V$2441,AD18) | AG18: =Data!Y18-AF18 | AH18: =AE18+AG18
N19: =Data!A19 | O19: =IF(Occurrence!J19>0,COUNTIFS(Occurrence!$J$2:$J$2441,">0",Occurrence!$J$2:$J$2441,"<="&Occurrence!J19)/($B$8+1),0) | P19: =IF(Occurrence!J19>0,_xlfn.PERCENTILE.INC(Data!$O$2:$O$2441,($B$4+O19*($B$5-1))/($B$3-1)),0) | Q19: =IF(Occurrence!J19>0,_xlfn.PERCENTILE.INC(Occurrence!$I$2:$I$2441,($B$6+O19*($B$7-1))/($B$3-1)),0) | R19: =IF(Occurrence!J19>0,Occurrence!J19/Q19,0) | S19: =IF(Occurrence!J19>0,P19*R19,0) | T19: =IF(Occurrence!K19>0,COUNTIFS(Occurrence!$K$2:$K$2441,">0",Occurrence!$K$2:$K$2441,"<="&Occurrence!K19)/($B$9+1),0) | U19: =IF(Occurrence!K19>0,_xlfn.PERCENTILE.INC(Data!$O$2:$O$2441,($B$4+T19*($B$5-1))/($B$3-1)),0) | V19: =IF(Occurrence!K19>0,_xlfn.PERCENTILE.INC(Occurrence!$I$2:$I$2441,($B$6+T19*($B$7-1))/($B$3-1)),0) | W19: =IF(Occurrence!K19>0,Occurrence!K19/V19,0) | X19: =IF(Occurrence!K19>0,U19*W19,0) | Y19: =COUNTIF(Data!$X$2:$X$2441,"<="&Data!X19)/($B$3+1) | Z19: =_xlfn.PERCENTILE.INC(Data!$U$2:$U$2441,Y19) | AA19: =_xlfn.PERCENTILE.INC(Data!$V$2:$V$2441,Y19) | AB19: =Data!X19-AA19 | AC19: =Z19+AB19 | AD19: =COUNTIF(Data!$Y$2:$Y$2441,"<="&Data!Y19)/($B$3+1) | AE19: =_xlfn.PERCENTILE.INC(Data!$U$2:$U$2441,AD19) | AF19: =_xlfn.PERCENTILE.INC(Data!$V$2:$V$2441,AD19) | AG19: =Data!Y19-AF19 | AH19: =AE19+AG19
A20: Temperature quantiles (change = fut - baseline, degC) | N20: =Data!A20 | O20: =IF(Occurrence!J20>0,COUNTIFS(Occurrence!$J$2:$J$2441,">0",Occurrence!$J$2:$J$2441,"<="&Occurrence!J20)/($B$8+1),0) | P20: =IF(Occurrence!J20>0,_xlfn.PERCENTILE.INC(Data!$O$2:$O$2441,($B$4+O20*($B$5-1))/($B$3-1)),0) | Q20: =IF(Occurrence!J20>0,_xlfn.PERCENTILE.INC(Occurrence!$I$2:$I$2441,($B$6+O20*($B$7-1))/($B$3-1)),0) | R20: =IF(Occurrence!J20>0,Occurrence!J20/Q20,0) | S20: =IF(Occurrence!J20>0,P20*R20,0) | T20: =IF(Occurrence!K20>0,COUNTIFS(Occurrence!$K$2:$K$2441,">0",Occurrence!$K$2:$K$2441,"<="&Occurrence!K20)/($B$9+1),0) | U20: =IF(Occurrence!K20>0,_xlfn.PERCENTILE.INC(Data!$O$2:$O$2441,($B$4+T20*($B$5-1))/($B$3-1)),0) | V20: =IF(Occurrence!K20>0,_xlfn.PERCENTILE.INC(Occurrence!$I$2:$I$2441,($B$6+T20*($B$7-1))/($B$3-1)),0) | W20: =IF(Occurrence!K20>0,Occurrence!K20/V20,0) | X20: =IF(Occurrence!K20>0,U20*W20,0) | Y20: =COUNTIF(Data!$X$2:$X$2441,"<="&Data!X20)/($B$3+1) | Z20: =_xlfn.PERCENTILE.INC(Data!$U$2:$U$2441,Y20) | AA20: =_xlfn.PERCENTILE.INC(Data!$V$2:$V$2441,Y20) | AB20: =Data!X20-AA20 | AC20: =Z20+AB20 | AD20: =COUNTIF(Data!$Y$2:$Y$2441,"<="&Data!Y20)/($B$3+1) | AE20: =_xlfn.PERCENTILE.INC(Data!$U$2:$U$2441,AD20) | AF20: =_xlfn.PERCENTILE.INC(Data!$V$2:$V$2441,AD20) | AG20: =Data!Y20-AF20 | AH20: =AE20+AG20
A21: probability p | B21: model cal Q | C21: model fut Q | D21: model change | E21: QM empirical fut Q | F21: QM change (minus obs Q) | G21: QDM fut Q | H21: QDM change (minus obs Q) | I21: obs cal Q | J21: truth fut Q | K21: truth change | N21: =Data!A21 | O21: =IF(Occurrence!J21>0,COUNTIFS(Occurrence!$J$2:$J$2441,">0",Occurrence!$J$2:$J$2441,"<="&Occurrence!J21)/($B$8+1),0) | P21: =IF(Occurrence!J21>0,_xlfn.PERCENTILE.INC(Data!$O$2:$O$2441,($B$4+O21*($B$5-1))/($B$3-1)),0) | Q21: =IF(Occurrence!J21>0,_xlfn.PERCENTILE.INC(Occurrence!$I$2:$I$2441,($B$6+O21*($B$7-1))/($B$3-1)),0) | R21: =IF(Occurrence!J21>0,Occurrence!J21/Q21,0) | S21: =IF(Occurrence!J21>0,P21*R21,0) | T21: =IF(Occurrence!K21>0,COUNTIFS(Occurrence!$K$2:$K$2441,">0",Occurrence!$K$2:$K$2441,"<="&Occurrence!K21)/($B$9+1),0) | U21: =IF(Occurrence!K21>0,_xlfn.PERCENTILE.INC(Data!$O$2:$O$2441,($B$4+T21*($B$5-1))/($B$3-1)),0) | V21: =IF(Occurrence!K21>0,_xlfn.PERCENTILE.INC(Occurrence!$I$2:$I$2441,($B$6+T21*($B$7-1))/($B$3-1)),0) | W21: =IF(Occurrence!K21>0,Occurrence!K21/V21,0) | X21: =IF(Occurrence!K21>0,U21*W21,0) | Y21: =COUNTIF(Data!$X$2:$X$2441,"<="&Data!X21)/($B$3+1) | Z21: =_xlfn.PERCENTILE.INC(Data!$U$2:$U$2441,Y21) | AA21: =_xlfn.PERCENTILE.INC(Data!$V$2:$V$2441,Y21) | AB21: =Data!X21-AA21 | AC21: =Z21+AB21 | AD21: =COUNTIF(Data!$Y$2:$Y$2441,"<="&Data!Y21)/($B$3+1) | AE21: =_xlfn.PERCENTILE.INC(Data!$U$2:$U$2441,AD21) | AF21: =_xlfn.PERCENTILE.INC(Data!$V$2:$V$2441,AD21) | AG21: =Data!Y21-AF21 | AH21: =AE21+AG21
A22: 0.1 | B22: =_xlfn.PERCENTILE.INC(Data!$V$2:$V$2441,A22) | C22: =_xlfn.PERCENTILE.INC(Data!$Y$2:$Y$2441,A22) | D22: =C22-B22 | E22: =_xlfn.PERCENTILE.INC(QM_empirical!$S$2:$S$2441,A22) | F22: =E22-I22 | G22: =_xlfn.PERCENTILE.INC(QDM!$AH$2:$AH$2441,A22) | H22: =G22-I22 | I22: =_xlfn.PERCENTILE.INC(Data!$U$2:$U$2441,A22) | J22: =_xlfn.PERCENTILE.INC(Data!$Z$2:$Z$2441,A22) | K22: =J22-I22 | N22: =Data!A22 | O22: =IF(Occurrence!J22>0,COUNTIFS(Occurrence!$J$2:$J$2441,">0",Occurrence!$J$2:$J$2441,"<="&Occurrence!J22)/($B$8+1),0) | P22: =IF(Occurrence!J22>0,_xlfn.PERCENTILE.INC(Data!$O$2:$O$2441,($B$4+O22*($B$5-1))/($B$3-1)),0) | Q22: =IF(Occurrence!J22>0,_xlfn.PERCENTILE.INC(Occurrence!$I$2:$I$2441,($B$6+O22*($B$7-1))/($B$3-1)),0) | R22: =IF(Occurrence!J22>0,Occurrence!J22/Q22,0) | S22: =IF(Occurrence!J22>0,P22*R22,0) | T22: =IF(Occurrence!K22>0,COUNTIFS(Occurrence!$K$2:$K$2441,">0",Occurrence!$K$2:$K$2441,"<="&Occurrence!K22)/($B$9+1),0) | U22: =IF(Occurrence!K22>0,_xlfn.PERCENTILE.INC(Data!$O$2:$O$2441,($B$4+T22*($B$5-1))/($B$3-1)),0) | V22: =IF(Occurrence!K22>0,_xlfn.PERCENTILE.INC(Occurrence!$I$2:$I$2441,($B$6+T22*($B$7-1))/($B$3-1)),0) | W22: =IF(Occurrence!K22>0,Occurrence!K22/V22,0) | X22: =IF(Occurrence!K22>0,U22*W22,0) | Y22: =COUNTIF(Data!$X$2:$X$2441,"<="&Data!X22)/($B$3+1) | Z22: =_xlfn.PERCENTILE.INC(Data!$U$2:$U$2441,Y22) | AA22: =_xlfn.PERCENTILE.INC(Data!$V$2:$V$2441,Y22) | AB22: =Data!X22-AA22 | AC22: =Z22+AB22 | AD22: =COUNTIF(Data!$Y$2:$Y$2441,"<="&Data!Y22)/($B$3+1) | AE22: =_xlfn.PERCENTILE.INC(Data!$U$2:$U$2441,AD22) | AF22: =_xlfn.PERCENTILE.INC(Data!$V$2:$V$2441,AD22) | AG22: =Data!Y22-AF22 | AH22: =AE22+AG22
A23: 0.5 | B23: =_xlfn.PERCENTILE.INC(Data!$V$2:$V$2441,A23) | C23: =_xlfn.PERCENTILE.INC(Data!$Y$2:$Y$2441,A23) | D23: =C23-B23 | E23: =_xlfn.PERCENTILE.INC(QM_empirical!$S$2:$S$2441,A23) | F23: =E23-I23 | G23: =_xlfn.PERCENTILE.INC(QDM!$AH$2:$AH$2441,A23) | H23: =G23-I23 | I23: =_xlfn.PERCENTILE.INC(Data!$U$2:$U$2441,A23) | J23: =_xlfn.PERCENTILE.INC(Data!$Z$2:$Z$2441,A23) | K23: =J23-I23 | N23: =Data!A23 | O23: =IF(Occurrence!J23>0,COUNTIFS(Occurrence!$J$2:$J$2441,">0",Occurrence!$J$2:$J$2441,"<="&Occurrence!J23)/($B$8+1),0) | P23: =IF(Occurrence!J23>0,_xlfn.PERCENTILE.INC(Data!$O$2:$O$2441,($B$4+O23*($B$5-1))/($B$3-1)),0) | Q23: =IF(Occurrence!J23>0,_xlfn.PERCENTILE.INC(Occurrence!$I$2:$I$2441,($B$6+O23*($B$7-1))/($B$3-1)),0) | R23: =IF(Occurrence!J23>0,Occurrence!J23/Q23,0) | S23: =IF(Occurrence!J23>0,P23*R23,0) | T23: =IF(Occurrence!K23>0,COUNTIFS(Occurrence!$K$2:$K$2441,">0",Occurrence!$K$2:$K$2441,"<="&Occurrence!K23)/($B$9+1),0) | U23: =IF(Occurrence!K23>0,_xlfn.PERCENTILE.INC(Data!$O$2:$O$2441,($B$4+T23*($B$5-1))/($B$3-1)),0) | V23: =IF(Occurrence!K23>0,_xlfn.PERCENTILE.INC(Occurrence!$I$2:$I$2441,($B$6+T23*($B$7-1))/($B$3-1)),0) | W23: =IF(Occurrence!K23>0,Occurrence!K23/V23,0) | X23: =IF(Occurrence!K23>0,U23*W23,0) | Y23: =COUNTIF(Data!$X$2:$X$2441,"<="&Data!X23)/($B$3+1) | Z23: =_xlfn.PERCENTILE.INC(Data!$U$2:$U$2441,Y23) | AA23: =_xlfn.PERCENTILE.INC(Data!$V$2:$V$2441,Y23) | AB23: =Data!X23-AA23 | AC23: =Z23+AB23 | AD23: =COUNTIF(Data!$Y$2:$Y$2441,"<="&Data!Y23)/($B$3+1) | AE23: =_xlfn.PERCENTILE.INC(Data!$U$2:$U$2441,AD23) | AF23: =_xlfn.PERCENTILE.INC(Data!$V$2:$V$2441,AD23) | AG23: =Data!Y23-AF23 | AH23: =AE23+AG23
A24: 0.9 | B24: =_xlfn.PERCENTILE.INC(Data!$V$2:$V$2441,A24) | C24: =_xlfn.PERCENTILE.INC(Data!$Y$2:$Y$2441,A24) | D24: =C24-B24 | E24: =_xlfn.PERCENTILE.INC(QM_empirical!$S$2:$S$2441,A24) | F24: =E24-I24 | G24: =_xlfn.PERCENTILE.INC(QDM!$AH$2:$AH$2441,A24) | H24: =G24-I24 | I24: =_xlfn.PERCENTILE.INC(Data!$U$2:$U$2441,A24) | J24: =_xlfn.PERCENTILE.INC(Data!$Z$2:$Z$2441,A24) | K24: =J24-I24 | N24: =Data!A24 | O24: =IF(Occurrence!J24>0,COUNTIFS(Occurrence!$J$2:$J$2441,">0",Occurrence!$J$2:$J$2441,"<="&Occurrence!J24)/($B$8+1),0) | P24: =IF(Occurrence!J24>0,_xlfn.PERCENTILE.INC(Data!$O$2:$O$2441,($B$4+O24*($B$5-1))/($B$3-1)),0) | Q24: =IF(Occurrence!J24>0,_xlfn.PERCENTILE.INC(Occurrence!$I$2:$I$2441,($B$6+O24*($B$7-1))/($B$3-1)),0) | R24: =IF(Occurrence!J24>0,Occurrence!J24/Q24,0) | S24: =IF(Occurrence!J24>0,P24*R24,0) | T24: =IF(Occurrence!K24>0,COUNTIFS(Occurrence!$K$2:$K$2441,">0",Occurrence!$K$2:$K$2441,"<="&Occurrence!K24)/($B$9+1),0) | U24: =IF(Occurrence!K24>0,_xlfn.PERCENTILE.INC(Data!$O$2:$O$2441,($B$4+T24*($B$5-1))/($B$3-1)),0) | V24: =IF(Occurrence!K24>0,_xlfn.PERCENTILE.INC(Occurrence!$I$2:$I$2441,($B$6+T24*($B$7-1))/($B$3-1)),0) | W24: =IF(Occurrence!K24>0,Occurrence!K24/V24,0) | X24: =IF(Occurrence!K24>0,U24*W24,0) | Y24: =COUNTIF(Data!$X$2:$X$2441,"<="&Data!X24)/($B$3+1) | Z24: =_xlfn.PERCENTILE.INC(Data!$U$2:$U$2441,Y24) | AA24: =_xlfn.PERCENTILE.INC(Data!$V$2:$V$2441,Y24) | AB24: =Data!X24-AA24 | AC24: =Z24+AB24 | AD24: =COUNTIF(Data!$Y$2:$Y$2441,"<="&Data!Y24)/($B$3+1) | AE24: =_xlfn.PERCENTILE.INC(Data!$U$2:$U$2441,AD24) | AF24: =_xlfn.PERCENTILE.INC(Data!$V$2:$V$2441,AD24) | AG24: =Data!Y24-AF24 | AH24: =AE24+AG24
A25: 0.95 | B25: =_xlfn.PERCENTILE.INC(Data!$V$2:$V$2441,A25) | C25: =_xlfn.PERCENTILE.INC(Data!$Y$2:$Y$2441,A25) | D25: =C25-B25 | E25: =_xlfn.PERCENTILE.INC(QM_empirical!$S$2:$S$2441,A25) | F25: =E25-I25 | G25: =_xlfn.PERCENTILE.INC(QDM!$AH$2:$AH$2441,A25) | H25: =G25-I25 | I25: =_xlfn.PERCENTILE.INC(Data!$U$2:$U$2441,A25) | J25: =_xlfn.PERCENTILE.INC(Data!$Z$2:$Z$2441,A25) | K25: =J25-I25 | N25: =Data!A25 | O25: =IF(Occurrence!J25>0,COUNTIFS(Occurrence!$J$2:$J$2441,">0",Occurrence!$J$2:$J$2441,"<="&Occurrence!J25)/($B$8+1),0) | P25: =IF(Occurrence!J25>0,_xlfn.PERCENTILE.INC(Data!$O$2:$O$2441,($B$4+O25*($B$5-1))/($B$3-1)),0) | Q25: =IF(Occurrence!J25>0,_xlfn.PERCENTILE.INC(Occurrence!$I$2:$I$2441,($B$6+O25*($B$7-1))/($B$3-1)),0) | R25: =IF(Occurrence!J25>0,Occurrence!J25/Q25,0) | S25: =IF(Occurrence!J25>0,P25*R25,0) | T25: =IF(Occurrence!K25>0,COUNTIFS(Occurrence!$K$2:$K$2441,">0",Occurrence!$K$2:$K$2441,"<="&Occurrence!K25)/($B$9+1),0) | U25: =IF(Occurrence!K25>0,_xlfn.PERCENTILE.INC(Data!$O$2:$O$2441,($B$4+T25*($B$5-1))/($B$3-1)),0) | V25: =IF(Occurrence!K25>0,_xlfn.PERCENTILE.INC(Occurrence!$I$2:$I$2441,($B$6+T25*($B$7-1))/($B$3-1)),0) | W25: =IF(Occurrence!K25>0,Occurrence!K25/V25,0) | X25: =IF(Occurrence!K25>0,U25*W25,0) | Y25: =COUNTIF(Data!$X$2:$X$2441,"<="&Data!X25)/($B$3+1) | Z25: =_xlfn.PERCENTILE.INC(Data!$U$2:$U$2441,Y25) | AA25: =_xlfn.PERCENTILE.INC(Data!$V$2:$V$2441,Y25) | AB25: =Data!X25-AA25 | AC25: =Z25+AB25 | AD25: =COUNTIF(Data!$Y$2:$Y$2441,"<="&Data!Y25)/($B$3+1) | AE25: =_xlfn.PERCENTILE.INC(Data!$U$2:$U$2441,AD25) | AF25: =_xlfn.PERCENTILE.INC(Data!$V$2:$V$2441,AD25) | AG25: =Data!Y25-AF25 | AH25: =AE25+AG25
A26: 0.99 | B26: =_xlfn.PERCENTILE.INC(Data!$V$2:$V$2441,A26) | C26: =_xlfn.PERCENTILE.INC(Data!$Y$2:$Y$2441,A26) | D26: =C26-B26 | E26: =_xlfn.PERCENTILE.INC(QM_empirical!$S$2:$S$2441,A26) | F26: =E26-I26 | G26: =_xlfn.PERCENTILE.INC(QDM!$AH$2:$AH$2441,A26) | H26: =G26-I26 | I26: =_xlfn.PERCENTILE.INC(Data!$U$2:$U$2441,A26) | J26: =_xlfn.PERCENTILE.INC(Data!$Z$2:$Z$2441,A26) | K26: =J26-I26 | N26: =Data!A26 | O26: =IF(Occurrence!J26>0,COUNTIFS(Occurrence!$J$2:$J$2441,">0",Occurrence!$J$2:$J$2441,"<="&Occurrence!J26)/($B$8+1),0) | P26: =IF(Occurrence!J26>0,_xlfn.PERCENTILE.INC(Data!$O$2:$O$2441,($B$4+O26*($B$5-1))/($B$3-1)),0) | Q26: =IF(Occurrence!J26>0,_xlfn.PERCENTILE.INC(Occurrence!$I$2:$I$2441,($B$6+O26*($B$7-1))/($B$3-1)),0) | R26: =IF(Occurrence!J26>0,Occurrence!J26/Q26,0) | S26: =IF(Occurrence!J26>0,P26*R26,0) | T26: =IF(Occurrence!K26>0,COUNTIFS(Occurrence!$K$2:$K$2441,">0",Occurrence!$K$2:$K$2441,"<="&Occurrence!K26)/($B$9+1),0) | U26: =IF(Occurrence!K26>0,_xlfn.PERCENTILE.INC(Data!$O$2:$O$2441,($B$4+T26*($B$5-1))/($B$3-1)),0) | V26: =IF(Occurrence!K26>0,_xlfn.PERCENTILE.INC(Occurrence!$I$2:$I$2441,($B$6+T26*($B$7-1))/($B$3-1)),0) | W26: =IF(Occurrence!K26>0,Occurrence!K26/V26,0) | X26: =IF(Occurrence!K26>0,U26*W26,0) | Y26: =COUNTIF(Data!$X$2:$X$2441,"<="&Data!X26)/($B$3+1) | Z26: =_xlfn.PERCENTILE.INC(Data!$U$2:$U$2441,Y26) | AA26: =_xlfn.PERCENTILE.INC(Data!$V$2:$V$2441,Y26) | AB26: =Data!X26-AA26 | AC26: =Z26+AB26 | AD26: =COUNTIF(Data!$Y$2:$Y$2441,"<="&Data!Y26)/($B$3+1) | AE26: =_xlfn.PERCENTILE.INC(Data!$U$2:$U$2441,AD26) | AF26: =_xlfn.PERCENTILE.INC(Data!$V$2:$V$2441,AD26) | AG26: =Data!Y26-AF26 | AH26: =AE26+AG26
N27: =Data!A27 | O27: =IF(Occurrence!J27>0,COUNTIFS(Occurrence!$J$2:$J$2441,">0",Occurrence!$J$2:$J$2441,"<="&Occurrence!J27)/($B$8+1),0) | P27: =IF(Occurrence!J27>0,_xlfn.PERCENTILE.INC(Data!$O$2:$O$2441,($B$4+O27*($B$5-1))/($B$3-1)),0) | Q27: =IF(Occurrence!J27>0,_xlfn.PERCENTILE.INC(Occurrence!$I$2:$I$2441,($B$6+O27*($B$7-1))/($B$3-1)),0) | R27: =IF(Occurrence!J27>0,Occurrence!J27/Q27,0) | S27: =IF(Occurrence!J27>0,P27*R27,0) | T27: =IF(Occurrence!K27>0,COUNTIFS(Occurrence!$K$2:$K$2441,">0",Occurrence!$K$2:$K$2441,"<="&Occurrence!K27)/($B$9+1),0) | U27: =IF(Occurrence!K27>0,_xlfn.PERCENTILE.INC(Data!$O$2:$O$2441,($B$4+T27*($B$5-1))/($B$3-1)),0) | V27: =IF(Occurrence!K27>0,_xlfn.PERCENTILE.INC(Occurrence!$I$2:$I$2441,($B$6+T27*($B$7-1))/($B$3-1)),0) | W27: =IF(Occurrence!K27>0,Occurrence!K27/V27,0) | X27: =IF(Occurrence!K27>0,U27*W27,0) | Y27: =COUNTIF(Data!$X$2:$X$2441,"<="&Data!X27)/($B$3+1) | Z27: =_xlfn.PERCENTILE.INC(Data!$U$2:$U$2441,Y27) | AA27: =_xlfn.PERCENTILE.INC(Data!$V$2:$V$2441,Y27) | AB27: =Data!X27-AA27 | AC27: =Z27+AB27 | AD27: =COUNTIF(Data!$Y$2:$Y$2441,"<="&Data!Y27)/($B$3+1) | AE27: =_xlfn.PERCENTILE.INC(Data!$U$2:$U$2441,AD27) | AF27: =_xlfn.PERCENTILE.INC(Data!$V$2:$V$2441,AD27) | AG27: =Data!Y27-AF27 | AH27: =AE27+AG27
A28: Read across: the QDM change column matches the model-change column (the property proved in the lecture); plain QM changes it. The truth column is what the (synthetic) real future did. | N28: =Data!A28 | O28: =IF(Occurrence!J28>0,COUNTIFS(Occurrence!$J$2:$J$2441,">0",Occurrence!$J$2:$J$2441,"<="&Occurrence!J28)/($B$8+1),0) | P28: =IF(Occurrence!J28>0,_xlfn.PERCENTILE.INC(Data!$O$2:$O$2441,($B$4+O28*($B$5-1))/($B$3-1)),0) | Q28: =IF(Occurrence!J28>0,_xlfn.PERCENTILE.INC(Occurrence!$I$2:$I$2441,($B$6+O28*($B$7-1))/($B$3-1)),0) | R28: =IF(Occurrence!J28>0,Occurrence!J28/Q28,0) | S28: =IF(Occurrence!J28>0,P28*R28,0) | T28: =IF(Occurrence!K28>0,COUNTIFS(Occurrence!$K$2:$K$2441,">0",Occurrence!$K$2:$K$2441,"<="&Occurrence!K28)/($B$9+1),0) | U28: =IF(Occurrence!K28>0,_xlfn.PERCENTILE.INC(Data!$O$2:$O$2441,($B$4+T28*($B$5-1))/($B$3-1)),0) | V28: =IF(Occurrence!K28>0,_xlfn.PERCENTILE.INC(Occurrence!$I$2:$I$2441,($B$6+T28*($B$7-1))/($B$3-1)),0) | W28: =IF(Occurrence!K28>0,Occurrence!K28/V28,0) | X28: =IF(Occurrence!K28>0,U28*W28,0) | Y28: =COUNTIF(Data!$X$2:$X$2441,"<="&Data!X28)/($B$3+1) | Z28: =_xlfn.PERCENTILE.INC(Data!$U$2:$U$2441,Y28) | AA28: =_xlfn.PERCENTILE.INC(Data!$V$2:$V$2441,Y28) | AB28: =Data!X28-AA28 | AC28: =Z28+AB28 | AD28: =COUNTIF(Data!$Y$2:$Y$2441,"<="&Data!Y28)/($B$3+1) | AE28: =_xlfn.PERCENTILE.INC(Data!$U$2:$U$2441,AD28) | AF28: =_xlfn.PERCENTILE.INC(Data!$V$2:$V$2441,AD28) | AG28: =Data!Y28-AF28 | AH28: =AE28+AG28
N29: =Data!A29 | O29: =IF(Occurrence!J29>0,COUNTIFS(Occurrence!$J$2:$J$2441,">0",Occurrence!$J$2:$J$2441,"<="&Occurrence!J29)/($B$8+1),0) | P29: =IF(Occurrence!J29>0,_xlfn.PERCENTILE.INC(Data!$O$2:$O$2441,($B$4+O29*($B$5-1))/($B$3-1)),0) | Q29: =IF(Occurrence!J29>0,_xlfn.PERCENTILE.INC(Occurrence!$I$2:$I$2441,($B$6+O29*($B$7-1))/($B$3-1)),0) | R29: =IF(Occurrence!J29>0,Occurrence!J29/Q29,0) | S29: =IF(Occurrence!J29>0,P29*R29,0) | T29: =IF(Occurrence!K29>0,COUNTIFS(Occurrence!$K$2:$K$2441,">0",Occurrence!$K$2:$K$2441,"<="&Occurrence!K29)/($B$9+1),0) | U29: =IF(Occurrence!K29>0,_xlfn.PERCENTILE.INC(Data!$O$2:$O$2441,($B$4+T29*($B$5-1))/($B$3-1)),0) | V29: =IF(Occurrence!K29>0,_xlfn.PERCENTILE.INC(Occurrence!$I$2:$I$2441,($B$6+T29*($B$7-1))/($B$3-1)),0) | W29: =IF(Occurrence!K29>0,Occurrence!K29/V29,0) | X29: =IF(Occurrence!K29>0,U29*W29,0) | Y29: =COUNTIF(Data!$X$2:$X$2441,"<="&Data!X29)/($B$3+1) | Z29: =_xlfn.PERCENTILE.INC(Data!$U$2:$U$2441,Y29) | AA29: =_xlfn.PERCENTILE.INC(Data!$V$2:$V$2441,Y29) | AB29: =Data!X29-AA29 | AC29: =Z29+AB29 | AD29: =COUNTIF(Data!$Y$2:$Y$2441,"<="&Data!Y29)/($B$3+1) | AE29: =_xlfn.PERCENTILE.INC(Data!$U$2:$U$2441,AD29) | AF29: =_xlfn.PERCENTILE.INC(Data!$V$2:$V$2441,AD29) | AG29: =Data!Y29-AF29 | AH29: =AE29+AG29
N30: =Data!A30 | O30: =IF(Occurrence!J30>0,COUNTIFS(Occurrence!$J$2:$J$2441,">0",Occurrence!$J$2:$J$2441,"<="&Occurrence!J30)/($B$8+1),0) | P30: =IF(Occurrence!J30>0,_xlfn.PERCENTILE.INC(Data!$O$2:$O$2441,($B$4+O30*($B$5-1))/($B$3-1)),0) | Q30: =IF(Occurrence!J30>0,_xlfn.PERCENTILE.INC(Occurrence!$I$2:$I$2441,($B$6+O30*($B$7-1))/($B$3-1)),0) | R30: =IF(Occurrence!J30>0,Occurrence!J30/Q30,0) | S30: =IF(Occurrence!J30>0,P30*R30,0) | T30: =IF(Occurrence!K30>0,COUNTIFS(Occurrence!$K$2:$K$2441,">0",Occurrence!$K$2:$K$2441,"<="&Occurrence!K30)/($B$9+1),0) | U30: =IF(Occurrence!K30>0,_xlfn.PERCENTILE.INC(Data!$O$2:$O$2441,($B$4+T30*($B$5-1))/($B$3-1)),0) | V30: =IF(Occurrence!K30>0,_xlfn.PERCENTILE.INC(Occurrence!$I$2:$I$2441,($B$6+T30*($B$7-1))/($B$3-1)),0) | W30: =IF(Occurrence!K30>0,Occurrence!K30/V30,0) | X30: =IF(Occurrence!K30>0,U30*W30,0) | Y30: =COUNTIF(Data!$X$2:$X$2441,"<="&Data!X30)/($B$3+1) | Z30: =_xlfn.PERCENTILE.INC(Data!$U$2:$U$2441,Y30) | AA30: =_xlfn.PERCENTILE.INC(Data!$V$2:$V$2441,Y30) | AB30: =Data!X30-AA30 | AC30: =Z30+AB30 | AD30: =COUNTIF(Data!$Y$2:$Y$2441,"<="&Data!Y30)/($B$3+1) | AE30: =_xlfn.PERCENTILE.INC(Data!$U$2:$U$2441,AD30) | AF30: =_xlfn.PERCENTILE.INC(Data!$V$2:$V$2441,AD30) | AG30: =Data!Y30-AF30 | AH30: =AE30+AG30
N31: =Data!A31 | O31: =IF(Occurrence!J31>0,COUNTIFS(Occurrence!$J$2:$J$2441,">0",Occurrence!$J$2:$J$2441,"<="&Occurrence!J31)/($B$8+1),0) | P31: =IF(Occurrence!J31>0,_xlfn.PERCENTILE.INC(Data!$O$2:$O$2441,($B$4+O31*($B$5-1))/($B$3-1)),0) | Q31: =IF(Occurrence!J31>0,_xlfn.PERCENTILE.INC(Occurrence!$I$2:$I$2441,($B$6+O31*($B$7-1))/($B$3-1)),0) | R31: =IF(Occurrence!J31>0,Occurrence!J31/Q31,0) | S31: =IF(Occurrence!J31>0,P31*R31,0) | T31: =IF(Occurrence!K31>0,COUNTIFS(Occurrence!$K$2:$K$2441,">0",Occurrence!$K$2:$K$2441,"<="&Occurrence!K31)/($B$9+1),0) | U31: =IF(Occurrence!K31>0,_xlfn.PERCENTILE.INC(Data!$O$2:$O$2441,($B$4+T31*($B$5-1))/($B$3-1)),0) | V31: =IF(Occurrence!K31>0,_xlfn.PERCENTILE.INC(Occurrence!$I$2:$I$2441,($B$6+T31*($B$7-1))/($B$3-1)),0) | W31: =IF(Occurrence!K31>0,Occurrence!K31/V31,0) | X31: =IF(Occurrence!K31>0,U31*W31,0) | Y31: =COUNTIF(Data!$X$2:$X$2441,"<="&Data!X31)/($B$3+1) | Z31: =_xlfn.PERCENTILE.INC(Data!$U$2:$U$2441,Y31) | AA31: =_xlfn.PERCENTILE.INC(Data!$V$2:$V$2441,Y31) | AB31: =Data!X31-AA31 | AC31: =Z31+AB31 | AD31: =COUNTIF(Data!$Y$2:$Y$2441,"<="&Data!Y31)/($B$3+1) | AE31: =_xlfn.PERCENTILE.INC(Data!$U$2:$U$2441,AD31) | AF31: =_xlfn.PERCENTILE.INC(Data!$V$2:$V$2441,AD31) | AG31: =Data!Y31-AF31 | AH31: =AE31+AG31
N32: =Data!A32 | O32: =IF(Occurrence!J32>0,COUNTIFS(Occurrence!$J$2:$J$2441,">0",Occurrence!$J$2:$J$2441,"<="&Occurrence!J32)/($B$8+1),0) | P32: =IF(Occurrence!J32>0,_xlfn.PERCENTILE.INC(Data!$O$2:$O$2441,($B$4+O32*($B$5-1))/($B$3-1)),0) | Q32: =IF(Occurrence!J32>0,_xlfn.PERCENTILE.INC(Occurrence!$I$2:$I$2441,($B$6+O32*($B$7-1))/($B$3-1)),0) | R32: =IF(Occurrence!J32>0,Occurrence!J32/Q32,0) | S32: =IF(Occurrence!J32>0,P32*R32,0) | T32: =IF(Occurrence!K32>0,COUNTIFS(Occurrence!$K$2:$K$2441,">0",Occurrence!$K$2:$K$2441,"<="&Occurrence!K32)/($B$9+1),0) | U32: =IF(Occurrence!K32>0,_xlfn.PERCENTILE.INC(Data!$O$2:$O$2441,($B$4+T32*($B$5-1))/($B$3-1)),0) | V32: =IF(Occurrence!K32>0,_xlfn.PERCENTILE.INC(Occurrence!$I$2:$I$2441,($B$6+T32*($B$7-1))/($B$3-1)),0) | W32: =IF(Occurrence!K32>0,Occurrence!K32/V32,0) | X32: =IF(Occurrence!K32>0,U32*W32,0) | Y32: =COUNTIF(Data!$X$2:$X$2441,"<="&Data!X32)/($B$3+1) | Z32: =_xlfn.PERCENTILE.INC(Data!$U$2:$U$2441,Y32) | AA32: =_xlfn.PERCENTILE.INC(Data!$V$2:$V$2441,Y32) | AB32: =Data!X32-AA32 | AC32: =Z32+AB32 | AD32: =COUNTIF(Data!$Y$2:$Y$2441,"<="&Data!Y32)/($B$3+1) | AE32: =_xlfn.PERCENTILE.INC(Data!$U$2:$U$2441,AD32) | AF32: =_xlfn.PERCENTILE.INC(Data!$V$2:$V$2441,AD32) | AG32: =Data!Y32-AF32 | AH32: =AE32+AG32
N33: =Data!A33 | O33: =IF(Occurrence!J33>0,COUNTIFS(Occurrence!$J$2:$J$2441,">0",Occurrence!$J$2:$J$2441,"<="&Occurrence!J33)/($B$8+1),0) | P33: =IF(Occurrence!J33>0,_xlfn.PERCENTILE.INC(Data!$O$2:$O$2441,($B$4+O33*($B$5-1))/($B$3-1)),0) | Q33: =IF(Occurrence!J33>0,_xlfn.PERCENTILE.INC(Occurrence!$I$2:$I$2441,($B$6+O33*($B$7-1))/($B$3-1)),0) | R33: =IF(Occurrence!J33>0,Occurrence!J33/Q33,0) | S33: =IF(Occurrence!J33>0,P33*R33,0) | T33: =IF(Occurrence!K33>0,COUNTIFS(Occurrence!$K$2:$K$2441,">0",Occurrence!$K$2:$K$2441,"<="&Occurrence!K33)/($B$9+1),0) | U33: =IF(Occurrence!K33>0,_xlfn.PERCENTILE.INC(Data!$O$2:$O$2441,($B$4+T33*($B$5-1))/($B$3-1)),0) | V33: =IF(Occurrence!K33>0,_xlfn.PERCENTILE.INC(Occurrence!$I$2:$I$2441,($B$6+T33*($B$7-1))/($B$3-1)),0) | W33: =IF(Occurrence!K33>0,Occurrence!K33/V33,0) | X33: =IF(Occurrence!K33>0,U33*W33,0) | Y33: =COUNTIF(Data!$X$2:$X$2441,"<="&Data!X33)/($B$3+1) | Z33: =_xlfn.PERCENTILE.INC(Data!$U$2:$U$2441,Y33) | AA33: =_xlfn.PERCENTILE.INC(Data!$V$2:$V$2441,Y33) | AB33: =Data!X33-AA33 | AC33: =Z33+AB33 | AD33: =COUNTIF(Data!$Y$2:$Y$2441,"<="&Data!Y33)/($B$3+1) | AE33: =_xlfn.PERCENTILE.INC(Data!$U$2:$U$2441,AD33) | AF33: =_xlfn.PERCENTILE.INC(Data!$V$2:$V$2441,AD33) | AG33: =Data!Y33-AF33 | AH33: =AE33+AG33
N34: =Data!A34 | O34: =IF(Occurrence!J34>0,COUNTIFS(Occurrence!$J$2:$J$2441,">0",Occurrence!$J$2:$J$2441,"<="&Occurrence!J34)/($B$8+1),0) | P34: =IF(Occurrence!J34>0,_xlfn.PERCENTILE.INC(Data!$O$2:$O$2441,($B$4+O34*($B$5-1))/($B$3-1)),0) | Q34: =IF(Occurrence!J34>0,_xlfn.PERCENTILE.INC(Occurrence!$I$2:$I$2441,($B$6+O34*($B$7-1))/($B$3-1)),0) | R34: =IF(Occurrence!J34>0,Occurrence!J34/Q34,0) | S34: =IF(Occurrence!J34>0,P34*R34,0) | T34: =IF(Occurrence!K34>0,COUNTIFS(Occurrence!$K$2:$K$2441,">0",Occurrence!$K$2:$K$2441,"<="&Occurrence!K34)/($B$9+1),0) | U34: =IF(Occurrence!K34>0,_xlfn.PERCENTILE.INC(Data!$O$2:$O$2441,($B$4+T34*($B$5-1))/($B$3-1)),0) | V34: =IF(Occurrence!K34>0,_xlfn.PERCENTILE.INC(Occurrence!$I$2:$I$2441,($B$6+T34*($B$7-1))/($B$3-1)),0) | W34: =IF(Occurrence!K34>0,Occurrence!K34/V34,0) | X34: =IF(Occurrence!K34>0,U34*W34,0) | Y34: =COUNTIF(Data!$X$2:$X$2441,"<="&Data!X34)/($B$3+1) | Z34: =_xlfn.PERCENTILE.INC(Data!$U$2:$U$2441,Y34) | AA34: =_xlfn.PERCENTILE.INC(Data!$V$2:$V$2441,Y34) | AB34: =Data!X34-AA34 | AC34: =Z34+AB34 | AD34: =COUNTIF(Data!$Y$2:$Y$2441,"<="&Data!Y34)/($B$3+1) | AE34: =_xlfn.PERCENTILE.INC(Data!$U$2:$U$2441,AD34) | AF34: =_xlfn.PERCENTILE.INC(Data!$V$2:$V$2441,AD34) | AG34: =Data!Y34-AF34 | AH34: =AE34+AG34
N35: =Data!A35 | O35: =IF(Occurrence!J35>0,COUNTIFS(Occurrence!$J$2:$J$2441,">0",Occurrence!$J$2:$J$2441,"<="&Occurrence!J35)/($B$8+1),0) | P35: =IF(Occurrence!J35>0,_xlfn.PERCENTILE.INC(Data!$O$2:$O$2441,($B$4+O35*($B$5-1))/($B$3-1)),0) | Q35: =IF(Occurrence!J35>0,_xlfn.PERCENTILE.INC(Occurrence!$I$2:$I$2441,($B$6+O35*($B$7-1))/($B$3-1)),0) | R35: =IF(Occurrence!J35>0,Occurrence!J35/Q35,0) | S35: =IF(Occurrence!J35>0,P35*R35,0) | T35: =IF(Occurrence!K35>0,COUNTIFS(Occurrence!$K$2:$K$2441,">0",Occurrence!$K$2:$K$2441,"<="&Occurrence!K35)/($B$9+1),0) | U35: =IF(Occurrence!K35>0,_xlfn.PERCENTILE.INC(Data!$O$2:$O$2441,($B$4+T35*($B$5-1))/($B$3-1)),0) | V35: =IF(Occurrence!K35>0,_xlfn.PERCENTILE.INC(Occurrence!$I$2:$I$2441,($B$6+T35*($B$7-1))/($B$3-1)),0) | W35: =IF(Occurrence!K35>0,Occurrence!K35/V35,0) | X35: =IF(Occurrence!K35>0,U35*W35,0) | Y35: =COUNTIF(Data!$X$2:$X$2441,"<="&Data!X35)/($B$3+1) | Z35: =_xlfn.PERCENTILE.INC(Data!$U$2:$U$2441,Y35) | AA35: =_xlfn.PERCENTILE.INC(Data!$V$2:$V$2441,Y35) | AB35: =Data!X35-AA35 | AC35: =Z35+AB35 | AD35: =COUNTIF(Data!$Y$2:$Y$2441,"<="&Data!Y35)/($B$3+1) | AE35: =_xlfn.PERCENTILE.INC(Data!$U$2:$U$2441,AD35) | AF35: =_xlfn.PERCENTILE.INC(Data!$V$2:$V$2441,AD35) | AG35: =Data!Y35-AF35 | AH35: =AE35+AG35
N36: =Data!A36 | O36: =IF(Occurrence!J36>0,COUNTIFS(Occurrence!$J$2:$J$2441,">0",Occurrence!$J$2:$J$2441,"<="&Occurrence!J36)/($B$8+1),0) | P36: =IF(Occurrence!J36>0,_xlfn.PERCENTILE.INC(Data!$O$2:$O$2441,($B$4+O36*($B$5-1))/($B$3-1)),0) | Q36: =IF(Occurrence!J36>0,_xlfn.PERCENTILE.INC(Occurrence!$I$2:$I$2441,($B$6+O36*($B$7-1))/($B$3-1)),0) | R36: =IF(Occurrence!J36>0,Occurrence!J36/Q36,0) | S36: =IF(Occurrence!J36>0,P36*R36,0) | T36: =IF(Occurrence!K36>0,COUNTIFS(Occurrence!$K$2:$K$2441,">0",Occurrence!$K$2:$K$2441,"<="&Occurrence!K36)/($B$9+1),0) | U36: =IF(Occurrence!K36>0,_xlfn.PERCENTILE.INC(Data!$O$2:$O$2441,($B$4+T36*($B$5-1))/($B$3-1)),0) | V36: =IF(Occurrence!K36>0,_xlfn.PERCENTILE.INC(Occurrence!$I$2:$I$2441,($B$6+T36*($B$7-1))/($B$3-1)),0) | W36: =IF(Occurrence!K36>0,Occurrence!K36/V36,0) | X36: =IF(Occurrence!K36>0,U36*W36,0) | Y36: =COUNTIF(Data!$X$2:$X$2441,"<="&Data!X36)/($B$3+1) | Z36: =_xlfn.PERCENTILE.INC(Data!$U$2:$U$2441,Y36) | AA36: =_xlfn.PERCENTILE.INC(Data!$V$2:$V$2441,Y36) | AB36: =Data!X36-AA36 | AC36: =Z36+AB36 | AD36: =COUNTIF(Data!$Y$2:$Y$2441,"<="&Data!Y36)/($B$3+1) | AE36: =_xlfn.PERCENTILE.INC(Data!$U$2:$U$2441,AD36) | AF36: =_xlfn.PERCENTILE.INC(Data!$V$2:$V$2441,AD36) | AG36: =Data!Y36-AF36 | AH36: =AE36+AG36
N37: =Data!A37 | O37: =IF(Occurrence!J37>0,COUNTIFS(Occurrence!$J$2:$J$2441,">0",Occurrence!$J$2:$J$2441,"<="&Occurrence!J37)/($B$8+1),0) | P37: =IF(Occurrence!J37>0,_xlfn.PERCENTILE.INC(Data!$O$2:$O$2441,($B$4+O37*($B$5-1))/($B$3-1)),0) | Q37: =IF(Occurrence!J37>0,_xlfn.PERCENTILE.INC(Occurrence!$I$2:$I$2441,($B$6+O37*($B$7-1))/($B$3-1)),0) | R37: =IF(Occurrence!J37>0,Occurrence!J37/Q37,0) | S37: =IF(Occurrence!J37>0,P37*R37,0) | T37: =IF(Occurrence!K37>0,COUNTIFS(Occurrence!$K$2:$K$2441,">0",Occurrence!$K$2:$K$2441,"<="&Occurrence!K37)/($B$9+1),0) | U37: =IF(Occurrence!K37>0,_xlfn.PERCENTILE.INC(Data!$O$2:$O$2441,($B$4+T37*($B$5-1))/($B$3-1)),0) | V37: =IF(Occurrence!K37>0,_xlfn.PERCENTILE.INC(Occurrence!$I$2:$I$2441,($B$6+T37*($B$7-1))/($B$3-1)),0) | W37: =IF(Occurrence!K37>0,Occurrence!K37/V37,0) | X37: =IF(Occurrence!K37>0,U37*W37,0) | Y37: =COUNTIF(Data!$X$2:$X$2441,"<="&Data!X37)/($B$3+1) | Z37: =_xlfn.PERCENTILE.INC(Data!$U$2:$U$2441,Y37) | AA37: =_xlfn.PERCENTILE.INC(Data!$V$2:$V$2441,Y37) | AB37: =Data!X37-AA37 | AC37: =Z37+AB37 | AD37: =COUNTIF(Data!$Y$2:$Y$2441,"<="&Data!Y37)/($B$3+1) | AE37: =_xlfn.PERCENTILE.INC(Data!$U$2:$U$2441,AD37) | AF37: =_xlfn.PERCENTILE.INC(Data!$V$2:$V$2441,AD37) | AG37: =Data!Y37-AF37 | AH37: =AE37+AG37
N38: =Data!A38 | O38: =IF(Occurrence!J38>0,COUNTIFS(Occurrence!$J$2:$J$2441,">0",Occurrence!$J$2:$J$2441,"<="&Occurrence!J38)/($B$8+1),0) | P38: =IF(Occurrence!J38>0,_xlfn.PERCENTILE.INC(Data!$O$2:$O$2441,($B$4+O38*($B$5-1))/($B$3-1)),0) | Q38: =IF(Occurrence!J38>0,_xlfn.PERCENTILE.INC(Occurrence!$I$2:$I$2441,($B$6+O38*($B$7-1))/($B$3-1)),0) | R38: =IF(Occurrence!J38>0,Occurrence!J38/Q38,0) | S38: =IF(Occurrence!J38>0,P38*R38,0) | T38: =IF(Occurrence!K38>0,COUNTIFS(Occurrence!$K$2:$K$2441,">0",Occurrence!$K$2:$K$2441,"<="&Occurrence!K38)/($B$9+1),0) | U38: =IF(Occurrence!K38>0,_xlfn.PERCENTILE.INC(Data!$O$2:$O$2441,($B$4+T38*($B$5-1))/($B$3-1)),0) | V38: =IF(Occurrence!K38>0,_xlfn.PERCENTILE.INC(Occurrence!$I$2:$I$2441,($B$6+T38*($B$7-1))/($B$3-1)),0) | W38: =IF(Occurrence!K38>0,Occurrence!K38/V38,0) | X38: =IF(Occurrence!K38>0,U38*W38,0) | Y38: =COUNTIF(Data!$X$2:$X$2441,"<="&Data!X38)/($B$3+1) | Z38: =_xlfn.PERCENTILE.INC(Data!$U$2:$U$2441,Y38) | AA38: =_xlfn.PERCENTILE.INC(Data!$V$2:$V$2441,Y38) | AB38: =Data!X38-AA38 | AC38: =Z38+AB38 | AD38: =COUNTIF(Data!$Y$2:$Y$2441,"<="&Data!Y38)/($B$3+1) | AE38: =_xlfn.PERCENTILE.INC(Data!$U$2:$U$2441,AD38) | AF38: =_xlfn.PERCENTILE.INC(Data!$V$2:$V$2441,AD38) | AG38: =Data!Y38-AF38 | AH38: =AE38+AG38
N39: =Data!A39 | O39: =IF(Occurrence!J39>0,COUNTIFS(Occurrence!$J$2:$J$2441,">0",Occurrence!$J$2:$J$2441,"<="&Occurrence!J39)/($B$8+1),0) | P39: =IF(Occurrence!J39>0,_xlfn.PERCENTILE.INC(Data!$O$2:$O$2441,($B$4+O39*($B$5-1))/($B$3-1)),0) | Q39: =IF(Occurrence!J39>0,_xlfn.PERCENTILE.INC(Occurrence!$I$2:$I$2441,($B$6+O39*($B$7-1))/($B$3-1)),0) | R39: =IF(Occurrence!J39>0,Occurrence!J39/Q39,0) | S39: =IF(Occurrence!J39>0,P39*R39,0) | T39: =IF(Occurrence!K39>0,COUNTIFS(Occurrence!$K$2:$K$2441,">0",Occurrence!$K$2:$K$2441,"<="&Occurrence!K39)/($B$9+1),0) | U39: =IF(Occurrence!K39>0,_xlfn.PERCENTILE.INC(Data!$O$2:$O$2441,($B$4+T39*($B$5-1))/($B$3-1)),0) | V39: =IF(Occurrence!K39>0,_xlfn.PERCENTILE.INC(Occurrence!$I$2:$I$2441,($B$6+T39*($B$7-1))/($B$3-1)),0) | W39: =IF(Occurrence!K39>0,Occurrence!K39/V39,0) | X39: =IF(Occurrence!K39>0,U39*W39,0) | Y39: =COUNTIF(Data!$X$2:$X$2441,"<="&Data!X39)/($B$3+1) | Z39: =_xlfn.PERCENTILE.INC(Data!$U$2:$U$2441,Y39) | AA39: =_xlfn.PERCENTILE.INC(Data!$V$2:$V$2441,Y39) | AB39: =Data!X39-AA39 | AC39: =Z39+AB39 | AD39: =COUNTIF(Data!$Y$2:$Y$2441,"<="&Data!Y39)/($B$3+1) | AE39: =_xlfn.PERCENTILE.INC(Data!$U$2:$U$2441,AD39) | AF39: =_xlfn.PERCENTILE.INC(Data!$V$2:$V$2441,AD39) | AG39: =Data!Y39-AF39 | AH39: =AE39+AG39
N40: =Data!A40 | O40: =IF(Occurrence!J40>0,COUNTIFS(Occurrence!$J$2:$J$2441,">0",Occurrence!$J$2:$J$2441,"<="&Occurrence!J40)/($B$8+1),0) | P40: =IF(Occurrence!J40>0,_xlfn.PERCENTILE.INC(Data!$O$2:$O$2441,($B$4+O40*($B$5-1))/($B$3-1)),0) | Q40: =IF(Occurrence!J40>0,_xlfn.PERCENTILE.INC(Occurrence!$I$2:$I$2441,($B$6+O40*($B$7-1))/($B$3-1)),0) | R40: =IF(Occurrence!J40>0,Occurrence!J40/Q40,0) | S40: =IF(Occurrence!J40>0,P40*R40,0) | T40: =IF(Occurrence!K40>0,COUNTIFS(Occurrence!$K$2:$K$2441,">0",Occurrence!$K$2:$K$2441,"<="&Occurrence!K40)/($B$9+1),0) | U40: =IF(Occurrence!K40>0,_xlfn.PERCENTILE.INC(Data!$O$2:$O$2441,($B$4+T40*($B$5-1))/($B$3-1)),0) | V40: =IF(Occurrence!K40>0,_xlfn.PERCENTILE.INC(Occurrence!$I$2:$I$2441,($B$6+T40*($B$7-1))/($B$3-1)),0) | W40: =IF(Occurrence!K40>0,Occurrence!K40/V40,0) | X40: =IF(Occurrence!K40>0,U40*W40,0) | Y40: =COUNTIF(Data!$X$2:$X$2441,"<="&Data!X40)/($B$3+1) | Z40: =_xlfn.PERCENTILE.INC(Data!$U$2:$U$2441,Y40) | AA40: =_xlfn.PERCENTILE.INC(Data!$V$2:$V$2441,Y40) | AB40: =Data!X40-AA40 | AC40: =Z40+AB40 | AD40: =COUNTIF(Data!$Y$2:$Y$2441,"<="&Data!Y40)/($B$3+1) | AE40: =_xlfn.PERCENTILE.INC(Data!$U$2:$U$2441,AD40) | AF40: =_xlfn.PERCENTILE.INC(Data!$V$2:$V$2441,AD40) | AG40: =Data!Y40-AF40 | AH40: =AE40+AG40
... N2441: =Data!A2441 | O2441: =IF(Occurrence!J2441>0,COUNTIFS(Occurrence!$J$2:$J$2441,">0",Occurrence!$J$2:$J$2441,"<="&Occurrence!J2441)/($B$8+1),0) | P2441: =IF(Occurrence!J2441>0,_xlfn.PERCENTILE.INC(Data!$O$2:$O$2441,($B$4+O2441*($B$5-1))/($B$3-1)),0) | Q2441: =IF(Occurrence!J2441>0,_xlfn.PERCENTILE.INC(Occurrence!$I$2:$I$2441,($B$6+O2441*($B$7-1))/($B$3-1)),0) | R2441: =IF(Occurrence!J2441>0,Occurrence!J2441/Q2441,0) | S2441: =IF(Occurrence!J2441>0,P2441*R2441,0) | T2441: =IF(Occurrence!K2441>0,COUNTIFS(Occurrence!$K$2:$K$2441,">0",Occurrence!$K$2:$K$2441,"<="&Occurrence!K2441)/($B$9+1),0) | U2441: =IF(Occurrence!K2441>0,_xlfn.PERCENTILE.INC(Data!$O$2:$O$2441,($B$4+T2441*($B$5-1))/($B$3-1)),0) | V2441: =IF(Occurrence!K2441>0,_xlfn.PERCENTILE.INC(Occurrence!$I$2:$I$2441,($B$6+T2441*($B$7-1))/($B$3-1)),0) | W2441: =IF(Occurrence!K2441>0,Occurrence!K2441/V2441,0) | X2441: =IF(Occurrence!K2441>0,U2441*W2441,0) | Y2441: =COUNTIF(Data!$X$2:$X$2441,"<="&Data!X2441)/($B$3+1) | Z2441: =_xlfn.PERCENTILE.INC(Data!$U$2:$U$2441,Y2441) | AA2441: =_xlfn.PERCENTILE.INC(Data!$V$2:$V$2441,Y2441) | AB2441: =Data!X2441-AA2441 | AC2441: =Z2441+AB2441 | AD2441: =COUNTIF(Data!$Y$2:$Y$2441,"<="&Data!Y2441)/($B$3+1) | AE2441: =_xlfn.PERCENTILE.INC(Data!$U$2:$U$2441,AD2441) | AF2441: =_xlfn.PERCENTILE.INC(Data!$V$2:$V$2441,AD2441) | AG2441: =Data!Y2441-AF2441 | AH2441: =AE2441+AG2441

Sheet Evaluation
A1: Evaluation of raw and corrected series on held-out data
A2: Validation = 20 held-out seasons of the historical climate (observations known). Future = model future compared with the synthetic truth. Smaller |bias|, KS and quantile RMSE are better. Wet-day fraction and wet-day P95 are for rain; SD and P95 for temperature.
A4: Rain, validation (held-out historical seasons)
A5: Series | B5: Mean | C5: Mean bias vs reference | D5: Wet-day fraction | E5: Wet-day P95 | F5: P95 bias vs reference | G5: KS distance | H5: Quantile RMSE
A6: Observed (val) | B6: =AVERAGE(Data!$Q$2:$Q$2441) | C6: =B6-$B$6 | D6: =COUNTIF(Data!$Q$2:$Q$2441,">0")/COUNT(Data!$Q$2:$Q$2441) | E6: =_xlfn.PERCENTILE.INC(Data!$Q$2:$Q$2441,(COUNTIF(Data!$Q$2:$Q$2441,0)+0.95*(COUNT(Data!$Q$2:$Q$2441)-COUNTIF(Data!$Q$2:$Q$2441,0)-1))/(COUNT(Data!$Q$2:$Q$2441)-1)) | F6: =E6-$E$6
A7: Raw model | B7: =AVERAGE(Data!$R$2:$R$2441) | C7: =B7-$B$6 | D7: =COUNTIF(Data!$R$2:$R$2441,">0")/COUNT(Data!$R$2:$R$2441) | E7: =_xlfn.PERCENTILE.INC(Data!$R$2:$R$2441,(COUNTIF(Data!$R$2:$R$2441,0)+0.95*(COUNT(Data!$R$2:$R$2441)-COUNTIF(Data!$R$2:$R$2441,0)-1))/(COUNT(Data!$R$2:$R$2441)-1)) | F7: =E7-$E$6 | G7: =Eval_calc!C26 | H7: =Eval_calc!C49
A8: Occurrence adj. only | B8: =AVERAGE(Occurrence!$J$2:$J$2441) | C8: =B8-$B$6 | D8: =COUNTIF(Occurrence!$J$2:$J$2441,">0")/COUNT(Occurrence!$J$2:$J$2441) | E8: =_xlfn.PERCENTILE.INC(Occurrence!$J$2:$J$2441,(COUNTIF(Occurrence!$J$2:$J$2441,0)+0.95*(COUNT(Occurrence!$J$2:$J$2441)-COUNTIF(Occurrence!$J$2:$J$2441,0)-1))/(COUNT(Occurrence!$J$2:$J$2441)-1)) | F8: =E8-$E$6 | G8: =Eval_calc!D26 | H8: =Eval_calc!D49
A9: Delta (mean) | B9: =AVERAGE(Delta!$I$2:$I$2441) | C9: =B9-$B$6 | D9: =COUNTIF(Delta!$I$2:$I$2441,">0")/COUNT(Delta!$I$2:$I$2441) | E9: =_xlfn.PERCENTILE.INC(Delta!$I$2:$I$2441,(COUNTIF(Delta!$I$2:$I$2441,0)+0.95*(COUNT(Delta!$I$2:$I$2441)-COUNTIF(Delta!$I$2:$I$2441,0)-1))/(COUNT(Delta!$I$2:$I$2441)-1)) | F9: =E9-$E$6 | G9: =Eval_calc!E26 | H9: =Eval_calc!E49
A10: Delta (mean+spread) | B10: =AVERAGE(Delta!$J$2:$J$2441) | C10: =B10-$B$6 | D10: =COUNTIF(Delta!$J$2:$J$2441,">0")/COUNT(Delta!$J$2:$J$2441) | E10: =_xlfn.PERCENTILE.INC(Delta!$J$2:$J$2441,(COUNTIF(Delta!$J$2:$J$2441,0)+0.95*(COUNT(Delta!$J$2:$J$2441)-COUNTIF(Delta!$J$2:$J$2441,0)-1))/(COUNT(Delta!$J$2:$J$2441)-1)) | F10: =E10-$E$6 | G10: =Eval_calc!F26 | H10: =Eval_calc!F49
A11: QM gamma | B11: =AVERAGE(QM_gamma!$J$2:$J$2441) | C11: =B11-$B$6 | D11: =COUNTIF(QM_gamma!$J$2:$J$2441,">0")/COUNT(QM_gamma!$J$2:$J$2441) | E11: =_xlfn.PERCENTILE.INC(QM_gamma!$J$2:$J$2441,(COUNTIF(QM_gamma!$J$2:$J$2441,0)+0.95*(COUNT(QM_gamma!$J$2:$J$2441)-COUNTIF(QM_gamma!$J$2:$J$2441,0)-1))/(COUNT(QM_gamma!$J$2:$J$2441)-1)) | F11: =E11-$E$6 | G11: =Eval_calc!G26 | H11: =Eval_calc!G49
A12: QM empirical | B12: =AVERAGE(QM_empirical!$M$2:$M$2441) | C12: =B12-$B$6 | D12: =COUNTIF(QM_empirical!$M$2:$M$2441,">0")/COUNT(QM_empirical!$M$2:$M$2441) | E12: =_xlfn.PERCENTILE.INC(QM_empirical!$M$2:$M$2441,(COUNTIF(QM_empirical!$M$2:$M$2441,0)+0.95*(COUNT(QM_empirical!$M$2:$M$2441)-COUNTIF(QM_empirical!$M$2:$M$2441,0)-1))/(COUNT(QM_empirical!$M$2:$M$2441)-1)) | F12: =E12-$E$6 | G12: =Eval_calc!H26 | H12: =Eval_calc!H49
A13: QDM | B13: =AVERAGE(QDM!$S$2:$S$2441) | C13: =B13-$B$6 | D13: =COUNTIF(QDM!$S$2:$S$2441,">0")/COUNT(QDM!$S$2:$S$2441) | E13: =_xlfn.PERCENTILE.INC(QDM!$S$2:$S$2441,(COUNTIF(QDM!$S$2:$S$2441,0)+0.95*(COUNT(QDM!$S$2:$S$2441)-COUNTIF(QDM!$S$2:$S$2441,0)-1))/(COUNT(QDM!$S$2:$S$2441)-1)) | F13: =E13-$E$6 | G13: =Eval_calc!I26 | H13: =Eval_calc!I49
A20: Rain, future versus synthetic truth
A21: Series | B21: Mean | C21: Mean bias vs reference | D21: Wet-day fraction | E21: Wet-day P95 | F21: P95 bias vs reference | G21: KS distance | H21: Quantile RMSE
A22: Truth (fut) | B22: =AVERAGE(Data!$T$2:$T$2441) | C22: =B22-$B$22 | D22: =COUNTIF(Data!$T$2:$T$2441,">0")/COUNT(Data!$T$2:$T$2441) | E22: =_xlfn.PERCENTILE.INC(Data!$T$2:$T$2441,(COUNTIF(Data!$T$2:$T$2441,0)+0.95*(COUNT(Data!$T$2:$T$2441)-COUNTIF(Data!$T$2:$T$2441,0)-1))/(COUNT(Data!$T$2:$T$2441)-1)) | F22: =E22-$E$22
A23: Raw model | B23: =AVERAGE(Data!$S$2:$S$2441) | C23: =B23-$B$22 | D23: =COUNTIF(Data!$S$2:$S$2441,">0")/COUNT(Data!$S$2:$S$2441) | E23: =_xlfn.PERCENTILE.INC(Data!$S$2:$S$2441,(COUNTIF(Data!$S$2:$S$2441,0)+0.95*(COUNT(Data!$S$2:$S$2441)-COUNTIF(Data!$S$2:$S$2441,0)-1))/(COUNT(Data!$S$2:$S$2441)-1)) | F23: =E23-$E$22 | G23: =Eval_calc!C74 | H23: =Eval_calc!C97
A24: Occurrence adj. only | B24: =AVERAGE(Occurrence!$K$2:$K$2441) | C24: =B24-$B$22 | D24: =COUNTIF(Occurrence!$K$2:$K$2441,">0")/COUNT(Occurrence!$K$2:$K$2441) | E24: =_xlfn.PERCENTILE.INC(Occurrence!$K$2:$K$2441,(COUNTIF(Occurrence!$K$2:$K$2441,0)+0.95*(COUNT(Occurrence!$K$2:$K$2441)-COUNTIF(Occurrence!$K$2:$K$2441,0)-1))/(COUNT(Occurrence!$K$2:$K$2441)-1)) | F24: =E24-$E$22 | G24: =Eval_calc!D74 | H24: =Eval_calc!D97
A25: Delta (mean) | B25: =AVERAGE(Delta!$K$2:$K$2441) | C25: =B25-$B$22 | D25: =COUNTIF(Delta!$K$2:$K$2441,">0")/COUNT(Delta!$K$2:$K$2441) | E25: =_xlfn.PERCENTILE.INC(Delta!$K$2:$K$2441,(COUNTIF(Delta!$K$2:$K$2441,0)+0.95*(COUNT(Delta!$K$2:$K$2441)-COUNTIF(Delta!$K$2:$K$2441,0)-1))/(COUNT(Delta!$K$2:$K$2441)-1)) | F25: =E25-$E$22 | G25: =Eval_calc!E74 | H25: =Eval_calc!E97
A26: Delta (mean+spread) | B26: =AVERAGE(Delta!$L$2:$L$2441) | C26: =B26-$B$22 | D26: =COUNTIF(Delta!$L$2:$L$2441,">0")/COUNT(Delta!$L$2:$L$2441) | E26: =_xlfn.PERCENTILE.INC(Delta!$L$2:$L$2441,(COUNTIF(Delta!$L$2:$L$2441,0)+0.95*(COUNT(Delta!$L$2:$L$2441)-COUNTIF(Delta!$L$2:$L$2441,0)-1))/(COUNT(Delta!$L$2:$L$2441)-1)) | F26: =E26-$E$22 | G26: =Eval_calc!F74 | H26: =Eval_calc!F97
